lead,time_ms,score_group,median_normalized_amplitude,q25_normalized_amplitude,q75_normalized_amplitude,n_waveforms
I,-500.0,Lower quintile,0.16027146996341524,0.09462738478817673,0.29107792769811,323
I,-497.5,Lower quintile,0.15898842006693437,0.0960551126130698,0.2807613513013344,323
I,-495.0,Lower quintile,0.156848303801242,0.09557392890163571,0.28495168902007206,323
I,-492.5,Lower quintile,0.15842980868795425,0.09059957239689906,0.2942169130647889,323
I,-490.0,Lower quintile,0.16097950896387972,0.0857363895034631,0.2931949189132509,323
I,-487.5,Lower quintile,0.15968065093840916,0.08582801678367681,0.2894909108081344,323
I,-485.0,Lower quintile,0.16009958611738992,0.08722142129390842,0.2966683568069949,323
I,-482.5,Lower quintile,0.16602107483623713,0.09009979109962146,0.2946912616398319,323
I,-480.0,Lower quintile,0.16268434368000045,0.08813305207086891,0.29400770770415147,323
I,-477.5,Lower quintile,0.16303550933793345,0.0866428974633874,0.2879916196951602,323
I,-475.0,Lower quintile,0.15950819526937526,0.08924108074067713,0.2904145350094599,323
I,-472.5,Lower quintile,0.16031376247579165,0.08782201175871165,0.2960138370567197,323
I,-470.0,Lower quintile,0.16002861684546063,0.0886518379428855,0.29668478353364924,323
I,-467.5,Lower quintile,0.1571246526967985,0.08982349536886022,0.2870304115130372,323
I,-465.0,Lower quintile,0.15902749804884636,0.0887626176112098,0.287131203717677,323
I,-462.5,Lower quintile,0.15829060674312748,0.08982007493926125,0.2943626001378782,323
I,-460.0,Lower quintile,0.1577552334862984,0.08538909537156375,0.27935084873663946,323
I,-457.5,Lower quintile,0.15575536003925433,0.08690840365972463,0.2878699199409587,323
I,-455.0,Lower quintile,0.1538398010024338,0.0854298640695427,0.28499756357004136,323
I,-452.5,Lower quintile,0.15267659422189142,0.08303394829353256,0.2802164088668677,323
I,-450.0,Lower quintile,0.15537612160547323,0.08369138794173024,0.286272360434893,323
I,-447.5,Lower quintile,0.15298468853936328,0.08433815139019653,0.2798875673639364,323
I,-445.0,Lower quintile,0.15358456358456357,0.0848628874818116,0.28454055145993784,323
I,-442.5,Lower quintile,0.15087797849727158,0.08483923906368263,0.28708749278569323,323
I,-440.0,Lower quintile,0.15069336171242498,0.0862837528185089,0.2882984459663392,323
I,-437.5,Lower quintile,0.15098796385344257,0.08679849291512229,0.2807388705957188,323
I,-435.0,Lower quintile,0.15098809062432744,0.08685628194873213,0.28953151437187263,323
I,-432.5,Lower quintile,0.15147198900831874,0.08577526714868977,0.28489576068206157,323
I,-430.0,Lower quintile,0.1448415472735314,0.08440416947329356,0.28384105716734576,323
I,-427.5,Lower quintile,0.14640074101400505,0.08123030214343482,0.28746019705978854,323
I,-425.0,Lower quintile,0.14806894694198589,0.08112577341461188,0.28958582915277475,323
I,-422.5,Lower quintile,0.14438188722308842,0.07889259803283963,0.29223984289447325,323
I,-420.0,Lower quintile,0.14675060484044963,0.07979544497134357,0.2812787597678119,323
I,-417.5,Lower quintile,0.14507899994734658,0.08050166697044435,0.2857859058903652,323
I,-415.0,Lower quintile,0.14436489216358608,0.07749076283851677,0.2866509352700032,323
I,-412.5,Lower quintile,0.1455206136794002,0.07897479566822108,0.2838410099897919,323
I,-410.0,Lower quintile,0.1465285241524238,0.07774068668130449,0.28205926789547986,323
I,-407.5,Lower quintile,0.1460760229885614,0.07969493629436429,0.27748969556488623,323
I,-405.0,Lower quintile,0.14382431922491715,0.07966048884040494,0.276705783580396,323
I,-402.5,Lower quintile,0.14359153765912663,0.079322630815613,0.2748704328039947,323
I,-400.0,Lower quintile,0.14323352589864832,0.0803656938591385,0.28095737547277155,323
I,-397.5,Lower quintile,0.14145059166012253,0.07996659669785963,0.27611506994447277,323
I,-395.0,Lower quintile,0.1404900898637455,0.07756685033106434,0.27106902270507555,323
I,-392.5,Lower quintile,0.14055605777326996,0.0782053472236452,0.26902715889922757,323
I,-390.0,Lower quintile,0.1404530371928455,0.0777116584257356,0.27238686158570724,323
I,-387.5,Lower quintile,0.1432069868865887,0.07533116480281599,0.2608573542443635,323
I,-385.0,Lower quintile,0.14076022761637058,0.07383379808699739,0.2557972674190718,323
I,-382.5,Lower quintile,0.13629331901220118,0.07551365819991104,0.2544007302894614,323
I,-380.0,Lower quintile,0.13716068034372442,0.075147413532473,0.2581068987371185,323
I,-377.5,Lower quintile,0.13916435788392126,0.07621563758918955,0.2590165863247454,323
I,-375.0,Lower quintile,0.1355701735651332,0.07391560978553614,0.26831910537451475,323
I,-372.5,Lower quintile,0.13895500365930757,0.0752192779164473,0.2706622411233265,323
I,-370.0,Lower quintile,0.13813204700984905,0.07503676282412994,0.26697210576760816,323
I,-367.5,Lower quintile,0.13745575423330042,0.0748356268540661,0.26996821336659904,323
I,-365.0,Lower quintile,0.13816635114939005,0.07630229621329979,0.27365338635290914,323
I,-362.5,Lower quintile,0.1363366336687151,0.0759541818767297,0.26854965147014864,323
I,-360.0,Lower quintile,0.13670785078298808,0.07498534566278661,0.25803914827847063,323
I,-357.5,Lower quintile,0.14028171673935708,0.07764812890876419,0.2541187423805216,323
I,-355.0,Lower quintile,0.13803184461190918,0.07820668323616967,0.2515834096829091,323
I,-352.5,Lower quintile,0.13701641947869922,0.0759333159263203,0.25355707012174306,323
I,-350.0,Lower quintile,0.1379415479426024,0.0758103496365174,0.25759327144763794,323
I,-347.5,Lower quintile,0.13816039746978376,0.07738523589447419,0.26017197158199346,323
I,-345.0,Lower quintile,0.14168522006623363,0.07547743649519781,0.2551312118513799,323
I,-342.5,Lower quintile,0.14082891765839728,0.07617249391545784,0.2558780583025226,323
I,-340.0,Lower quintile,0.1386841875709543,0.0781482617747729,0.2521401646786704,323
I,-337.5,Lower quintile,0.14011680400894977,0.07523880544609711,0.24578649929519417,323
I,-335.0,Lower quintile,0.1379918290725863,0.07643567259294065,0.24826348032073647,323
I,-332.5,Lower quintile,0.13940153796211793,0.07857728305173267,0.2419265144222688,323
I,-330.0,Lower quintile,0.13753899267411368,0.07849551776113126,0.2378730660791628,323
I,-327.5,Lower quintile,0.13521138850660852,0.07828800839525676,0.23985919977992942,323
I,-325.0,Lower quintile,0.13972816404757873,0.07890368770050007,0.2452497355113854,323
I,-322.5,Lower quintile,0.1419451546979662,0.07836535412652752,0.2561535348610318,323
I,-320.0,Lower quintile,0.14006875342582345,0.07847974694972329,0.25701808450246805,323
I,-317.5,Lower quintile,0.1375135380171964,0.08100032617738037,0.25677966103869165,323
I,-315.0,Lower quintile,0.13474744341861686,0.08152711010061972,0.25636811320255737,323
I,-312.5,Lower quintile,0.13787935490376851,0.08194994824650786,0.2539851060967431,323
I,-310.0,Lower quintile,0.13969886860479278,0.083692339744313,0.24973814465811836,323
I,-307.5,Lower quintile,0.13972816404757873,0.08235418697470853,0.2555716048345632,323
I,-305.0,Lower quintile,0.13650202547627055,0.08376399882394979,0.25304878895454797,323
I,-302.5,Lower quintile,0.13754831930437753,0.08279320760497508,0.2522243347496803,323
I,-300.0,Lower quintile,0.13720747250550935,0.08308678897628011,0.25425074652406576,323
I,-297.5,Lower quintile,0.1373386338535821,0.08102150649658825,0.2473122518845482,323
I,-295.0,Lower quintile,0.1393099345575549,0.07962788814700487,0.2483497543236706,323
I,-292.5,Lower quintile,0.13942147544840608,0.07999093864417317,0.24849128026766867,323
I,-290.0,Lower quintile,0.1404530371928455,0.07957016055639063,0.25468875418965364,323
I,-287.5,Lower quintile,0.13948241434321393,0.07958391770415857,0.25340979286518617,323
I,-285.0,Lower quintile,0.13800847815096834,0.08090546969515738,0.2525131008454281,323
I,-282.5,Lower quintile,0.1404530371928455,0.08001589662367503,0.25314951587774276,323
I,-280.0,Lower quintile,0.1392837722272975,0.07847119649342055,0.2492982917459448,323
I,-277.5,Lower quintile,0.13795113967598704,0.08171902136315926,0.24861836465808224,323
I,-275.0,Lower quintile,0.13827186815801468,0.08346446692641632,0.25145871047063395,323
I,-272.5,Lower quintile,0.14117104578936815,0.08268862561312848,0.2493387857073432,323
I,-270.0,Lower quintile,0.13957918579272738,0.08330424009221754,0.25538646467688164,323
I,-267.5,Lower quintile,0.14020123844421836,0.08316127845378857,0.2582777355117216,323
I,-265.0,Lower quintile,0.1401055504203328,0.08210392656421057,0.26418399379538926,323
I,-262.5,Lower quintile,0.14120136647894924,0.08351012126570698,0.2637758615159145,323
I,-260.0,Lower quintile,0.1404530371928455,0.0836627732258999,0.2669685659851362,323
I,-257.5,Lower quintile,0.14182524063362414,0.08066593615135617,0.25853527533094334,323
I,-255.0,Lower quintile,0.1406291958899882,0.07653857783386026,0.26349565906404104,323
I,-252.5,Lower quintile,0.13803184461190918,0.07674925476236161,0.26436583942368586,323
I,-250.0,Lower quintile,0.13768782459571,0.07651537553322463,0.2671500014835332,323
I,-247.5,Lower quintile,0.13814242888940784,0.07715550183472085,0.26436798453667176,323
I,-245.0,Lower quintile,0.13749033539587444,0.07724035020771011,0.2684010354572659,323
I,-242.5,Lower quintile,0.1387291911938614,0.0774283278717966,0.2679378673216605,323
I,-240.0,Lower quintile,0.14049291985304863,0.0764487037860255,0.26611460936100756,323
I,-237.5,Lower quintile,0.13613945915969344,0.07620192402903639,0.26618424676931374,323
I,-235.0,Lower quintile,0.13855076167320307,0.07721517485550075,0.2683843668591357,323
I,-232.5,Lower quintile,0.13905805461240767,0.07891386020930669,0.27010628734629943,323
I,-230.0,Lower quintile,0.14040273298747058,0.07803943804963812,0.2652758060755189,323
I,-227.5,Lower quintile,0.14037403184129368,0.08031397305247318,0.2629539657700707,323
I,-225.0,Lower quintile,0.14010159240779776,0.08226552561727021,0.2619083249236359,323
I,-222.5,Lower quintile,0.14127712374519302,0.08196429838353217,0.2635745022877526,323
I,-220.0,Lower quintile,0.14070135878781845,0.08197637241887729,0.2667325524847789,323
I,-217.5,Lower quintile,0.14295552027241812,0.08190415306643223,0.2703691624322173,323
I,-215.0,Lower quintile,0.1416349676339693,0.08288703896418267,0.27095005663479255,323
I,-212.5,Lower quintile,0.14516128179356752,0.08610397488821786,0.27206678292143577,323
I,-210.0,Lower quintile,0.14203840648779642,0.0863086681159739,0.2705644774019198,323
I,-207.5,Lower quintile,0.14530326745934014,0.08581818177417827,0.27261594000755274,323
I,-205.0,Lower quintile,0.142422193391685,0.08373857946185723,0.2780324236233478,323
I,-202.5,Lower quintile,0.1429281300253602,0.08727973197372846,0.27987343224543365,323
I,-200.0,Lower quintile,0.14917136477168644,0.09117358301859604,0.2799469039597284,323
I,-197.5,Lower quintile,0.14966024369398834,0.09414647440143478,0.2743438881026573,323
I,-195.0,Lower quintile,0.15350175051630985,0.09882413248249924,0.27148042770185576,323
I,-192.5,Lower quintile,0.15266634482544122,0.10050366899347159,0.2839194971114482,323
I,-190.0,Lower quintile,0.15266634482544122,0.09943439449137638,0.2847725460956909,323
I,-187.5,Lower quintile,0.15520948503838763,0.10097636397565113,0.2874264878755149,323
I,-185.0,Lower quintile,0.15918395016182693,0.10164605841124233,0.2860568081916114,323
I,-182.5,Lower quintile,0.1581591322189163,0.103576331724453,0.28475954810777965,323
I,-180.0,Lower quintile,0.15954191395829864,0.10248971027475418,0.28977843148688526,323
I,-177.5,Lower quintile,0.16446378163490086,0.10599937584740966,0.29450856760788735,323
I,-175.0,Lower quintile,0.16908311910889756,0.10914443168610637,0.30398199776951507,323
I,-172.5,Lower quintile,0.16995613282929614,0.1100957129462999,0.30759939385140883,323
I,-170.0,Lower quintile,0.17015618748654246,0.11134234941876928,0.30882922139684393,323
I,-167.5,Lower quintile,0.17465749316557522,0.11528953091811045,0.31080271994794006,323
I,-165.0,Lower quintile,0.17839306124967041,0.11720135207175073,0.30633043510796776,323
I,-162.5,Lower quintile,0.17974002093941882,0.11999736677613052,0.30401434157951024,323
I,-160.0,Lower quintile,0.1802891742341618,0.12230009467186059,0.3060693010196198,323
I,-157.5,Lower quintile,0.1805847988364723,0.12023379390519898,0.31029962653488086,323
I,-155.0,Lower quintile,0.18505905919871332,0.12211515812216306,0.31419731403167317,323
I,-152.5,Lower quintile,0.1861191742511735,0.12420990258607884,0.308297818537798,323
I,-150.0,Lower quintile,0.18688245635310713,0.12320441477349318,0.31662249837966827,323
I,-147.5,Lower quintile,0.19158980560025488,0.1227836404546089,0.3161326877187259,323
I,-145.0,Lower quintile,0.19270195946966892,0.12470427394015471,0.3137680089240679,323
I,-142.5,Lower quintile,0.19161153125167,0.12668619589588698,0.3159378938997323,323
I,-140.0,Lower quintile,0.19469646416246922,0.13014031823946898,0.3147494316531787,323
I,-137.5,Lower quintile,0.1918494489702784,0.13080853128633757,0.3090099580972412,323
I,-135.0,Lower quintile,0.1949340289860973,0.1300236570044822,0.3165041837350988,323
I,-132.5,Lower quintile,0.1942957679134745,0.12868145838834227,0.32355902141106513,323
I,-130.0,Lower quintile,0.18933357788651423,0.12599875906208652,0.31876809983680265,323
I,-127.5,Lower quintile,0.1847900871967311,0.1282423044650169,0.3181428987876028,323
I,-125.0,Lower quintile,0.1859198642846317,0.12285789680951982,0.3124291876908512,323
I,-122.5,Lower quintile,0.18373101250810167,0.12079699046549883,0.3021359268820144,323
I,-120.0,Lower quintile,0.18125603760324047,0.11668603987599421,0.3032763845278843,323
I,-117.5,Lower quintile,0.18841370518422446,0.11512835898644447,0.2994030834983611,323
I,-115.0,Lower quintile,0.1823350333770096,0.11123145062054851,0.2980784087474857,323
I,-112.5,Lower quintile,0.18218031096152168,0.10690896579213297,0.2936619438946919,323
I,-110.0,Lower quintile,0.1826017889359921,0.10254078451976997,0.2923198604510221,323
I,-107.5,Lower quintile,0.17940726186386002,0.09553515775132868,0.2882776361006725,323
I,-105.0,Lower quintile,0.16894500165906015,0.09383237584193457,0.2755612644411488,323
I,-102.5,Lower quintile,0.16389701009819457,0.08955010586980412,0.2666929698183501,323
I,-100.0,Lower quintile,0.15704908318181166,0.0849359429157526,0.2620002635870182,323
I,-97.5,Lower quintile,0.15014585763006638,0.08207428265580506,0.25996051393412023,323
I,-95.0,Lower quintile,0.14641264114470431,0.07703516698815827,0.26087445925965236,323
I,-92.5,Lower quintile,0.14303459912589428,0.07835627881259569,0.2526403908547667,323
I,-90.0,Lower quintile,0.13892887305312826,0.07555211842409698,0.2472976324173771,323
I,-87.5,Lower quintile,0.13825262857639609,0.07279437307183992,0.23860131675171475,323
I,-85.0,Lower quintile,0.1305074820982525,0.07144841911138508,0.23287287862385928,323
I,-82.5,Lower quintile,0.1304121135963324,0.06926481882833141,0.23572130107142442,323
I,-80.0,Lower quintile,0.1293799423064518,0.06784973721977691,0.2306203351659201,323
I,-77.5,Lower quintile,0.12254714239394332,0.063047348891283,0.23047566838071887,323
I,-75.0,Lower quintile,0.12317717254401785,0.06328293536784413,0.22702958369764126,323
I,-72.5,Lower quintile,0.12133314889413842,0.062375942653573116,0.22830059725452365,323
I,-70.0,Lower quintile,0.11868612452515961,0.06168599378441757,0.2311575580858503,323
I,-67.5,Lower quintile,0.11875702199253557,0.06122865127593213,0.2258644668904658,323
I,-65.0,Lower quintile,0.11253310049467842,0.061472661429352954,0.22795279526700363,323
I,-62.5,Lower quintile,0.11338448167388222,0.05930297801931572,0.2241853613192234,323
I,-60.0,Lower quintile,0.11602847922093171,0.062035853911088915,0.22339153248265642,323
I,-57.5,Lower quintile,0.11692574231718053,0.062370432893316945,0.22450223158953653,323
I,-55.0,Lower quintile,0.11536350258266306,0.06040155054982613,0.21793103651795928,323
I,-52.5,Lower quintile,0.11437549251588781,0.060649785614143095,0.21973862154035378,323
I,-50.0,Lower quintile,0.11011098455700902,0.05959909887192569,0.22634064636506696,323
I,-47.5,Lower quintile,0.11463602392856632,0.059570388193758254,0.22754958029440292,323
I,-45.0,Lower quintile,0.11277074228945029,0.05863402059897914,0.2171709700009164,323
I,-42.5,Lower quintile,0.10788437444328364,0.05613086492171766,0.22248132845282093,323
I,-40.0,Lower quintile,0.10174329109975853,0.051190167653762775,0.22663029627769476,323
I,-37.5,Lower quintile,0.0950791089407701,0.04561129993418987,0.2239519001965068,323
I,-35.0,Lower quintile,0.09093478773201454,0.03432163135927048,0.20888992380640325,323
I,-32.5,Lower quintile,0.08336181463870405,0.027627736554970278,0.21247950209982713,323
I,-30.0,Lower quintile,0.08819820706581298,0.021421964751474024,0.21950857986542488,323
I,-27.5,Lower quintile,0.09553101059117795,0.027384969610094994,0.24948055505599054,323
I,-25.0,Lower quintile,0.11842447220260302,0.044455304426928466,0.2867876345489675,323
I,-22.5,Lower quintile,0.16498488369656986,0.08107734703870173,0.34845428039661813,323
I,-20.0,Lower quintile,0.23867047110466957,0.1340589463799412,0.4264414586923698,323
I,-17.5,Lower quintile,0.328606161966506,0.21294850839497215,0.5241582077388796,323
I,-15.0,Lower quintile,0.4475137955780633,0.3040628504547446,0.6357381794877041,323
I,-12.5,Lower quintile,0.5808252761216794,0.42749084765535095,0.7227269264718883,323
I,-10.0,Lower quintile,0.6942503665646412,0.5434255537021259,0.8240670693044139,323
I,-7.5,Lower quintile,0.8066546438203929,0.6544240190359087,0.8942524567907506,323
I,-5.0,Lower quintile,0.901323743073841,0.763945118261296,0.9643321308441974,323
I,-2.5,Lower quintile,0.9697704063110386,0.8660903180556176,0.9999664927620834,323
I,0.0,Lower quintile,0.9699032988430005,0.8762656220426714,1.0,323
I,2.5,Lower quintile,0.9115538312345343,0.7892877241554103,0.9639725203074532,323
I,5.0,Lower quintile,0.7974492426332087,0.6375317168473414,0.8748729257920831,323
I,7.5,Lower quintile,0.654025180560456,0.5014152956205036,0.7512637108834348,323
I,10.0,Lower quintile,0.5026518453061151,0.38031618616038076,0.5999611562154284,323
I,12.5,Lower quintile,0.3666988746835836,0.25446756258168746,0.4856485494530519,323
I,15.0,Lower quintile,0.25685369130541114,0.16334049199057663,0.3875190103709684,323
I,17.5,Lower quintile,0.18587307183154184,0.10734885399403171,0.30744074639265495,323
I,20.0,Lower quintile,0.13991601431449588,0.061343524299246756,0.25801252514553974,323
I,22.5,Lower quintile,0.11668582990688264,0.03708679020455706,0.20986117586362513,323
I,25.0,Lower quintile,0.10861142565263676,0.04029251041066884,0.18438229254541427,323
I,27.5,Lower quintile,0.09891278976369078,0.043381861505943135,0.1814241961316933,323
I,30.0,Lower quintile,0.09627636020957513,0.049709621510199344,0.1670321399362072,323
I,32.5,Lower quintile,0.09656215561434789,0.05613292141925595,0.16851659734666363,323
I,35.0,Lower quintile,0.09901918063541919,0.0597551382468243,0.17714025536325748,323
I,37.5,Lower quintile,0.10379916832580777,0.06197258873950999,0.1729936117790598,323
I,40.0,Lower quintile,0.10148848193903791,0.0610265635372149,0.17185807995657532,323
I,42.5,Lower quintile,0.10484815682821398,0.06289843727133511,0.17282555114545767,323
I,45.0,Lower quintile,0.10585456404239385,0.06215184644205555,0.17428518535360982,323
I,47.5,Lower quintile,0.10496295793034317,0.06177709000983879,0.17165628260518917,323
I,50.0,Lower quintile,0.10466038895945037,0.058734097066366786,0.1758608723331142,323
I,52.5,Lower quintile,0.10235298512446268,0.05836881035497521,0.17450623509249505,323
I,55.0,Lower quintile,0.10726197032428686,0.05608291499795921,0.18163405004982824,323
I,57.5,Lower quintile,0.10815956739930462,0.05628385491950351,0.18506722936015657,323
I,60.0,Lower quintile,0.10648928318637303,0.06006616967561059,0.1889494756981836,323
I,62.5,Lower quintile,0.10839538895156997,0.0604613968628466,0.1994359694187221,323
I,65.0,Lower quintile,0.11010591873123422,0.06343031367948138,0.2093314901038112,323
I,67.5,Lower quintile,0.1135880179840402,0.0621769328405056,0.21354375958517285,323
I,70.0,Lower quintile,0.12017450739530407,0.05918195782741287,0.21657299080259507,323
I,72.5,Lower quintile,0.11918003414980938,0.06025837679598831,0.2213428591912449,323
I,75.0,Lower quintile,0.11559215798333594,0.06111722298849621,0.22537057932317556,323
I,77.5,Lower quintile,0.1191225207535342,0.062737926952764,0.23961378077801224,323
I,80.0,Lower quintile,0.1209595651868653,0.06233372392122938,0.22934167350527035,323
I,82.5,Lower quintile,0.122709857598211,0.06077715228634757,0.235010925668697,323
I,85.0,Lower quintile,0.12196748472371385,0.06335018662268996,0.23129522771484842,323
I,87.5,Lower quintile,0.12148178961835294,0.06469599547663599,0.243158548024818,323
I,90.0,Lower quintile,0.11757267469728318,0.0654945330427508,0.24076222099357752,323
I,92.5,Lower quintile,0.12184551040511754,0.06787165522399216,0.23138520778485056,323
I,95.0,Lower quintile,0.11817181236108101,0.06583829196409441,0.23525336626407395,323
I,97.5,Lower quintile,0.11895464737639819,0.06551351742410097,0.2405879867769482,323
I,100.0,Lower quintile,0.12158654602011933,0.06500367770766667,0.24426121438568732,323
I,102.5,Lower quintile,0.12585983029859033,0.06497434180009828,0.25418861630661155,323
I,105.0,Lower quintile,0.12996844629909593,0.06434995700126415,0.2520411628244474,323
I,107.5,Lower quintile,0.13351253923074216,0.06907478589140086,0.25151376723745317,323
I,110.0,Lower quintile,0.1346568252942932,0.067518177297466,0.2452950599735117,323
I,112.5,Lower quintile,0.13393891247970027,0.06917117981004245,0.2455166700788253,323
I,115.0,Lower quintile,0.13277508328014206,0.0669304894649238,0.24744766489344322,323
I,117.5,Lower quintile,0.13503437799268136,0.06945184852475848,0.24448252674259136,323
I,120.0,Lower quintile,0.1341987297409766,0.06950346278465105,0.2438043503549172,323
I,122.5,Lower quintile,0.13009433962558076,0.07074582053913717,0.24674659097216128,323
I,125.0,Lower quintile,0.13009833758877412,0.07256951584317475,0.2505108167358616,323
I,127.5,Lower quintile,0.1332493872963029,0.07035560250334658,0.25830538669870906,323
I,130.0,Lower quintile,0.1411322787446733,0.07275057105795499,0.25983275452883403,323
I,132.5,Lower quintile,0.1396759830731176,0.06938797396105009,0.2643593531437043,323
I,135.0,Lower quintile,0.13952251913617184,0.07370477615439222,0.2686358925860939,323
I,137.5,Lower quintile,0.13831143432393153,0.07477809737609115,0.25736995695078085,323
I,140.0,Lower quintile,0.13563921090822015,0.07523033644604143,0.2650750848898274,323
I,142.5,Lower quintile,0.14151992816570133,0.07771425779927085,0.26786514450416693,323
I,145.0,Lower quintile,0.1448563027445677,0.07827846421387384,0.27082563097166845,323
I,147.5,Lower quintile,0.14709132405500916,0.0767190131155682,0.2779702180634549,323
I,150.0,Lower quintile,0.14632555834870417,0.08076557016726116,0.27698440351825815,323
I,152.5,Lower quintile,0.14719706960139362,0.08316825558767876,0.27126706611142765,323
I,155.0,Lower quintile,0.14699764522157766,0.08490182715485646,0.26808736365369695,323
I,157.5,Lower quintile,0.1497631194753671,0.08488563922668202,0.2816371932519958,323
I,160.0,Lower quintile,0.1508976759312107,0.08759156989274358,0.2886072607537692,323
I,162.5,Lower quintile,0.15266305313815734,0.0881728380900399,0.27675735968335224,323
I,165.0,Lower quintile,0.15434599170402477,0.0905265399025596,0.2797245090106685,323
I,167.5,Lower quintile,0.15898203936742333,0.09300297173653205,0.2829918921538205,323
I,170.0,Lower quintile,0.15898077387285667,0.09427947430231226,0.2834581532634858,323
I,172.5,Lower quintile,0.1605194943015319,0.0931699641411014,0.27170745935707236,323
I,175.0,Lower quintile,0.15852704264324965,0.09301275762317118,0.2811147075016349,323
I,177.5,Lower quintile,0.16055080530992438,0.09828574001899612,0.29697977337969395,323
I,180.0,Lower quintile,0.1678240251397588,0.09702487612579379,0.29838585098670095,323
I,182.5,Lower quintile,0.16617654753458103,0.09818152264555241,0.3043891995122531,323
I,185.0,Lower quintile,0.16829196165311855,0.09914964775157581,0.3063930369921249,323
I,187.5,Lower quintile,0.17305619953852894,0.10266064606990186,0.30482337274122207,323
I,190.0,Lower quintile,0.17765413967368998,0.10666229850117948,0.3078822009569087,323
I,192.5,Lower quintile,0.18241454836903814,0.10927860955579935,0.310053927955545,323
I,195.0,Lower quintile,0.18784080436517153,0.10839563539108255,0.3181036000981807,323
I,197.5,Lower quintile,0.18900955049531715,0.1075590127162244,0.3144841647811347,323
I,200.0,Lower quintile,0.19213054488085732,0.11064123213493676,0.32698188415015755,323
I,202.5,Lower quintile,0.1967078006145008,0.11181104597181496,0.34233307223568976,323
I,205.0,Lower quintile,0.19892581477395194,0.11462990341495541,0.33727277932043154,323
I,207.5,Lower quintile,0.20232542752310353,0.11758431116214416,0.3344382136735782,323
I,210.0,Lower quintile,0.20525381669795703,0.12647448379740334,0.3449579719658585,323
I,212.5,Lower quintile,0.21716785278947576,0.12708154872148594,0.3563980023747271,323
I,215.0,Lower quintile,0.21589080044558356,0.12746175279445296,0.36308975648252306,323
I,217.5,Lower quintile,0.21773958934349513,0.13206963844098177,0.3621310491465354,323
I,220.0,Lower quintile,0.2208598382773819,0.13169323778784747,0.36409220480485405,323
I,222.5,Lower quintile,0.22682820223674652,0.13063875103835101,0.3676607054501575,323
I,225.0,Lower quintile,0.2316810917458449,0.1383851596095353,0.3694775752571527,323
I,227.5,Lower quintile,0.23789729499773296,0.1388499689378448,0.3714495565638561,323
I,230.0,Lower quintile,0.24319309935683472,0.1439839500872095,0.3792362837711081,323
I,232.5,Lower quintile,0.24913955825106843,0.14586698049968433,0.3875953678756392,323
I,235.0,Lower quintile,0.2558926061318429,0.15081398420652634,0.3918488868094854,323
I,237.5,Lower quintile,0.25605897825643875,0.15085993064371533,0.401618158640788,323
I,240.0,Lower quintile,0.26083404688499034,0.15491523544823158,0.39799941599691346,323
I,242.5,Lower quintile,0.26423438378783587,0.1617625811958301,0.3997328873957555,323
I,245.0,Lower quintile,0.2677774501940321,0.16507719758244366,0.39964777584134037,323
I,247.5,Lower quintile,0.27007684260672693,0.16579755976076754,0.40137291303706274,323
I,250.0,Lower quintile,0.27252677162582734,0.1680357721451491,0.4089418083559838,323
I,252.5,Lower quintile,0.27426752371141877,0.17189462559414254,0.4120471332647202,323
I,255.0,Lower quintile,0.2750007063091816,0.1778336418239596,0.41585718196329546,323
I,257.5,Lower quintile,0.28109007563264143,0.17533151324907584,0.4220139085974678,323
I,260.0,Lower quintile,0.28104865827745606,0.18108772953919366,0.41656110680861047,323
I,262.5,Lower quintile,0.2848566391481093,0.18498133129221878,0.4161279004388484,323
I,265.0,Lower quintile,0.2874689801108778,0.18936372117237643,0.4122551808912801,323
I,267.5,Lower quintile,0.2803267270089768,0.1908304257281983,0.4125630335670863,323
I,270.0,Lower quintile,0.27371259029045547,0.1939383176057592,0.4132071754047034,323
I,272.5,Lower quintile,0.2732354111090821,0.19050609823716366,0.413923227192158,323
I,275.0,Lower quintile,0.27460817482235883,0.1883763980573941,0.4152144522202016,323
I,277.5,Lower quintile,0.2723456452664284,0.18341845399998996,0.4140112186359505,323
I,280.0,Lower quintile,0.26582155458108103,0.1811723354581818,0.408414480852531,323
I,282.5,Lower quintile,0.2666825431087085,0.18165523069361872,0.40799336279274023,323
I,285.0,Lower quintile,0.26870994224113526,0.17986451247786583,0.40357347960456114,323
I,287.5,Lower quintile,0.2688901813838711,0.17180893282392176,0.39982862828185406,323
I,290.0,Lower quintile,0.2626769421157724,0.16922407604512846,0.3911652953841533,323
I,292.5,Lower quintile,0.2644416916289827,0.16837150348396734,0.3918889361557081,323
I,295.0,Lower quintile,0.26072395378109076,0.16552550580075126,0.391825830258796,323
I,297.5,Lower quintile,0.257256434280522,0.16484536071018283,0.3880767051360031,323
I,300.0,Lower quintile,0.25127372571093887,0.15608902026379734,0.3829907330055178,323
I,302.5,Lower quintile,0.24854155412259335,0.15393737625445614,0.3817736869221322,323
I,305.0,Lower quintile,0.2440380843165595,0.15214170140293654,0.3715168522680025,323
I,307.5,Lower quintile,0.2377007620446701,0.14436797537914944,0.3756201198236184,323
I,310.0,Lower quintile,0.2344460603928098,0.14324424206393344,0.37213535553224614,323
I,312.5,Lower quintile,0.23506011254688122,0.14186030471034267,0.3702029945867673,323
I,315.0,Lower quintile,0.22922904599571087,0.14319388360418495,0.36189589824765483,323
I,317.5,Lower quintile,0.21786554555431148,0.1400769154910801,0.3632092503535841,323
I,320.0,Lower quintile,0.22298401565684248,0.13444412169464715,0.3584609762834669,323
I,322.5,Lower quintile,0.21745113777677866,0.1283348099571618,0.35934304900465514,323
I,325.0,Lower quintile,0.21254366119824925,0.12642211895553546,0.3579140148350273,323
I,327.5,Lower quintile,0.20258821159957563,0.12794667396402193,0.35041496544601747,323
I,330.0,Lower quintile,0.1922669412767893,0.12132374146426221,0.3495629254825007,323
I,332.5,Lower quintile,0.19260456827184388,0.11476298435440606,0.3478974591561619,323
I,335.0,Lower quintile,0.18428285731668567,0.11257963839921294,0.3456872833147356,323
I,337.5,Lower quintile,0.18257522961236575,0.11345355235507228,0.3404959487710268,323
I,340.0,Lower quintile,0.1804037839548449,0.1101080236503355,0.33757112272319734,323
I,342.5,Lower quintile,0.17949025328976811,0.10869928975314969,0.32517442801516316,323
I,345.0,Lower quintile,0.17844186562479933,0.10660767513076821,0.3118820754432001,323
I,347.5,Lower quintile,0.1736799598243927,0.10378987289198892,0.3134083164374166,323
I,350.0,Lower quintile,0.1717180541923362,0.10229298572608793,0.313561061822077,323
I,352.5,Lower quintile,0.16597220618262307,0.09853927144945782,0.31011276729463666,323
I,355.0,Lower quintile,0.1655788088337593,0.09489809671904323,0.30648582606650954,323
I,357.5,Lower quintile,0.1636529567850505,0.09520781882131468,0.30720430088846307,323
I,360.0,Lower quintile,0.16109361286661256,0.09582671588623756,0.3023919223118881,323
I,362.5,Lower quintile,0.1566611823244433,0.09443529667443107,0.29137026583976927,323
I,365.0,Lower quintile,0.1534587802718943,0.09405467000507962,0.28023214347126,323
I,367.5,Lower quintile,0.14997832646872203,0.09181896854240522,0.2790088138051403,323
I,370.0,Lower quintile,0.1534135399573358,0.08869572627107275,0.27110792446740295,323
I,372.5,Lower quintile,0.1504773653464227,0.09066511984221948,0.2688934004684264,323
I,375.0,Lower quintile,0.1492875516681156,0.08931939477823551,0.2745231473281132,323
I,377.5,Lower quintile,0.14975907111144005,0.09118759012404234,0.2720750131547306,323
I,380.0,Lower quintile,0.1486746603664471,0.091132738570674,0.26941223252423063,323
I,382.5,Lower quintile,0.1484675386794709,0.08960255778114613,0.271356010012263,323
I,385.0,Lower quintile,0.15212368472042428,0.09015924292712717,0.2713235983063703,323
I,387.5,Lower quintile,0.14327580696013775,0.08445665450016773,0.27153781420747547,323
I,390.0,Lower quintile,0.14419764003493502,0.08373387383938079,0.2699403426724727,323
I,392.5,Lower quintile,0.13972816404757873,0.08580341362446725,0.26761126216521747,323
I,395.0,Lower quintile,0.1392857589808341,0.08714112058433092,0.26468786338057404,323
I,397.5,Lower quintile,0.13803184461190918,0.08879657478454189,0.2674167447634266,323
I,400.0,Lower quintile,0.14017417363348345,0.09337746272347276,0.2695683843043795,323
I,402.5,Lower quintile,0.14258570178305938,0.08989691498359263,0.27194612611992297,323
I,405.0,Lower quintile,0.14364193971926467,0.08778904855794839,0.27392123424464354,323
I,407.5,Lower quintile,0.14378406120256348,0.08754118073098999,0.28114214283779504,323
I,410.0,Lower quintile,0.14229552430427034,0.09071195477401393,0.28616977397977394,323
I,412.5,Lower quintile,0.14394716905769112,0.08804202439769096,0.2795913333500465,323
I,415.0,Lower quintile,0.14525277086008903,0.08615331036571452,0.27280623601408693,323
I,417.5,Lower quintile,0.14780416437603533,0.08617602292950374,0.27747019516203186,323
I,420.0,Lower quintile,0.1426206168314022,0.08704433510064952,0.2679067095797752,323
I,422.5,Lower quintile,0.14001066666878628,0.08859926542115698,0.27447356564764536,323
I,425.0,Lower quintile,0.1395632312336057,0.0883629177331863,0.2719575911198685,323
I,427.5,Lower quintile,0.1434572916906557,0.08754790874079027,0.271688702543773,323
I,430.0,Lower quintile,0.14253987112584096,0.08881257653806737,0.26666850919850016,323
I,432.5,Lower quintile,0.14350465339578297,0.08579648115466365,0.26914966598355594,323
I,435.0,Lower quintile,0.14422013018026542,0.0898829638474771,0.2612897085377916,323
I,437.5,Lower quintile,0.14476554499198155,0.08892985363418549,0.25673027352668243,323
I,440.0,Lower quintile,0.1404530371928455,0.08723348237630665,0.2522075338629961,323
I,442.5,Lower quintile,0.1401659983534159,0.08767998647774286,0.25387995845361105,323
I,445.0,Lower quintile,0.1426206168314022,0.08499290074125646,0.25603940750424536,323
I,447.5,Lower quintile,0.14034626908778178,0.08251458494207586,0.2666834793385058,323
I,450.0,Lower quintile,0.13921150101656604,0.08108141269210307,0.25938673068598633,323
I,452.5,Lower quintile,0.1376210090873672,0.07971835865696171,0.25862850303846674,323
I,455.0,Lower quintile,0.1382970672302411,0.0831555419656583,0.2564981627653574,323
I,457.5,Lower quintile,0.1410282946119728,0.08143770828277846,0.2580404752818157,323
I,460.0,Lower quintile,0.14290185483863754,0.0831737748962118,0.25662459356861234,323
I,462.5,Lower quintile,0.14078215628865157,0.08371292563999327,0.25187625133796876,323
I,465.0,Lower quintile,0.1397365658635032,0.0806285348612295,0.250750882815201,323
I,467.5,Lower quintile,0.1455639794371572,0.08217840759399973,0.2505772529346797,323
I,470.0,Lower quintile,0.14293057661803532,0.08285543863299732,0.2513687516483803,323
I,472.5,Lower quintile,0.14018488476097482,0.0823370606132334,0.2672539527204366,323
I,475.0,Lower quintile,0.14232496782090684,0.08149978483020955,0.26130128752253456,323
I,477.5,Lower quintile,0.1413856346987399,0.08280332146975705,0.2639355226153202,323
I,480.0,Lower quintile,0.13896689112756774,0.0816807933838895,0.2586718420368542,323
I,482.5,Lower quintile,0.14125861815539115,0.0808664084514816,0.2659049785161628,323
I,485.0,Lower quintile,0.14262293891701208,0.08252460759386654,0.2674300757298571,323
I,487.5,Lower quintile,0.14314216422934303,0.08204939719797638,0.2550506048446839,323
I,490.0,Lower quintile,0.14360642591707426,0.07998189793798272,0.26058780829991224,323
I,492.5,Lower quintile,0.1407839579259764,0.08133812163949444,0.2602437354549483,323
I,495.0,Lower quintile,0.14140502919905756,0.08440901064094924,0.2520981173989765,323
I,497.5,Lower quintile,0.1422619310620475,0.08620628548845438,0.24206538790728704,323
II,-500.0,Lower quintile,0.2516752894480022,0.11406206278884604,0.4715295916117217,323
II,-497.5,Lower quintile,0.25362184553069334,0.12097420063804828,0.4776177446980657,323
II,-495.0,Lower quintile,0.2609707646173469,0.12375343668206193,0.4860720141346082,323
II,-492.5,Lower quintile,0.25650181899287433,0.11813631197035297,0.47133130057800765,323
II,-490.0,Lower quintile,0.2584498095150568,0.11474413435646072,0.4767216862175208,323
II,-487.5,Lower quintile,0.2570595696373597,0.12319128197025672,0.4763123993164622,323
II,-485.0,Lower quintile,0.2584498095150568,0.11960542405218796,0.4756356984327941,323
II,-482.5,Lower quintile,0.25931206688260067,0.11716471824965527,0.4745550623246261,323
II,-480.0,Lower quintile,0.25523322401753945,0.12057015455578599,0.4775743730181372,323
II,-477.5,Lower quintile,0.25605340563337753,0.13035934943884836,0.47879187728232997,323
II,-475.0,Lower quintile,0.25467127768140907,0.1268059766279729,0.4632757477678774,323
II,-472.5,Lower quintile,0.24715683497619076,0.13093745396334733,0.48680730291934393,323
II,-470.0,Lower quintile,0.24845661492236,0.13599050573114313,0.4786059115931992,323
II,-467.5,Lower quintile,0.25423343202669624,0.1278500189567624,0.4568578553783379,323
II,-465.0,Lower quintile,0.24717939555678167,0.12935021898645427,0.46356203686231734,323
II,-462.5,Lower quintile,0.24531360739218155,0.13190927469722757,0.46623630454923304,323
II,-460.0,Lower quintile,0.24522224829771397,0.12762798334280911,0.4590807957502363,323
II,-457.5,Lower quintile,0.24372108196427217,0.12360356117105081,0.46295093273593224,323
II,-455.0,Lower quintile,0.24454335471570182,0.1254487877784955,0.45439334382153934,323
II,-452.5,Lower quintile,0.2514895596366999,0.1225066749715436,0.4701580654390858,323
II,-450.0,Lower quintile,0.2510532338567336,0.12197810633604475,0.4544462130515488,323
II,-447.5,Lower quintile,0.25388298869645115,0.11717831706079124,0.4604053640281113,323
II,-445.0,Lower quintile,0.25000800861964845,0.12225469984698197,0.46027644172676974,323
II,-442.5,Lower quintile,0.2379001339766201,0.11914655595749421,0.4662028284222004,323
II,-440.0,Lower quintile,0.2350784897946436,0.11801435075364514,0.46712379280600846,323
II,-437.5,Lower quintile,0.24356832980246196,0.1193053910079803,0.46679701102959237,323
II,-435.0,Lower quintile,0.23023846571242088,0.11796420111980593,0.4535506282566225,323
II,-432.5,Lower quintile,0.23302312167994024,0.11413519046633863,0.4557912838539535,323
II,-430.0,Lower quintile,0.2497291230623077,0.11691884759593088,0.45530481495943903,323
II,-427.5,Lower quintile,0.24319595351180856,0.11493869963110553,0.45244853256826045,323
II,-425.0,Lower quintile,0.22854181328277315,0.11472598522494644,0.45323825731612766,323
II,-422.5,Lower quintile,0.24331967998677229,0.11233582616931048,0.4656627421016881,323
II,-420.0,Lower quintile,0.23069145360445853,0.1149492572854721,0.4544025411260714,323
II,-417.5,Lower quintile,0.22658714712485734,0.11270610064122713,0.45287437405545106,323
II,-415.0,Lower quintile,0.22894247106225715,0.11053888757777901,0.4461943758999226,323
II,-412.5,Lower quintile,0.2306196993417991,0.11636137765479,0.4538053963383182,323
II,-410.0,Lower quintile,0.2221377119585603,0.11866574486253817,0.4546633415773156,323
II,-407.5,Lower quintile,0.21861048599355842,0.11661878450245436,0.45580178799382665,323
II,-405.0,Lower quintile,0.23110122118084456,0.11661171409171688,0.4525366987606788,323
II,-402.5,Lower quintile,0.23005556088668433,0.11700533686847692,0.4660723874707838,323
II,-400.0,Lower quintile,0.21966896157329366,0.11405164006440424,0.4526330949294175,323
II,-397.5,Lower quintile,0.23186876009602053,0.1097127063888468,0.44707403028489145,323
II,-395.0,Lower quintile,0.23176884622692706,0.11082021012637097,0.44789105181080324,323
II,-392.5,Lower quintile,0.22593958009262743,0.1116720152134776,0.45396560599487484,323
II,-390.0,Lower quintile,0.2277029724689625,0.11257072150155951,0.4545192343965779,323
II,-387.5,Lower quintile,0.23228163296383655,0.11143859951294241,0.45099062376028565,323
II,-385.0,Lower quintile,0.2271779877945428,0.11483182179815862,0.45710301466638587,323
II,-382.5,Lower quintile,0.22535201753040435,0.10952846126783986,0.4549001114930872,323
II,-380.0,Lower quintile,0.2321655332214771,0.111394064112699,0.4528663093582782,323
II,-377.5,Lower quintile,0.23208601095748432,0.10912355605916906,0.4395950114381351,323
II,-375.0,Lower quintile,0.22584399256308582,0.10975320148311513,0.448231760925871,323
II,-372.5,Lower quintile,0.23242212559379738,0.10822390465212108,0.44872677930046145,323
II,-370.0,Lower quintile,0.24220632788369778,0.10777359227757581,0.44799331228601835,323
II,-367.5,Lower quintile,0.22460885656082785,0.11028894716684544,0.43560980760491264,323
II,-365.0,Lower quintile,0.23068936306586996,0.10580219488907647,0.44102409836131384,323
II,-362.5,Lower quintile,0.24299845617245125,0.10751314284483499,0.4417893366568529,323
II,-360.0,Lower quintile,0.22466150106106317,0.11240057185232316,0.4377261479945552,323
II,-357.5,Lower quintile,0.2234374090178009,0.1121292026297386,0.4374637670314048,323
II,-355.0,Lower quintile,0.22648516729916401,0.11022576041287971,0.45495724500035073,323
II,-352.5,Lower quintile,0.22650224902991237,0.1117522171867309,0.4498803371932363,323
II,-350.0,Lower quintile,0.22342298999550192,0.10922188863119162,0.4380364967591225,323
II,-347.5,Lower quintile,0.22773610660987081,0.11062128261258097,0.44316176620473496,323
II,-345.0,Lower quintile,0.22957985063180258,0.11341851583283638,0.44076059563501113,323
II,-342.5,Lower quintile,0.22346731526140604,0.10662103161488543,0.4449565839643942,323
II,-340.0,Lower quintile,0.22411447711066163,0.108154709610079,0.4477137322255701,323
II,-337.5,Lower quintile,0.22249692623752187,0.10729630550482042,0.4434021773848548,323
II,-335.0,Lower quintile,0.2230839405275766,0.10745200349083339,0.44328756095036637,323
II,-332.5,Lower quintile,0.22388053778538772,0.10631639568649945,0.4325791017737329,323
II,-330.0,Lower quintile,0.22501389369479033,0.10723618220851142,0.4501761151494178,323
II,-327.5,Lower quintile,0.2217181456342003,0.11139182588452046,0.44669150913778005,323
II,-325.0,Lower quintile,0.22163459736314134,0.1118866612096066,0.43526548494417416,323
II,-322.5,Lower quintile,0.22569215147274282,0.10791612305464682,0.44018648620029044,323
II,-320.0,Lower quintile,0.22694098004690144,0.11239216759881307,0.43995000720329325,323
II,-317.5,Lower quintile,0.21585178623870985,0.11116387920604243,0.45226428047419404,323
II,-315.0,Lower quintile,0.2226883108620603,0.10859624473486099,0.4414865919813577,323
II,-312.5,Lower quintile,0.2283226960246434,0.11118319917585401,0.4528425895707726,323
II,-310.0,Lower quintile,0.2158689542119665,0.1119235762284004,0.4470496805753432,323
II,-307.5,Lower quintile,0.21817893604041735,0.11032640125466583,0.4396728055597201,323
II,-305.0,Lower quintile,0.22200576545329304,0.11108082268223021,0.43582011073596294,323
II,-302.5,Lower quintile,0.22225064507040845,0.11252353354527128,0.4413162199219138,323
II,-300.0,Lower quintile,0.21137211635806982,0.10986178110153866,0.42565405600368245,323
II,-297.5,Lower quintile,0.2187732105336046,0.11101237971456604,0.4354122028564076,323
II,-295.0,Lower quintile,0.2246059827696426,0.10987721842277282,0.43950607801752267,323
II,-292.5,Lower quintile,0.2199399606393675,0.10905474310737934,0.4481884120287021,323
II,-290.0,Lower quintile,0.21518165929351338,0.10754637556012711,0.44817630333356034,323
II,-287.5,Lower quintile,0.2263125728922306,0.11183747396764389,0.4526010764728811,323
II,-285.0,Lower quintile,0.2179153432980952,0.1085481307990778,0.44111610753735236,323
II,-282.5,Lower quintile,0.2144837748083484,0.10613032847655718,0.4506001645150287,323
II,-280.0,Lower quintile,0.21779142814263996,0.10928708029843796,0.4440655032637836,323
II,-277.5,Lower quintile,0.22452961354232526,0.11218041613458957,0.4518180149864618,323
II,-275.0,Lower quintile,0.21901958224097348,0.10849221415852156,0.4536991702168446,323
II,-272.5,Lower quintile,0.22505347227610062,0.10853002969224602,0.45071673179799643,323
II,-270.0,Lower quintile,0.22915681759004408,0.11082421139078928,0.45748964235758616,323
II,-267.5,Lower quintile,0.21928220294095155,0.11077295905133216,0.45325710177405054,323
II,-265.0,Lower quintile,0.22388053778538772,0.10434802451449632,0.4472029372689561,323
II,-262.5,Lower quintile,0.23485006391315044,0.10796135066494858,0.45315820878112495,323
II,-260.0,Lower quintile,0.22263260839963278,0.10736822514957307,0.4454571422941513,323
II,-257.5,Lower quintile,0.2210365567389906,0.10632341964699138,0.4462459628821802,323
II,-255.0,Lower quintile,0.23093753136107695,0.112440381042383,0.455240036689705,323
II,-252.5,Lower quintile,0.22885698625499,0.1128091885267293,0.45365095059188265,323
II,-250.0,Lower quintile,0.21413068652639783,0.1077215343374811,0.4504579202387298,323
II,-247.5,Lower quintile,0.21922338214107934,0.10866802929737127,0.4545346367749458,323
II,-245.0,Lower quintile,0.22978932774660368,0.11553290601068536,0.4567246311767047,323
II,-242.5,Lower quintile,0.21685719210379853,0.11385052958194264,0.45708208027896247,323
II,-240.0,Lower quintile,0.22321050091369662,0.1102442021567624,0.4538606360108105,323
II,-237.5,Lower quintile,0.22995695781431783,0.11311717119903425,0.45354331941601256,323
II,-235.0,Lower quintile,0.22498910814666181,0.11510107820415741,0.4593009398159228,323
II,-232.5,Lower quintile,0.22336955910111042,0.11292550052106048,0.4577440365379808,323
II,-230.0,Lower quintile,0.23737733273132472,0.11507377099099658,0.4571744021111282,323
II,-227.5,Lower quintile,0.234755364993997,0.12055912167621582,0.46445898368778876,323
II,-225.0,Lower quintile,0.23459151271766004,0.11782073316965753,0.4637751695101633,323
II,-222.5,Lower quintile,0.23882942860456124,0.1194450649023654,0.47211417221034113,323
II,-220.0,Lower quintile,0.2528298965060698,0.11990046848852864,0.4672291674124278,323
II,-217.5,Lower quintile,0.2394446302971524,0.12465215696150223,0.4690136645018169,323
II,-215.0,Lower quintile,0.2524503986185,0.12408750288458961,0.4783743933636092,323
II,-212.5,Lower quintile,0.26066772115040016,0.12803318797898328,0.4869591729026506,323
II,-210.0,Lower quintile,0.252675132569529,0.12974801451741624,0.4815239208782435,323
II,-207.5,Lower quintile,0.263106279845342,0.12405192618275732,0.4881558250865624,323
II,-205.0,Lower quintile,0.2674457986377513,0.1308485843410843,0.4985602243547344,323
II,-202.5,Lower quintile,0.2688654715821229,0.13429075635854115,0.49833264593311216,323
II,-200.0,Lower quintile,0.27659739818156825,0.13367789727255058,0.50142669421376,323
II,-197.5,Lower quintile,0.27336784957814664,0.1332249197812635,0.5086800381475237,323
II,-195.0,Lower quintile,0.2816848286732364,0.13909913522883355,0.5092432677798951,323
II,-192.5,Lower quintile,0.2785739076187868,0.1329673781592792,0.4990678689964875,323
II,-190.0,Lower quintile,0.2825835229086685,0.13453912594888157,0.51238949148939,323
II,-187.5,Lower quintile,0.2886708436534156,0.1369425360018353,0.5158843780788187,323
II,-185.0,Lower quintile,0.28897743034983653,0.14204380947007397,0.5197329727005537,323
II,-182.5,Lower quintile,0.2902654282771981,0.14672670647519226,0.5271126215718933,323
II,-180.0,Lower quintile,0.29260232576766954,0.14883181687796343,0.5341946934601045,323
II,-177.5,Lower quintile,0.29330713938084324,0.14910533938621218,0.5254791392241548,323
II,-175.0,Lower quintile,0.29465754713344194,0.1448074201614279,0.5107589617272368,323
II,-172.5,Lower quintile,0.31269489162828273,0.15326570791422953,0.527524618757724,323
II,-170.0,Lower quintile,0.31672068776257173,0.16101197992816857,0.529729856297064,323
II,-167.5,Lower quintile,0.30740720306737956,0.15168047612540753,0.5336807330093143,323
II,-165.0,Lower quintile,0.30265647906009285,0.16164331170426474,0.5377745626672017,323
II,-162.5,Lower quintile,0.3150258075490761,0.16646289982436152,0.5477013704266138,323
II,-160.0,Lower quintile,0.3037639617749647,0.16845597506769167,0.5353002194087997,323
II,-157.5,Lower quintile,0.3028917885793017,0.16872453790730466,0.537531611711695,323
II,-155.0,Lower quintile,0.31153903062350013,0.1718704800394591,0.5470714091289293,323
II,-152.5,Lower quintile,0.3111252006660331,0.1711965479519373,0.5536132846655226,323
II,-150.0,Lower quintile,0.30934166842322963,0.16946570588705373,0.5386499275846285,323
II,-147.5,Lower quintile,0.30716666441066476,0.17269067357499068,0.5414126397615889,323
II,-145.0,Lower quintile,0.30377083237542013,0.16951120266549924,0.5407726113584012,323
II,-142.5,Lower quintile,0.29237338255776507,0.16421605474661352,0.5298342995047751,323
II,-140.0,Lower quintile,0.2965603540255042,0.1647373484990052,0.5315609316534431,323
II,-137.5,Lower quintile,0.29816286337115766,0.16692873694491203,0.5282779927055687,323
II,-135.0,Lower quintile,0.2919014223345711,0.16690783090786082,0.5242496968418372,323
II,-132.5,Lower quintile,0.29856116288765383,0.16117874953026579,0.5127964646668866,323
II,-130.0,Lower quintile,0.282009026508791,0.1588909514417296,0.5150029638595546,323
II,-127.5,Lower quintile,0.27930998114999206,0.15859677012503065,0.498422118584278,323
II,-125.0,Lower quintile,0.27133051554586274,0.15304236656712814,0.48110737009779364,323
II,-122.5,Lower quintile,0.26700001125691036,0.14443204429225873,0.46922371422488773,323
II,-120.0,Lower quintile,0.26474312653785304,0.14417884169527534,0.4661986322371916,323
II,-117.5,Lower quintile,0.255920671532039,0.13631631376457543,0.4600284730877756,323
II,-115.0,Lower quintile,0.2520048478257963,0.12965331084361142,0.4503781026842491,323
II,-112.5,Lower quintile,0.24620919632069596,0.13332773216100346,0.45223346820649435,323
II,-110.0,Lower quintile,0.23822997043057684,0.12106824003849245,0.45157826873645623,323
II,-107.5,Lower quintile,0.23298190669514596,0.11329180810572353,0.4513902017353759,323
II,-105.0,Lower quintile,0.22475153238228335,0.11232795820964056,0.44157474691766285,323
II,-102.5,Lower quintile,0.2223897273287647,0.1092226995935685,0.43750381538098365,323
II,-100.0,Lower quintile,0.20010892907434488,0.10212943627086438,0.4256129794100135,323
II,-97.5,Lower quintile,0.1972542983846135,0.09535631781092502,0.4187543090101028,323
II,-95.0,Lower quintile,0.21207455264073014,0.09852682563275877,0.41356556572341663,323
II,-92.5,Lower quintile,0.20348744231197138,0.09068039703940586,0.4059034243182407,323
II,-90.0,Lower quintile,0.2019458521956504,0.08476955147232604,0.4001749067199687,323
II,-87.5,Lower quintile,0.193543361898078,0.08426195839588055,0.39790949464457637,323
II,-85.0,Lower quintile,0.18216504777214368,0.07957650556297957,0.39367153977651803,323
II,-82.5,Lower quintile,0.1735434927114834,0.07827526719437919,0.39949789889173193,323
II,-80.0,Lower quintile,0.1714629209236223,0.07573304821227114,0.385867754043031,323
II,-77.5,Lower quintile,0.17418783257033504,0.07284817948294939,0.37547322470516237,323
II,-75.0,Lower quintile,0.15887474868020243,0.06801514126017191,0.3778936972933112,323
II,-72.5,Lower quintile,0.1692581649574151,0.06929268660447549,0.37841914198176557,323
II,-70.0,Lower quintile,0.16603040168628283,0.07000636005159927,0.3815620262073313,323
II,-67.5,Lower quintile,0.1619682151077923,0.06707303010475686,0.3730737134321937,323
II,-65.0,Lower quintile,0.16625245432854585,0.06720482587731944,0.38729737134169884,323
II,-62.5,Lower quintile,0.16332413756555825,0.07090344757188889,0.39869737588939475,323
II,-60.0,Lower quintile,0.1615744008310509,0.06752862513874543,0.38547038395662037,323
II,-57.5,Lower quintile,0.162784299612379,0.06848032458008618,0.37916770262453414,323
II,-55.0,Lower quintile,0.16484091962170502,0.07470852727423033,0.3859829108093865,323
II,-52.5,Lower quintile,0.16919211244763863,0.07126615459457272,0.3757868664592429,323
II,-50.0,Lower quintile,0.16620541383446938,0.06583991799939827,0.35766416340417184,323
II,-47.5,Lower quintile,0.16811806152996983,0.06793693915667928,0.36777532074577435,323
II,-45.0,Lower quintile,0.17546261726617804,0.07525553014916653,0.38282582184230596,323
II,-42.5,Lower quintile,0.17462112739657232,0.07067847027336391,0.37094414814831844,323
II,-40.0,Lower quintile,0.18591892828124296,0.07482052880743961,0.40827167042458157,323
II,-37.5,Lower quintile,0.1901748840474433,0.07636906611151224,0.4209841967705763,323
II,-35.0,Lower quintile,0.18829512552417899,0.08030157274326748,0.4231644516405732,323
II,-32.5,Lower quintile,0.20461686712845212,0.0845459059805254,0.4290847579461319,323
II,-30.0,Lower quintile,0.21801915789918555,0.0929564427258609,0.46039063541626923,323
II,-27.5,Lower quintile,0.244216440017565,0.10286198957411823,0.46844407929456877,323
II,-25.0,Lower quintile,0.25366156569165227,0.1179034812966502,0.5011040960088182,323
II,-22.5,Lower quintile,0.3176706636942464,0.14457303989400605,0.5628859952190264,323
II,-20.0,Lower quintile,0.3824785410422994,0.17846602118416566,0.6333031133542708,323
II,-17.5,Lower quintile,0.46619218699305237,0.23203914527766156,0.6901559343383081,323
II,-15.0,Lower quintile,0.5682332635289067,0.3110957264678392,0.7734602168574383,323
II,-12.5,Lower quintile,0.6631431340068044,0.3973231094212034,0.8638846835443843,323
II,-10.0,Lower quintile,0.7492737437069048,0.48048437582513426,0.9112203916894008,323
II,-7.5,Lower quintile,0.809462160103713,0.5773659605273185,0.944980565210318,323
II,-5.0,Lower quintile,0.8443705033719171,0.6256556991166806,0.9677628392151334,323
II,-2.5,Lower quintile,0.8561158046591738,0.6127388045033368,0.9638043569962023,323
II,0.0,Lower quintile,0.7945724125677581,0.5702828348918796,0.9420999809318307,323
II,2.5,Lower quintile,0.7396949179448251,0.4566903425198052,0.8996180052695556,323
II,5.0,Lower quintile,0.5987965214460863,0.32246961325282775,0.8582624455338,323
II,7.5,Lower quintile,0.45078746625840044,0.2048929576951018,0.7450844948031929,323
II,10.0,Lower quintile,0.3364065267429813,0.12355175890597903,0.6119366449483987,323
II,12.5,Lower quintile,0.24966712411952705,0.09482746205512824,0.502781971172123,323
II,15.0,Lower quintile,0.18948362643641345,0.059129056597562346,0.4238848676099349,323
II,17.5,Lower quintile,0.1559239206026872,0.05046085194323639,0.3515362615834102,323
II,20.0,Lower quintile,0.15024715342674422,0.05792243658651052,0.2995391941317327,323
II,22.5,Lower quintile,0.14402583482743936,0.058572041876218964,0.2792858831008562,323
II,25.0,Lower quintile,0.14299464106882617,0.060173945121588315,0.2596240492950908,323
II,27.5,Lower quintile,0.1528503023090307,0.07404615095531913,0.27631399397700535,323
II,30.0,Lower quintile,0.1622690283019167,0.07739350997836814,0.2688086256866842,323
II,32.5,Lower quintile,0.14957330082051243,0.08037469363643171,0.2732352998006713,323
II,35.0,Lower quintile,0.14940935505550773,0.08460842238748947,0.2890449017436799,323
II,37.5,Lower quintile,0.16297784460105122,0.08569577752939136,0.29558162348444406,323
II,40.0,Lower quintile,0.1589615747213599,0.08883294791840571,0.2909665127569921,323
II,42.5,Lower quintile,0.1617444633943041,0.08277641060088273,0.30699547963441426,323
II,45.0,Lower quintile,0.16878661194151287,0.08455314349209306,0.322171477459298,323
II,47.5,Lower quintile,0.1641817248986712,0.08010160038521327,0.33626141423724365,323
II,50.0,Lower quintile,0.16098928663364187,0.07703760750250799,0.3299320596963028,323
II,52.5,Lower quintile,0.17425490284300688,0.0771939053427694,0.3480217414933546,323
II,55.0,Lower quintile,0.1765754463447136,0.0763418025073794,0.3499785697970772,323
II,57.5,Lower quintile,0.16633188191636702,0.07429801600957625,0.3482990432143144,323
II,60.0,Lower quintile,0.16771780351008728,0.0777039211764476,0.3551924014534659,323
II,62.5,Lower quintile,0.1676580652003074,0.07709414880309251,0.36138825672887387,323
II,65.0,Lower quintile,0.16919049633830693,0.07764490858912496,0.3680548805494523,323
II,67.5,Lower quintile,0.16871330606399207,0.07507091162224272,0.37456713034559747,323
II,70.0,Lower quintile,0.186647064349265,0.07743998171530311,0.3795136165089839,323
II,72.5,Lower quintile,0.18016391255019995,0.07381542595273567,0.3806813746111738,323
II,75.0,Lower quintile,0.17986595037156186,0.07393074242774873,0.3797020650466727,323
II,77.5,Lower quintile,0.1907093984370535,0.08126619618538693,0.4016529830271137,323
II,80.0,Lower quintile,0.19243380979792973,0.08045449395470478,0.38888946284827375,323
II,82.5,Lower quintile,0.18310690334934962,0.08499200350974892,0.3900186629570741,323
II,85.0,Lower quintile,0.1853864370972637,0.08255879395723398,0.39717236597961403,323
II,87.5,Lower quintile,0.19046304774529382,0.0864400749021308,0.3926262315063938,323
II,90.0,Lower quintile,0.1969734465540626,0.0830986617744674,0.39881150180847635,323
II,92.5,Lower quintile,0.1893299918061315,0.0776889470654735,0.3815046659715777,323
II,95.0,Lower quintile,0.19092455767520303,0.07946838228652714,0.39551632605273124,323
II,97.5,Lower quintile,0.19582509448409893,0.08005886187820584,0.38733197513228096,323
II,100.0,Lower quintile,0.19428166946143866,0.08420735579157868,0.3976912968054208,323
II,102.5,Lower quintile,0.19485198986297825,0.09108738290830613,0.40547984297854733,323
II,105.0,Lower quintile,0.19749868130999557,0.0877371598967718,0.41106255414499654,323
II,107.5,Lower quintile,0.1941308158813534,0.08626147868751521,0.40877610607354636,323
II,110.0,Lower quintile,0.20576540820890535,0.08585054853458876,0.40830161042211155,323
II,112.5,Lower quintile,0.21461431372977197,0.08870773725961412,0.4150470074518712,323
II,115.0,Lower quintile,0.21035318230570327,0.08517372233776645,0.41002882985113287,323
II,117.5,Lower quintile,0.20841413007869405,0.09402190812726327,0.4240806736633695,323
II,120.0,Lower quintile,0.2168727066025017,0.09647450558835055,0.4219216482101665,323
II,122.5,Lower quintile,0.2071196973117403,0.09762977206309917,0.426029699278894,323
II,125.0,Lower quintile,0.1996274687279389,0.09436215873066692,0.4177965129115788,323
II,127.5,Lower quintile,0.20773963101194967,0.09848683439365458,0.42336497319789124,323
II,130.0,Lower quintile,0.20752063062296883,0.10019575649497994,0.43158951836466963,323
II,132.5,Lower quintile,0.20161824871963357,0.09457857844196155,0.42481410262797675,323
II,135.0,Lower quintile,0.21767797818560405,0.09913522508650889,0.42791143857948943,323
II,137.5,Lower quintile,0.2191700754820748,0.10809237612974375,0.4360514310436102,323
II,140.0,Lower quintile,0.21820746318554457,0.10476527643812181,0.42402898698767744,323
II,142.5,Lower quintile,0.21661411673512274,0.10574155983612063,0.4345972444718863,323
II,145.0,Lower quintile,0.2164651109574366,0.10822163515679759,0.4367831763884633,323
II,147.5,Lower quintile,0.21888714778490362,0.10745042515079054,0.4380186422025944,323
II,150.0,Lower quintile,0.2136319096917193,0.10397271945053933,0.44088817736909747,323
II,152.5,Lower quintile,0.2184314467723885,0.11087816528996797,0.4479342920589675,323
II,155.0,Lower quintile,0.23016267635241794,0.11031922293555278,0.4447843713956633,323
II,157.5,Lower quintile,0.2298592743430569,0.11034569696177005,0.43046278234766067,323
II,160.0,Lower quintile,0.22583046776418714,0.11126936669784233,0.4374676093163115,323
II,162.5,Lower quintile,0.2362047587976598,0.11640640997715915,0.448721225844142,323
II,165.0,Lower quintile,0.23495237483898068,0.10862563740140838,0.4447961220664365,323
II,167.5,Lower quintile,0.2392023762940976,0.10893479498853917,0.4366230741100857,323
II,170.0,Lower quintile,0.2440444802725541,0.1176530669945832,0.44837222035005286,323
II,172.5,Lower quintile,0.23258089293833348,0.12478951178168685,0.44551584498367136,323
II,175.0,Lower quintile,0.23011940426019425,0.11896536390938132,0.4444692168751605,323
II,177.5,Lower quintile,0.23986863210800285,0.12845772344409134,0.4596760709942787,323
II,180.0,Lower quintile,0.2469632584145134,0.13259459720238997,0.45799136805534035,323
II,182.5,Lower quintile,0.24900369704270192,0.12819397871970967,0.45374082560966056,323
II,185.0,Lower quintile,0.25406271212789444,0.13393631471489822,0.46044425264358,323
II,187.5,Lower quintile,0.2589581005472151,0.13771085729810356,0.47351920159545696,323
II,190.0,Lower quintile,0.25901158041028516,0.14123836933696715,0.48322611191165,323
II,192.5,Lower quintile,0.25893613703097357,0.1433736678405008,0.4847470270446241,323
II,195.0,Lower quintile,0.26731598801390294,0.14999335608747544,0.49588129153074223,323
II,197.5,Lower quintile,0.2738538334614673,0.15457005710278893,0.492533439384258,323
II,200.0,Lower quintile,0.2707670095629954,0.14871074246609683,0.4925860531167807,323
II,202.5,Lower quintile,0.27674746323024696,0.1637169623805615,0.49457370946216506,323
II,205.0,Lower quintile,0.28592661195566965,0.16407780423301982,0.4988163070017876,323
II,207.5,Lower quintile,0.29663366615906006,0.1557653355709578,0.5043797859898405,323
II,210.0,Lower quintile,0.2950431724169866,0.1707169359925736,0.504014089986083,323
II,212.5,Lower quintile,0.2984345844877586,0.1803453954418553,0.5106599678422672,323
II,215.0,Lower quintile,0.3146771970121222,0.17122179556440215,0.5167560037561003,323
II,217.5,Lower quintile,0.31247864063054814,0.18167658815988957,0.5103298393136582,323
II,220.0,Lower quintile,0.31901164653963787,0.19719808738761654,0.5271304408752445,323
II,222.5,Lower quintile,0.32282592476571437,0.19766337821241303,0.5228173792617459,323
II,225.0,Lower quintile,0.3305601802053975,0.19689796269732468,0.528803109798262,323
II,227.5,Lower quintile,0.33460539328579625,0.2075477505402577,0.536882460981682,323
II,230.0,Lower quintile,0.3424728456589368,0.21175445875740806,0.5551389978660171,323
II,232.5,Lower quintile,0.3495529735540909,0.20821459528433,0.561046295162636,323
II,235.0,Lower quintile,0.3462808369586891,0.21289051766539768,0.5684090450725754,323
II,237.5,Lower quintile,0.3559959749810749,0.22094547681407334,0.5646884766518463,323
II,240.0,Lower quintile,0.3540691413969603,0.22094345418833827,0.5836168996150444,323
II,242.5,Lower quintile,0.3664844858836048,0.21898907342495086,0.6020559580412093,323
II,245.0,Lower quintile,0.37765817370816795,0.23404528955162401,0.6010224181531444,323
II,247.5,Lower quintile,0.37940924211184845,0.23339751449121304,0.5961305019690235,323
II,250.0,Lower quintile,0.38056146059986884,0.22378441686784917,0.6086178295019216,323
II,252.5,Lower quintile,0.38129042727191126,0.24239265479466054,0.6144327304193111,323
II,255.0,Lower quintile,0.37780551697573866,0.24201039024838317,0.6236312792165937,323
II,257.5,Lower quintile,0.38054420619214874,0.23822005111667932,0.6290410691764157,323
II,260.0,Lower quintile,0.3883560865578165,0.247780784437181,0.6271612987598771,323
II,262.5,Lower quintile,0.38804503686964703,0.25248552870018304,0.6333252935529692,323
II,265.0,Lower quintile,0.38128536582970535,0.250711895694281,0.6311133843085548,323
II,267.5,Lower quintile,0.3838285646771768,0.2412876129040853,0.6434018651284358,323
II,270.0,Lower quintile,0.3926852829631733,0.25337532332237184,0.6304451360874495,323
II,272.5,Lower quintile,0.3907873330625251,0.2502649921344957,0.6435228468515872,323
II,275.0,Lower quintile,0.38732900619774757,0.24901815786153686,0.6475337723489403,323
II,277.5,Lower quintile,0.38592190211354865,0.24995759664135656,0.6402937036682654,323
II,280.0,Lower quintile,0.3816528197394971,0.2497558834614447,0.6216468791286083,323
II,282.5,Lower quintile,0.38686819634531755,0.2417913094421153,0.62003919590588,323
II,285.0,Lower quintile,0.3860387077181835,0.24568449740000686,0.6245916061093051,323
II,287.5,Lower quintile,0.38276574333986546,0.25005735957136604,0.6230846987700983,323
II,290.0,Lower quintile,0.3848442502114247,0.23777975394162093,0.6213238271115291,323
II,292.5,Lower quintile,0.3772680181297491,0.23224236150526126,0.6058069009915934,323
II,295.0,Lower quintile,0.3817206109386404,0.23163417731164412,0.6094010492467841,323
II,297.5,Lower quintile,0.37937601673145377,0.22671203166495074,0.6075035334842234,323
II,300.0,Lower quintile,0.37189718031751656,0.2169377822522724,0.5890057977281522,323
II,302.5,Lower quintile,0.37589813480715273,0.21066645955151855,0.5864475789551038,323
II,305.0,Lower quintile,0.3724904244167212,0.2007551812534782,0.567084351083915,323
II,307.5,Lower quintile,0.3632372059016375,0.18787215418432957,0.5714911733333199,323
II,310.0,Lower quintile,0.3614890665618322,0.1846183773493275,0.5612055824615921,323
II,312.5,Lower quintile,0.3583336910631396,0.18269616545993608,0.5495294362518814,323
II,315.0,Lower quintile,0.34886805631059914,0.1654507494894707,0.5436610476224499,323
II,317.5,Lower quintile,0.33872278257139465,0.16771167185103936,0.5381793338305871,323
II,320.0,Lower quintile,0.34737820399385433,0.1661303312417185,0.5382446339221275,323
II,322.5,Lower quintile,0.34568334829908764,0.163330051077044,0.5216793797070713,323
II,325.0,Lower quintile,0.33175026012321185,0.15851228090241204,0.5151389405832036,323
II,327.5,Lower quintile,0.3333313781367996,0.15525147129926212,0.5149443003920525,323
II,330.0,Lower quintile,0.32646502467297345,0.15371625380811513,0.4950135430986372,323
II,332.5,Lower quintile,0.31643391884164007,0.14568193402940652,0.49708298736763423,323
II,335.0,Lower quintile,0.30325965852694015,0.14764660594687312,0.5011505192342249,323
II,337.5,Lower quintile,0.31123667155539086,0.14632999682946984,0.49377514669145817,323
II,340.0,Lower quintile,0.29403656528111366,0.14318645261066948,0.4848779307532006,323
II,342.5,Lower quintile,0.28591637266026443,0.1429841848607196,0.4877389203389394,323
II,345.0,Lower quintile,0.28850165119943894,0.14013747651794295,0.48043890409408285,323
II,347.5,Lower quintile,0.2727122608723651,0.13862542833809205,0.4727351663021532,323
II,350.0,Lower quintile,0.26569845119013324,0.1336226230205141,0.4778475437455504,323
II,352.5,Lower quintile,0.2571542980310411,0.13197294615941904,0.4750418592800244,323
II,355.0,Lower quintile,0.2559800444261885,0.13383837223288153,0.45938660973550294,323
II,357.5,Lower quintile,0.24979230024838547,0.12514471529499493,0.4553179419514984,323
II,360.0,Lower quintile,0.24413521136248506,0.11823420861462736,0.4635696662109201,323
II,362.5,Lower quintile,0.248193228597661,0.12104493343309486,0.45978428574996355,323
II,365.0,Lower quintile,0.23787764704543474,0.12343844128514908,0.45147075136533754,323
II,367.5,Lower quintile,0.23309310939780709,0.11659811111202201,0.4454432198944351,323
II,370.0,Lower quintile,0.23439700490355656,0.12078699756457376,0.4544167386037259,323
II,372.5,Lower quintile,0.2284973952332086,0.12222812460992813,0.45434689119333366,323
II,375.0,Lower quintile,0.22377088388612773,0.1134577470525114,0.4431487528415483,323
II,377.5,Lower quintile,0.23612362950095725,0.11447246952626342,0.45453005432317095,323
II,380.0,Lower quintile,0.23312852345341128,0.1219423500958479,0.45036902827738917,323
II,382.5,Lower quintile,0.2192921176427303,0.10892773234681628,0.4358404949095094,323
II,385.0,Lower quintile,0.21964909346011832,0.11243296316906429,0.4375711523836039,323
II,387.5,Lower quintile,0.2211290006141788,0.11890756324770635,0.4336950458521627,323
II,390.0,Lower quintile,0.2177493392958277,0.11047564224777584,0.4371612943213061,323
II,392.5,Lower quintile,0.21275866624010112,0.10765577926187267,0.4326032217298129,323
II,395.0,Lower quintile,0.2127010801106933,0.11072439063590558,0.4390374984371457,323
II,397.5,Lower quintile,0.219574962938833,0.1144651868640327,0.442016807925922,323
II,400.0,Lower quintile,0.2198699824318584,0.10737075517424638,0.4386973050608418,323
II,402.5,Lower quintile,0.21711760062712457,0.11354817476179693,0.44420415471712293,323
II,405.0,Lower quintile,0.22279571020262376,0.11377869193780743,0.4572712340451894,323
II,407.5,Lower quintile,0.21892209383520406,0.11048902098238864,0.4492377978917658,323
II,410.0,Lower quintile,0.20734358405690012,0.11112721184214,0.45040538629311255,323
II,412.5,Lower quintile,0.22373054926845493,0.11230147416128336,0.4517146062287004,323
II,415.0,Lower quintile,0.21093492902368946,0.1126064502050596,0.44632888288428696,323
II,417.5,Lower quintile,0.21162890240127788,0.11071297719090731,0.4440985257016312,323
II,420.0,Lower quintile,0.21554596590736572,0.10853621124155081,0.45484963428263625,323
II,422.5,Lower quintile,0.21676612722155242,0.10788086839520508,0.433642008628816,323
II,425.0,Lower quintile,0.2138867885516117,0.10714918984625714,0.43454565546186635,323
II,427.5,Lower quintile,0.21895057539482746,0.11221349255127068,0.4539455495832545,323
II,430.0,Lower quintile,0.2125973339548183,0.11559464041230999,0.4539302988024976,323
II,432.5,Lower quintile,0.21159875608688763,0.11182402513164788,0.4287341891910399,323
II,435.0,Lower quintile,0.21184304165829168,0.1126572990426128,0.44268703780717367,323
II,437.5,Lower quintile,0.2212521084708434,0.11273735728526471,0.4430603637109095,323
II,440.0,Lower quintile,0.21280190704896648,0.11204647805970262,0.43506324385929007,323
II,442.5,Lower quintile,0.214978976674179,0.11207367239602078,0.4305852284420236,323
II,445.0,Lower quintile,0.21482090403899587,0.11213623166233722,0.4400593222883154,323
II,447.5,Lower quintile,0.21669673801205472,0.11200916544399867,0.4167323592038281,323
II,450.0,Lower quintile,0.21515211303037046,0.10731457755822793,0.4219957207580954,323
II,452.5,Lower quintile,0.21471557820967024,0.11153324747215979,0.4246186085318733,323
II,455.0,Lower quintile,0.2219813827738337,0.11336183880153126,0.4412415187842349,323
II,457.5,Lower quintile,0.21222852218718033,0.11404535036674901,0.43065681976480086,323
II,460.0,Lower quintile,0.2080922200317761,0.1150091448119585,0.4349817755208084,323
II,462.5,Lower quintile,0.22209989622634554,0.11672645189076833,0.44459735666556344,323
II,465.0,Lower quintile,0.21473729836222175,0.11536063349795181,0.4320001930891354,323
II,467.5,Lower quintile,0.2194796061613929,0.1071928852086613,0.4472144171457407,323
II,470.0,Lower quintile,0.22702356714409674,0.112195851457872,0.44824693620325007,323
II,472.5,Lower quintile,0.22648852362627003,0.1086392274995869,0.4498476035682747,323
II,475.0,Lower quintile,0.2252808504668438,0.10665407745086808,0.45102313183017273,323
II,477.5,Lower quintile,0.22853179034959442,0.1138203132599199,0.45345646387939353,323
II,480.0,Lower quintile,0.23509956578993121,0.11203543937872346,0.4612662738320017,323
II,482.5,Lower quintile,0.22624317945927877,0.10940246571382177,0.4608160365726135,323
II,485.0,Lower quintile,0.2260929227405365,0.10805363741499946,0.458101299325059,323
II,487.5,Lower quintile,0.22828558743101277,0.11246421058653291,0.4588427671184496,323
II,490.0,Lower quintile,0.22273355855214072,0.1104466970413895,0.45332059524713675,323
II,492.5,Lower quintile,0.21912322555061153,0.11443088822530029,0.4524817941466052,323
II,495.0,Lower quintile,0.22022666142924233,0.11557463738717708,0.45304712836206895,323
II,497.5,Lower quintile,0.22849674077261775,0.11829772977639752,0.45335033352412946,323
III,-500.0,Lower quintile,0.6819030342544946,0.39588298553325596,0.8184358204032312,323
III,-497.5,Lower quintile,0.6882640941335811,0.37935775468560595,0.8291339022590899,323
III,-495.0,Lower quintile,0.6902351212662193,0.3804562644236211,0.8350604768531447,323
III,-492.5,Lower quintile,0.6816543923839973,0.3843850406235375,0.8198331604232927,323
III,-490.0,Lower quintile,0.6729130308824537,0.39984214498100606,0.8211120805065,323
III,-487.5,Lower quintile,0.6845909948716714,0.39705445166615116,0.83486812690873,323
III,-485.0,Lower quintile,0.6789078171018809,0.37656613566355296,0.82874258212152,323
III,-482.5,Lower quintile,0.6765254037811824,0.3902048217697629,0.8251063930897259,323
III,-480.0,Lower quintile,0.6814357504451228,0.38271027548295433,0.8341871369469785,323
III,-477.5,Lower quintile,0.6811288303018622,0.37538224539882215,0.8322726247180013,323
III,-475.0,Lower quintile,0.6855520166419787,0.3815391387289182,0.8159517678660829,323
III,-472.5,Lower quintile,0.6728694568605517,0.3868071453872354,0.8298780147167824,323
III,-470.0,Lower quintile,0.6771851839028706,0.3935655577126205,0.8343223599559522,323
III,-467.5,Lower quintile,0.675656428325591,0.3969832076581643,0.826223557874392,323
III,-465.0,Lower quintile,0.675622951653274,0.4129300925004222,0.8267935084354754,323
III,-462.5,Lower quintile,0.6810714935310326,0.41352932412811605,0.8352232108525712,323
III,-460.0,Lower quintile,0.6694687159359566,0.4204855325963561,0.8267813961773297,323
III,-457.5,Lower quintile,0.6727321612628636,0.4020946203637229,0.8223562704869616,323
III,-455.0,Lower quintile,0.6814703117504965,0.4104505049458203,0.8277412261619053,323
III,-452.5,Lower quintile,0.6757978818831912,0.40060853952458325,0.8295875409181732,323
III,-450.0,Lower quintile,0.6653785469104501,0.39415572429222906,0.8187123683273756,323
III,-447.5,Lower quintile,0.6882640941335811,0.41097913447367135,0.827213648107266,323
III,-445.0,Lower quintile,0.6853603714043636,0.4051783818791505,0.8373288633994946,323
III,-442.5,Lower quintile,0.6866797379207554,0.3966512109380461,0.822081830977148,323
III,-440.0,Lower quintile,0.6821023337667746,0.41229655832795653,0.8245383760099141,323
III,-437.5,Lower quintile,0.6863281496923017,0.4119910222761788,0.8365465887302677,323
III,-435.0,Lower quintile,0.6771370795372549,0.398433853715229,0.8206851909479478,323
III,-432.5,Lower quintile,0.6773723663280022,0.38567208436065686,0.8191266339575798,323
III,-430.0,Lower quintile,0.6842105322295609,0.4035638713741909,0.8295389755864416,323
III,-427.5,Lower quintile,0.6911448552676869,0.40028963172722787,0.8284029969520025,323
III,-425.0,Lower quintile,0.6880429443045603,0.40723751875345815,0.814346695541093,323
III,-422.5,Lower quintile,0.6833601672007679,0.40028431150405386,0.8183397844897768,323
III,-420.0,Lower quintile,0.6837650793949879,0.4069429721790796,0.8261020526856959,323
III,-417.5,Lower quintile,0.6799580387848485,0.38970610000733763,0.8143204273520207,323
III,-415.0,Lower quintile,0.6774380393464416,0.39754834649889886,0.8131824014855341,323
III,-412.5,Lower quintile,0.6788673923561874,0.3875460748280727,0.8274988493284229,323
III,-410.0,Lower quintile,0.6703565879387784,0.37736317776467043,0.8134381911077571,323
III,-407.5,Lower quintile,0.6639963123073823,0.3613501134927834,0.81230431340911,323
III,-405.0,Lower quintile,0.6781286911257255,0.3850982864650242,0.8190270563165024,323
III,-402.5,Lower quintile,0.6710947392253352,0.3857074505156278,0.8186552418511077,323
III,-400.0,Lower quintile,0.6672983870732744,0.3714664487481257,0.8109095392251016,323
III,-397.5,Lower quintile,0.6815114064499143,0.39023647134069317,0.8159002522960301,323
III,-395.0,Lower quintile,0.6813807568704159,0.37660519575305174,0.818618115602527,323
III,-392.5,Lower quintile,0.6661375174516465,0.37541603691607894,0.8059094740498388,323
III,-390.0,Lower quintile,0.6741541711798966,0.40201343370478304,0.8146643209001712,323
III,-387.5,Lower quintile,0.6756374939229157,0.4038691771242823,0.8214475832608418,323
III,-385.0,Lower quintile,0.6671708104513996,0.38683862394022017,0.8157535996955702,323
III,-382.5,Lower quintile,0.6601164877838643,0.37966074102464975,0.8146473770020572,323
III,-380.0,Lower quintile,0.6740203325635756,0.38743594487298716,0.8236435460289551,323
III,-377.5,Lower quintile,0.6692122899383312,0.3779417878029835,0.827766171625449,323
III,-375.0,Lower quintile,0.6666460530859958,0.3591251018136774,0.8091816022347049,323
III,-372.5,Lower quintile,0.6771851839028706,0.383649581640332,0.8127605801467985,323
III,-370.0,Lower quintile,0.672744795936933,0.3684536134337771,0.8252917297594311,323
III,-367.5,Lower quintile,0.6667495530418099,0.36790288019157846,0.8031847435864665,323
III,-365.0,Lower quintile,0.668770422209585,0.37406308278105216,0.8174151229359943,323
III,-362.5,Lower quintile,0.6803500352421655,0.38110708268560256,0.8212559477882081,323
III,-360.0,Lower quintile,0.6674121151483959,0.381899845012726,0.8090607633359757,323
III,-357.5,Lower quintile,0.6591172701013042,0.3661665733591819,0.8110497448433629,323
III,-355.0,Lower quintile,0.6786662042987465,0.3801529245150108,0.8197957329690784,323
III,-352.5,Lower quintile,0.674113956894839,0.3820690332407212,0.8190019961225494,323
III,-350.0,Lower quintile,0.6651554942191497,0.36441092075758585,0.8097736966331033,323
III,-347.5,Lower quintile,0.6804041728103253,0.39131329457079744,0.8172735191685317,323
III,-345.0,Lower quintile,0.6727258664053889,0.3692669729871462,0.8231297497831773,323
III,-342.5,Lower quintile,0.6623822008096759,0.37725878409899904,0.8089720955557499,323
III,-340.0,Lower quintile,0.6767136901161169,0.3957611357723794,0.8151338632103571,323
III,-337.5,Lower quintile,0.6861074508486912,0.3883750981236316,0.8291693663371722,323
III,-335.0,Lower quintile,0.6707986495151324,0.372790660978089,0.815464368980767,323
III,-332.5,Lower quintile,0.6649373139288965,0.3736345669812356,0.8105530204557083,323
III,-330.0,Lower quintile,0.6804642427974414,0.4030383620452552,0.827810766884495,323
III,-327.5,Lower quintile,0.6667874269799573,0.3756883222365827,0.8237945559244362,323
III,-325.0,Lower quintile,0.6598055345100914,0.36798883536763255,0.8080433021466216,323
III,-322.5,Lower quintile,0.6716583014271091,0.36492085872322455,0.8254451063855084,323
III,-320.0,Lower quintile,0.6737888485080581,0.3795462920240864,0.8248824088054882,323
III,-317.5,Lower quintile,0.6597757077795655,0.37061142889918386,0.8058409100928079,323
III,-315.0,Lower quintile,0.6725576856526421,0.39098359784197345,0.8125491202669727,323
III,-312.5,Lower quintile,0.6787186731813682,0.3730836671618404,0.8232971004954324,323
III,-310.0,Lower quintile,0.6660524222357244,0.3834968674594942,0.8069015393755172,323
III,-307.5,Lower quintile,0.667201563687288,0.3684442541567563,0.8113615514131933,323
III,-305.0,Lower quintile,0.6780501091916417,0.376215996612,0.8294386541302994,323
III,-302.5,Lower quintile,0.67116344896931,0.3785600782781435,0.8182552215032799,323
III,-300.0,Lower quintile,0.6573380647960967,0.38334928756232245,0.8121895846244045,323
III,-297.5,Lower quintile,0.6775300508511539,0.3778784380888808,0.8232245306544095,323
III,-295.0,Lower quintile,0.6752967995049052,0.3822066427872499,0.828403863219405,323
III,-292.5,Lower quintile,0.6660147153750029,0.36630595841633373,0.8140629504904981,323
III,-290.0,Lower quintile,0.6710219057382132,0.3612388877346331,0.8163080254664049,323
III,-287.5,Lower quintile,0.6753557525807459,0.36505092505705355,0.8311301535988276,323
III,-285.0,Lower quintile,0.6750403556675024,0.3834180218790208,0.8188827898875621,323
III,-282.5,Lower quintile,0.669193033413739,0.38734966253145375,0.8143025447515125,323
III,-280.0,Lower quintile,0.6740203325635756,0.37872532117493196,0.8212505817737858,323
III,-277.5,Lower quintile,0.6729878782831515,0.37860470531784046,0.8140094924504826,323
III,-275.0,Lower quintile,0.6515045319835276,0.36654087042580713,0.8109053651011916,323
III,-272.5,Lower quintile,0.667723531934526,0.3779865901559874,0.8170119604144688,323
III,-270.0,Lower quintile,0.6660882372844136,0.374974578906245,0.8174152740812543,323
III,-267.5,Lower quintile,0.6548302237972271,0.38925435476570813,0.8126123939823346,323
III,-265.0,Lower quintile,0.6715555143863211,0.36983672101024245,0.8126843267986978,323
III,-262.5,Lower quintile,0.6723413077160124,0.36685629110030227,0.8227669983611716,323
III,-260.0,Lower quintile,0.6630387763617367,0.38075297873223746,0.8081044058231494,323
III,-257.5,Lower quintile,0.6581087925979909,0.3777029069852589,0.8079593983815211,323
III,-255.0,Lower quintile,0.6768872836941388,0.36333283622785084,0.8150230359130104,323
III,-252.5,Lower quintile,0.6676103065629097,0.3787682426393071,0.814343453695147,323
III,-250.0,Lower quintile,0.660665159414584,0.37787301945330687,0.8067749223042728,323
III,-247.5,Lower quintile,0.6687676879502356,0.36490483862819306,0.8138466502844164,323
III,-245.0,Lower quintile,0.6763432022598789,0.354863997739637,0.815193267352069,323
III,-242.5,Lower quintile,0.6583302500695387,0.36798642300294737,0.8088230182749925,323
III,-240.0,Lower quintile,0.6608315205164195,0.36077931640201544,0.8118966115633887,323
III,-237.5,Lower quintile,0.6746676625579184,0.36330445664923844,0.8253100159094535,323
III,-235.0,Lower quintile,0.6620714356508053,0.3800665685185176,0.8101785075351643,323
III,-232.5,Lower quintile,0.6558651043135679,0.37424186022220174,0.8038843727326452,323
III,-230.0,Lower quintile,0.6761988775005929,0.3756356892710886,0.8234135347404301,323
III,-227.5,Lower quintile,0.6723672218738765,0.3880648349161069,0.813173530783807,323
III,-225.0,Lower quintile,0.6531480231378148,0.38987411673341993,0.8072671800752436,323
III,-222.5,Lower quintile,0.6802384034910741,0.37675926849333913,0.815279839027349,323
III,-220.0,Lower quintile,0.6815203716474949,0.377434315910292,0.8232792465888746,323
III,-217.5,Lower quintile,0.6684287875302248,0.4056326301288762,0.814090483257863,323
III,-215.0,Lower quintile,0.6761538193931004,0.385969319513295,0.8112414065295918,323
III,-212.5,Lower quintile,0.6869172813325554,0.3936895515108796,0.8261658188186777,323
III,-210.0,Lower quintile,0.6691605691064724,0.40627427593591703,0.8141251547772692,323
III,-207.5,Lower quintile,0.6803719614563182,0.4136182694946775,0.811323849682733,323
III,-205.0,Lower quintile,0.6913414631297761,0.3976815148618036,0.8251737943937065,323
III,-202.5,Lower quintile,0.6826932079000482,0.40784315608629773,0.8200485385996972,323
III,-200.0,Lower quintile,0.674186876330499,0.41503064647567767,0.8091910634985263,323
III,-197.5,Lower quintile,0.6833532723149933,0.40367429656305653,0.8187000362690373,323
III,-195.0,Lower quintile,0.6874828315675104,0.41061989316227054,0.8230725118731131,323
III,-192.5,Lower quintile,0.6778219163142837,0.4147381671565689,0.8117309987698755,323
III,-190.0,Lower quintile,0.68314224200839,0.41800573148748144,0.8160074929530328,323
III,-187.5,Lower quintile,0.688104351049364,0.40994186304022306,0.8283355148305108,323
III,-185.0,Lower quintile,0.6821486671915197,0.41276982544369456,0.8258699686255553,323
III,-182.5,Lower quintile,0.6832432315818795,0.4179819006679618,0.8293475274536677,323
III,-180.0,Lower quintile,0.6979353020254958,0.4012610959664421,0.8352113528803133,323
III,-177.5,Lower quintile,0.686325776319917,0.4152802046875502,0.8346374883774221,323
III,-175.0,Lower quintile,0.6894760349053151,0.4021211263030251,0.8278880228172221,323
III,-172.5,Lower quintile,0.70102568642034,0.3925405679382463,0.831115319060415,323
III,-170.0,Lower quintile,0.6962529206033283,0.41086888932301824,0.8454960048849123,323
III,-167.5,Lower quintile,0.6876315020853953,0.4261324122782082,0.8297207063427341,323
III,-165.0,Lower quintile,0.6971757468151916,0.4221562747809553,0.8320050250004365,323
III,-162.5,Lower quintile,0.7010784535926183,0.4149044693193094,0.8424091305037963,323
III,-160.0,Lower quintile,0.7002347315764789,0.4281568494556133,0.8259018836946259,323
III,-157.5,Lower quintile,0.6873231368007298,0.4066571509340021,0.8203959799757146,323
III,-155.0,Lower quintile,0.6908287649187153,0.4160033554275204,0.8320577310295737,323
III,-152.5,Lower quintile,0.6758058065903683,0.3914927351971675,0.8370905282114299,323
III,-150.0,Lower quintile,0.6712170866356137,0.3821913555669393,0.8284225336406429,323
III,-147.5,Lower quintile,0.6908809641827937,0.3968016399939579,0.8367681810439658,323
III,-145.0,Lower quintile,0.6764598577062084,0.3911446277041236,0.835489110573125,323
III,-142.5,Lower quintile,0.6644625291779082,0.3870950815999352,0.8314709880371729,323
III,-140.0,Lower quintile,0.6701082217661233,0.37685251256288155,0.8285937537083989,323
III,-137.5,Lower quintile,0.6687986718237794,0.36999825679842,0.8361732296643176,323
III,-135.0,Lower quintile,0.6698694087613336,0.37039995460565467,0.8315596055786587,323
III,-132.5,Lower quintile,0.6629790805976977,0.377760618308721,0.8213973059251534,323
III,-130.0,Lower quintile,0.6684589616406764,0.3827479920754242,0.8260805294620834,323
III,-127.5,Lower quintile,0.6655313764296942,0.3924677205263073,0.8202921465261752,323
III,-125.0,Lower quintile,0.6593131408000177,0.3890014440001232,0.8070808631765314,323
III,-122.5,Lower quintile,0.6596247910774233,0.3918984293369262,0.8104971039717377,323
III,-120.0,Lower quintile,0.6552910239023418,0.38510742820062166,0.8116305835178822,323
III,-117.5,Lower quintile,0.6474290480848737,0.3626017204362537,0.7919442585008745,323
III,-115.0,Lower quintile,0.6468052471091432,0.36300125628742436,0.7866338549562113,323
III,-112.5,Lower quintile,0.6574868124266546,0.36779243510441895,0.8070707412776175,323
III,-110.0,Lower quintile,0.6537126862273637,0.35749729267053354,0.7938542024363163,323
III,-107.5,Lower quintile,0.6455684679313741,0.34291367318802923,0.7862913915504297,323
III,-105.0,Lower quintile,0.656982489028893,0.3432799260510565,0.7893764761862261,323
III,-102.5,Lower quintile,0.6530623907828352,0.33247079868496454,0.7887474289816925,323
III,-100.0,Lower quintile,0.6479155488387689,0.3197632478546012,0.776371930174877,323
III,-97.5,Lower quintile,0.6522507128492612,0.3523252751950002,0.7830723241211023,323
III,-95.0,Lower quintile,0.6590836603514076,0.334823790185057,0.7900513667185887,323
III,-92.5,Lower quintile,0.6448531305820987,0.31545978473198577,0.776960246152262,323
III,-90.0,Lower quintile,0.6361284024550701,0.3227688086584562,0.771734717938644,323
III,-87.5,Lower quintile,0.6437044032477596,0.3351058209420832,0.7881649278050222,323
III,-85.0,Lower quintile,0.6367449810669928,0.3138092635325823,0.7861202387316484,323
III,-82.5,Lower quintile,0.6252645817540341,0.31447773858325156,0.778035666647265,323
III,-80.0,Lower quintile,0.6335713647597198,0.3278731055838989,0.7855676272221088,323
III,-77.5,Lower quintile,0.6256258710445205,0.32224838889556673,0.780937798070638,323
III,-75.0,Lower quintile,0.6236293166746566,0.3301248006547474,0.7723099143785095,323
III,-72.5,Lower quintile,0.6243739544963242,0.3351771894151374,0.7713761447101759,323
III,-70.0,Lower quintile,0.6275455964160146,0.34012651491527046,0.7855342277377861,323
III,-67.5,Lower quintile,0.6176420122717166,0.32941496802852394,0.7735228678572412,323
III,-65.0,Lower quintile,0.6129681942413614,0.32425060249376697,0.7704085075211526,323
III,-62.5,Lower quintile,0.6219861855528832,0.32275254727249825,0.772694757664623,323
III,-60.0,Lower quintile,0.620850772932629,0.30745164355787924,0.7749104964417207,323
III,-57.5,Lower quintile,0.6126104097342403,0.2990770834238078,0.7677346336187088,323
III,-55.0,Lower quintile,0.6221599590051907,0.3216404263957341,0.7780863238168405,323
III,-52.5,Lower quintile,0.6262282056424999,0.3255233082635418,0.7715102766200803,323
III,-50.0,Lower quintile,0.6097336839977375,0.3036521804362553,0.7709980803115135,323
III,-47.5,Lower quintile,0.6264102429040305,0.32484985133531863,0.7764895452796982,323
III,-45.0,Lower quintile,0.6355897550403086,0.31066773901892913,0.7952159409370825,323
III,-42.5,Lower quintile,0.6267668121181438,0.3147450354928833,0.7972384250474767,323
III,-40.0,Lower quintile,0.6409970702106548,0.3170927679611245,0.8192686682037751,323
III,-37.5,Lower quintile,0.6691474499258834,0.344401438090838,0.8509077505357812,323
III,-35.0,Lower quintile,0.6964232613693441,0.3622724446898251,0.8667618361323262,323
III,-32.5,Lower quintile,0.7032125419236157,0.38582358639764214,0.8919246306488016,323
III,-30.0,Lower quintile,0.7282842676185446,0.4027498901525868,0.9241251514680093,323
III,-27.5,Lower quintile,0.745993916095164,0.4128682297159991,0.9401080705551494,323
III,-25.0,Lower quintile,0.7131422336776032,0.40116411015866893,0.9331518427592078,323
III,-22.5,Lower quintile,0.6997565911950216,0.4125713035266416,0.8994156272515846,323
III,-20.0,Lower quintile,0.6847186760119898,0.42394690140431973,0.8711952818870361,323
III,-17.5,Lower quintile,0.6611256265426353,0.4157125630317163,0.8041975652686415,323
III,-15.0,Lower quintile,0.6194340321194736,0.39572872700025985,0.7700522680579929,323
III,-12.5,Lower quintile,0.5720391798206588,0.40492723601846836,0.7152920596250842,323
III,-10.0,Lower quintile,0.5003712252404949,0.33438115647513517,0.6817482617697057,323
III,-7.5,Lower quintile,0.4134346129760018,0.2417069778318361,0.6705029927715485,323
III,-5.0,Lower quintile,0.3202283751630928,0.17974228830131034,0.6584351365382688,323
III,-2.5,Lower quintile,0.21733829108670932,0.0876289941067378,0.6410826734592284,323
III,0.0,Lower quintile,0.11627214717663309,0.02251887461627295,0.6175555483649025,323
III,2.5,Lower quintile,0.1136132345177727,0.01679287689079915,0.6097626507932061,323
III,5.0,Lower quintile,0.17564900201842945,0.05233515282940017,0.5981433840311139,323
III,7.5,Lower quintile,0.24041621823298565,0.0965856699877849,0.5731449379277944,323
III,10.0,Lower quintile,0.33421690496065837,0.1512230777072456,0.5927713681463895,323
III,12.5,Lower quintile,0.4102740672047021,0.2409530766744498,0.6657093969375356,323
III,15.0,Lower quintile,0.48287270380965974,0.2543438477205971,0.7418684832805362,323
III,17.5,Lower quintile,0.5064582587442331,0.2618650993199386,0.729312975958649,323
III,20.0,Lower quintile,0.5411384939100771,0.31840335115387663,0.7624337221817521,323
III,22.5,Lower quintile,0.5533255222372679,0.33349058618095273,0.7640197202431904,323
III,25.0,Lower quintile,0.5716231509674546,0.2972700946011939,0.7653150050020421,323
III,27.5,Lower quintile,0.6081434551509323,0.32268980067983366,0.7711616036512724,323
III,30.0,Lower quintile,0.6077359816414363,0.319350124754716,0.7701751873101107,323
III,32.5,Lower quintile,0.6037959025137141,0.2965189517455873,0.7687030083155766,323
III,35.0,Lower quintile,0.613045012299344,0.3132107244086808,0.7867732978661366,323
III,37.5,Lower quintile,0.6115172711175255,0.3304810217879145,0.7898068473063737,323
III,40.0,Lower quintile,0.6133297415266165,0.33436812207912026,0.7853318279572465,323
III,42.5,Lower quintile,0.6178416971193723,0.34334429606469546,0.7870672349047424,323
III,45.0,Lower quintile,0.6270825111734367,0.34603022508649195,0.7943269958802802,323
III,47.5,Lower quintile,0.6389631966759856,0.3449574010930847,0.7991173459794947,323
III,50.0,Lower quintile,0.6315789515925435,0.33824621280367234,0.800338401381435,323
III,52.5,Lower quintile,0.6404286106559255,0.32152841077066874,0.8025458883731047,323
III,55.0,Lower quintile,0.6473616189131557,0.3318164147953333,0.8088976266362644,323
III,57.5,Lower quintile,0.6324339500577516,0.3417962949346727,0.7977492133290407,323
III,60.0,Lower quintile,0.6412723311498865,0.34631532523199876,0.8063117950583132,323
III,62.5,Lower quintile,0.656802190390973,0.34085964408426717,0.7981217774073606,323
III,65.0,Lower quintile,0.6526069379720485,0.32435947202044135,0.7970766796129458,323
III,67.5,Lower quintile,0.6386620871411058,0.3184816833378378,0.7973249586066231,323
III,70.0,Lower quintile,0.6531707175137066,0.3361659906303098,0.8034951027364348,323
III,72.5,Lower quintile,0.6392471993610714,0.3449901133423161,0.7990907921408034,323
III,75.0,Lower quintile,0.6230921873463053,0.3206459910331757,0.7942914607929267,323
III,77.5,Lower quintile,0.630766520158423,0.33642395878425113,0.7923602044270956,323
III,80.0,Lower quintile,0.6421212150173038,0.3217411696210565,0.7972225618250944,323
III,82.5,Lower quintile,0.6093737614314284,0.3182294909774006,0.7889710316118661,323
III,85.0,Lower quintile,0.612673023368384,0.320920667518935,0.7895086120705721,323
III,87.5,Lower quintile,0.6256605600455992,0.32498608256350425,0.795857168394519,323
III,90.0,Lower quintile,0.6187308472863848,0.33357048209839596,0.7945101799622785,323
III,92.5,Lower quintile,0.6104015476646626,0.3193842129797778,0.7895097054466735,323
III,95.0,Lower quintile,0.6290375663854189,0.3332586626039967,0.7971536689065892,323
III,97.5,Lower quintile,0.6240959885977895,0.3192323979467412,0.7945379315139873,323
III,100.0,Lower quintile,0.611449473241871,0.3099977600941104,0.7941715307258528,323
III,102.5,Lower quintile,0.6270448476916788,0.309435776113108,0.7969273959563827,323
III,105.0,Lower quintile,0.6397705842794501,0.3210273314593731,0.8049635942231985,323
III,107.5,Lower quintile,0.6282574889925683,0.3170964188095827,0.7972554536423844,323
III,110.0,Lower quintile,0.6401575981164501,0.33819809390920985,0.796030688076967,323
III,112.5,Lower quintile,0.6451923193696549,0.3312353847309991,0.799834536454481,323
III,115.0,Lower quintile,0.6290660519960198,0.32928957340803877,0.7978834234748451,323
III,117.5,Lower quintile,0.6307668815502111,0.3408129941140247,0.7922389353737406,323
III,120.0,Lower quintile,0.6416213179784483,0.3372219363298378,0.7961547626134565,323
III,122.5,Lower quintile,0.6421018867595765,0.32863416971540926,0.7941272480432939,323
III,125.0,Lower quintile,0.620595977418599,0.3337536634361218,0.7915181765954611,323
III,127.5,Lower quintile,0.6320693050946126,0.33486006381491473,0.791097327033943,323
III,130.0,Lower quintile,0.6449196512232682,0.34118668616625625,0.7957576755353866,323
III,132.5,Lower quintile,0.6252015033987367,0.3255087171687836,0.7946473033506416,323
III,135.0,Lower quintile,0.6209453371505388,0.3476824228390255,0.7849164315022205,323
III,137.5,Lower quintile,0.6337647707965981,0.33667652627741007,0.7993539328311152,323
III,140.0,Lower quintile,0.6307826775847644,0.3088156919586567,0.798299028666239,323
III,142.5,Lower quintile,0.620396645760218,0.3352837576777622,0.7934996551218516,323
III,145.0,Lower quintile,0.6350168920365298,0.350424652334687,0.7986007627427869,323
III,147.5,Lower quintile,0.6354328976758972,0.34521526722478857,0.7927065771629086,323
III,150.0,Lower quintile,0.6225841657898581,0.3540261929278771,0.7923392338816562,323
III,152.5,Lower quintile,0.634734432379057,0.36589779983252635,0.790358597570316,323
III,155.0,Lower quintile,0.6342141089259213,0.3476231306790697,0.7914018747158305,323
III,157.5,Lower quintile,0.6317929136432943,0.3281076846052542,0.7901499768266116,323
III,160.0,Lower quintile,0.6310185520419466,0.3470731795912311,0.7896040605110719,323
III,162.5,Lower quintile,0.6417056134509713,0.3322358219672926,0.7948590507600813,323
III,165.0,Lower quintile,0.6402295332723947,0.32697445932041813,0.7910829841549751,323
III,167.5,Lower quintile,0.6344498979977918,0.343104081343113,0.7923820001313922,323
III,170.0,Lower quintile,0.6481404094979342,0.32509261108601795,0.7971673502556982,323
III,172.5,Lower quintile,0.6421427104064069,0.34185430250982396,0.7972849835300755,323
III,175.0,Lower quintile,0.6313492064187393,0.3313856179326219,0.7930795280463232,323
III,177.5,Lower quintile,0.6447893944543802,0.3508393500392567,0.7924717547443063,323
III,180.0,Lower quintile,0.6445156885608518,0.33650550094420484,0.8010644633447025,323
III,182.5,Lower quintile,0.6348001599946845,0.33304460789986656,0.7937206910179692,323
III,185.0,Lower quintile,0.632683645692673,0.3501878090100906,0.790658997888914,323
III,187.5,Lower quintile,0.6463386372155873,0.35532543213288204,0.8029151555441639,323
III,190.0,Lower quintile,0.635511376833489,0.33337328115272086,0.791344812779318,323
III,192.5,Lower quintile,0.6293316132904083,0.3580842110330328,0.7927656440221991,323
III,195.0,Lower quintile,0.6463925233858986,0.3546770908422497,0.805290767750102,323
III,197.5,Lower quintile,0.6413115509968478,0.3433853760710331,0.8054307899165882,323
III,200.0,Lower quintile,0.6396220077522574,0.3338428057195029,0.7979552535626557,323
III,202.5,Lower quintile,0.6410360298155096,0.34889790591366987,0.805495885396872,323
III,205.0,Lower quintile,0.6437793716242004,0.3477860461168203,0.8109110722315194,323
III,207.5,Lower quintile,0.6336862732528905,0.3500462824994537,0.797851856919087,323
III,210.0,Lower quintile,0.6321691591108002,0.353970708752368,0.8034858238921156,323
III,212.5,Lower quintile,0.6437460024694142,0.3536853608697209,0.8078627347589145,323
III,215.0,Lower quintile,0.6367449810669928,0.34617187826780993,0.8049676650770166,323
III,217.5,Lower quintile,0.6360225007910795,0.3476868623615602,0.8056985010866409,323
III,220.0,Lower quintile,0.6484227123871911,0.36438331341185726,0.8189087514331057,323
III,222.5,Lower quintile,0.6392057197406937,0.3463145640327917,0.8101364471884067,323
III,225.0,Lower quintile,0.637218669454959,0.36201939851973797,0.8120114911828993,323
III,227.5,Lower quintile,0.6409047189911283,0.3500926330885379,0.8112003399770908,323
III,230.0,Lower quintile,0.6497056970034909,0.37265708926008306,0.8199551852119018,323
III,232.5,Lower quintile,0.6434612877776158,0.37277979179620047,0.8168557959955747,323
III,235.0,Lower quintile,0.6385649950859514,0.38567208436065686,0.8124456354972773,323
III,237.5,Lower quintile,0.6517578654366127,0.38301814657703204,0.8173505220365604,323
III,240.0,Lower quintile,0.6413114229781415,0.3759823881985699,0.8115866257047987,323
III,242.5,Lower quintile,0.63608392963815,0.3843050764888384,0.8121565870634424,323
III,245.0,Lower quintile,0.6486729340299128,0.3843850450413153,0.8178441893000052,323
III,247.5,Lower quintile,0.6441421725165184,0.4080822518339854,0.8140791888215062,323
III,250.0,Lower quintile,0.6351391903159953,0.40062680790369176,0.8112131891738004,323
III,252.5,Lower quintile,0.6422261512855799,0.39436719019177396,0.8093243931641964,323
III,255.0,Lower quintile,0.6568246108572212,0.398561295931833,0.8149227436887317,323
III,257.5,Lower quintile,0.6402340264790065,0.39568674353802635,0.8064481178325964,323
III,260.0,Lower quintile,0.6387076675586839,0.402551972493269,0.8047666428458137,323
III,262.5,Lower quintile,0.6467998441418271,0.40247339119497666,0.8154919336300376,323
III,265.0,Lower quintile,0.6363063778967711,0.39052003605083085,0.8162927459260199,323
III,267.5,Lower quintile,0.6367445150925691,0.39086106846171675,0.8085219547956586,323
III,270.0,Lower quintile,0.6515869427853789,0.38802243075506127,0.8141234948690279,323
III,272.5,Lower quintile,0.6487015242622697,0.3838138443069885,0.8048319396337609,323
III,275.0,Lower quintile,0.6430441060260492,0.39118677038656036,0.8135511648081657,323
III,277.5,Lower quintile,0.6510553205568262,0.3858971599202642,0.8139263310946588,323
III,280.0,Lower quintile,0.6492656000445114,0.3872607920719475,0.8131397693887783,323
III,282.5,Lower quintile,0.6414739901332503,0.38489819856891705,0.8067387047186854,323
III,285.0,Lower quintile,0.6400511283297341,0.40111992321443524,0.8087656582007532,323
III,287.5,Lower quintile,0.6492934681276982,0.40264458098428124,0.8099461031040465,323
III,290.0,Lower quintile,0.6461277993293398,0.3743282731290475,0.7938489995416482,323
III,292.5,Lower quintile,0.6391791644410357,0.3705679705481293,0.8012981655208171,323
III,295.0,Lower quintile,0.6499456172705305,0.37009943604756596,0.7992235971404189,323
III,297.5,Lower quintile,0.6442810359519507,0.3700373266923218,0.804343752739129,323
III,300.0,Lower quintile,0.6428836732562404,0.37470193643553285,0.7970801372708578,323
III,302.5,Lower quintile,0.64666287407723,0.3765871361807105,0.8002672178313004,323
III,305.0,Lower quintile,0.6446669269383302,0.38867971604034973,0.804068389950232,323
III,307.5,Lower quintile,0.6428813176553989,0.37465160188059043,0.791637589976729,323
III,310.0,Lower quintile,0.6400488266911327,0.38513728464985286,0.7987116166981546,323
III,312.5,Lower quintile,0.6407575360501441,0.3881636137930977,0.8146386009799206,323
III,315.0,Lower quintile,0.6470716498684406,0.3809495513455104,0.8050768014718817,323
III,317.5,Lower quintile,0.6381615729894872,0.38490347055829466,0.7992591071168504,323
III,320.0,Lower quintile,0.6575389026734485,0.38366049538699487,0.8189698768110023,323
III,322.5,Lower quintile,0.6353208072926161,0.3811766725896527,0.8169590494081417,323
III,325.0,Lower quintile,0.6494935185357626,0.3747305408951264,0.8102859607420803,323
III,327.5,Lower quintile,0.6437032797368201,0.37676843238862845,0.8165644541122513,323
III,330.0,Lower quintile,0.6577717464083176,0.38558679584956224,0.8193770010093633,323
III,332.5,Lower quintile,0.6552213880758028,0.37891010102360245,0.8050158411640969,323
III,335.0,Lower quintile,0.6526632541411802,0.39723775571068165,0.8059366072632349,323
III,337.5,Lower quintile,0.6573281994899532,0.38791601673470283,0.8159437440713366,323
III,340.0,Lower quintile,0.6608315205164195,0.38661350999988153,0.8035918009344953,323
III,342.5,Lower quintile,0.6491904411363757,0.38969628632935227,0.805601896333396,323
III,345.0,Lower quintile,0.6504526550685392,0.39565128412604833,0.8135623106761134,323
III,347.5,Lower quintile,0.651176598331936,0.40193647045515307,0.7995205897194554,323
III,350.0,Lower quintile,0.6393915525851486,0.38757728217158693,0.7955894822662363,323
III,352.5,Lower quintile,0.6486002437724018,0.3863343449781027,0.8027706286315173,323
III,355.0,Lower quintile,0.6511351209220366,0.4151484297298699,0.797387133640569,323
III,357.5,Lower quintile,0.6469968508548647,0.37111584848416457,0.7940130019728375,323
III,360.0,Lower quintile,0.6463674991390496,0.4082782334702053,0.7990383049410072,323
III,362.5,Lower quintile,0.656982489028893,0.4041944083461967,0.8028064802080446,323
III,365.0,Lower quintile,0.6526089932580378,0.39703999901527787,0.7951185916406549,323
III,367.5,Lower quintile,0.6484453860062132,0.4024340316987344,0.7951052017280205,323
III,370.0,Lower quintile,0.660390355158382,0.4055900210653531,0.803002179199459,323
III,372.5,Lower quintile,0.6584891561640818,0.41001793730425723,0.7937227172997238,323
III,375.0,Lower quintile,0.6544397855690863,0.393081235416912,0.7887707512805241,323
III,377.5,Lower quintile,0.6498966882437663,0.4068406947897961,0.7978235122353226,323
III,380.0,Lower quintile,0.6556527665410267,0.4100972710582178,0.8026309273763922,323
III,382.5,Lower quintile,0.6475754519478029,0.3861738474208338,0.791829981150076,323
III,385.0,Lower quintile,0.6436045439143494,0.4066491779660806,0.7982753130151654,323
III,387.5,Lower quintile,0.6484453860062132,0.39300875005153457,0.8078363530070084,323
III,390.0,Lower quintile,0.655395824283505,0.4081562619542417,0.7999426646194236,323
III,392.5,Lower quintile,0.6510894075752336,0.39545412197005947,0.7958768717405983,323
III,395.0,Lower quintile,0.6555443709329813,0.3971711262599835,0.8051987606768782,323
III,397.5,Lower quintile,0.6592566115464071,0.37900199117556055,0.8032568918570404,323
III,400.0,Lower quintile,0.649770437203446,0.3644155347816397,0.7956969374864271,323
III,402.5,Lower quintile,0.6538194212619484,0.375325218018098,0.7992460472361456,323
III,405.0,Lower quintile,0.6589666899855404,0.4009046328863465,0.7999555736742491,323
III,407.5,Lower quintile,0.6515717166201618,0.3689442739589548,0.7945313754434433,323
III,410.0,Lower quintile,0.6575808063127954,0.36636983620343344,0.7932122919459221,323
III,412.5,Lower quintile,0.6515994789147461,0.3885225486395184,0.8072103639309314,323
III,415.0,Lower quintile,0.6519969106987898,0.3757082232347554,0.801003141107274,323
III,417.5,Lower quintile,0.6554136913453992,0.37535155020261285,0.7928435705746197,323
III,420.0,Lower quintile,0.6624048852613001,0.39728677584031785,0.8099190139365726,323
III,422.5,Lower quintile,0.6571954504676727,0.39046333392902977,0.8038978388350951,323
III,425.0,Lower quintile,0.65236016445834,0.36130761735787187,0.798400515636716,323
III,427.5,Lower quintile,0.65252426294097,0.36917296310420245,0.8011632356226698,323
III,430.0,Lower quintile,0.6530732831478085,0.392325076070066,0.8083675130230157,323
III,432.5,Lower quintile,0.6519334542675834,0.3610793779356617,0.8029902856957176,323
III,435.0,Lower quintile,0.6573281994899532,0.3773165161037829,0.8021821048762676,323
III,437.5,Lower quintile,0.6609131412489014,0.38706803684118546,0.8078093954454373,323
III,440.0,Lower quintile,0.6615068125558241,0.3648046462174095,0.8018230576463596,323
III,442.5,Lower quintile,0.6520990249336993,0.36091459951698873,0.7963197898163553,323
III,445.0,Lower quintile,0.6526370462187767,0.3749387009498814,0.8064019789737121,323
III,447.5,Lower quintile,0.6582431624414403,0.39160281827874016,0.8044219927943796,323
III,450.0,Lower quintile,0.6512388016794447,0.3608004254469272,0.8036611719093552,323
III,452.5,Lower quintile,0.6592018884796598,0.35738674942744264,0.8087778092416643,323
III,455.0,Lower quintile,0.6597131060611579,0.38341394285615904,0.8123551221968135,323
III,457.5,Lower quintile,0.6569847572955673,0.3732466506264429,0.8011773586404125,323
III,460.0,Lower quintile,0.6576951876080117,0.38414518612962545,0.8026652448376785,323
III,462.5,Lower quintile,0.6562477670571243,0.3881512905583292,0.8122192288956624,323
III,465.0,Lower quintile,0.6597131060611579,0.37328756896049126,0.8065423800235463,323
III,467.5,Lower quintile,0.6537514238943569,0.37600154048832246,0.8069645497330369,323
III,470.0,Lower quintile,0.6621546692881818,0.38613477917090666,0.8148942360897253,323
III,472.5,Lower quintile,0.6625256011847245,0.38910417902575745,0.8171802446908789,323
III,475.0,Lower quintile,0.653284490842503,0.3751344208186465,0.8131280916160099,323
III,477.5,Lower quintile,0.6613512197565014,0.37933684160750136,0.8200433914264724,323
III,480.0,Lower quintile,0.662328523319509,0.3749650381711274,0.8206965819464124,323
III,482.5,Lower quintile,0.6528663837430562,0.3660095527776912,0.8114435890325604,323
III,485.0,Lower quintile,0.6640684170815987,0.37691036299258684,0.810270744645772,323
III,487.5,Lower quintile,0.6619395893479165,0.37168693803173125,0.8117977221901089,323
III,490.0,Lower quintile,0.6588688172619185,0.3969098779903783,0.8076587732510301,323
III,492.5,Lower quintile,0.6557190011069515,0.3971119185163894,0.8078673234254505,323
III,495.0,Lower quintile,0.6577331755906726,0.3943256214654211,0.8120003464288483,323
III,497.5,Lower quintile,0.6646424130447812,0.3843467454768077,0.8072086058702868,323
aVR,-500.0,Lower quintile,0.8191204772102897,0.6629831466749505,0.9044019340315856,323
aVR,-497.5,Lower quintile,0.8188554475422276,0.6499027597112701,0.9033396368810813,323
aVR,-495.0,Lower quintile,0.819750618920608,0.647796814368327,0.9047333974101357,323
aVR,-492.5,Lower quintile,0.8224027719371412,0.6428500584848509,0.903831726463737,323
aVR,-490.0,Lower quintile,0.8205632414842995,0.6494356093569995,0.9087318936305706,323
aVR,-487.5,Lower quintile,0.8197776979724133,0.6623084566033033,0.9055443434551121,323
aVR,-485.0,Lower quintile,0.8157960839943806,0.6700297812015209,0.905834237572827,323
aVR,-482.5,Lower quintile,0.8242646954155589,0.6582876774303488,0.9084774506709864,323
aVR,-480.0,Lower quintile,0.8208317221746353,0.6694585498257908,0.9031107893762353,323
aVR,-477.5,Lower quintile,0.8159189585894722,0.6505215089592371,0.9072936891444319,323
aVR,-475.0,Lower quintile,0.8197421389800666,0.6544483539177908,0.9056429038028986,323
aVR,-472.5,Lower quintile,0.8201203710751576,0.661178108584744,0.9035965171000208,323
aVR,-470.0,Lower quintile,0.8194109260736925,0.6592221601557033,0.9030171589837898,323
aVR,-467.5,Lower quintile,0.8148412485825837,0.6686118088022128,0.9077730565401723,323
aVR,-465.0,Lower quintile,0.8206218160012909,0.6779681705718764,0.9071643303360557,323
aVR,-462.5,Lower quintile,0.8207582294566631,0.6731806689236417,0.9000834082232916,323
aVR,-460.0,Lower quintile,0.8216453814815793,0.6782669060854413,0.90672886169685,323
aVR,-457.5,Lower quintile,0.8242921507008056,0.6883284818176524,0.9096968191044505,323
aVR,-455.0,Lower quintile,0.8252426140289583,0.6753809917143447,0.9073525563379399,323
aVR,-452.5,Lower quintile,0.8184143629534969,0.6727441100360012,0.9082659282343175,323
aVR,-450.0,Lower quintile,0.8268585106568358,0.68189514451657,0.9098475988596068,323
aVR,-447.5,Lower quintile,0.8252166101649185,0.683311927886797,0.9048638280630377,323
aVR,-445.0,Lower quintile,0.8264977527398797,0.6814709172758122,0.9059669918477196,323
aVR,-442.5,Lower quintile,0.8276750809194187,0.6809989799412158,0.9083405025041567,323
aVR,-440.0,Lower quintile,0.8268585106568358,0.6796327304947789,0.907079916227613,323
aVR,-437.5,Lower quintile,0.827733502930279,0.6757895024783565,0.9042188314186665,323
aVR,-435.0,Lower quintile,0.8317404331931666,0.6885446794063061,0.9083487126975375,323
aVR,-432.5,Lower quintile,0.8294650234460502,0.6925986328369783,0.9090993224549644,323
aVR,-430.0,Lower quintile,0.8319544192213013,0.6913947745618618,0.9030673745156517,323
aVR,-427.5,Lower quintile,0.8305309502187537,0.6915634528452281,0.9069965024557419,323
aVR,-425.0,Lower quintile,0.8352477679775299,0.695921211143903,0.909034284981419,323
aVR,-422.5,Lower quintile,0.8356669012006918,0.6900312076366042,0.9094882382122098,323
aVR,-420.0,Lower quintile,0.836439351960978,0.6882297001548234,0.9087474627630038,323
aVR,-417.5,Lower quintile,0.8382558937066581,0.6928577462284599,0.910825388524799,323
aVR,-415.0,Lower quintile,0.8355155849589785,0.6937116247575806,0.9129604089967465,323
aVR,-412.5,Lower quintile,0.831800950895642,0.6933816894134229,0.9124314388736827,323
aVR,-410.0,Lower quintile,0.8413088516891511,0.7040868730795131,0.9123311154609914,323
aVR,-407.5,Lower quintile,0.84103548265511,0.7003981681699891,0.9132649879487288,323
aVR,-405.0,Lower quintile,0.8387367958355195,0.6891274798868878,0.910898425063331,323
aVR,-402.5,Lower quintile,0.8436065816850574,0.6941950944189705,0.9156304144945373,323
aVR,-400.0,Lower quintile,0.8452828042247554,0.6933013058678992,0.9137455953421665,323
aVR,-397.5,Lower quintile,0.8398179315268021,0.6982988160996701,0.909181346781348,323
aVR,-395.0,Lower quintile,0.8412402796057543,0.6983255625553164,0.9093173941527766,323
aVR,-392.5,Lower quintile,0.8443976403795139,0.7071093147131834,0.9127515442942131,323
aVR,-390.0,Lower quintile,0.8409416828908114,0.7088885821253754,0.912931766734,323
aVR,-387.5,Lower quintile,0.8390402203021151,0.7001533435590488,0.9118527118272584,323
aVR,-385.0,Lower quintile,0.8453570443978523,0.711965772180385,0.9137377872226868,323
aVR,-382.5,Lower quintile,0.8436475416858741,0.7108870022289264,0.913898357160599,323
aVR,-380.0,Lower quintile,0.8400401671715542,0.70683591240432,0.9119565004565584,323
aVR,-377.5,Lower quintile,0.8471117626766244,0.7035342550350185,0.9153682528941312,323
aVR,-375.0,Lower quintile,0.8483324068053985,0.706377369946155,0.9164268717840793,323
aVR,-372.5,Lower quintile,0.8418242491534649,0.7105626566784162,0.9143442957803108,323
aVR,-370.0,Lower quintile,0.8401474512655366,0.709692100969469,0.9145784018385146,323
aVR,-367.5,Lower quintile,0.8426430155880515,0.7127417917903116,0.9167391899620072,323
aVR,-365.0,Lower quintile,0.8454286216695064,0.7053609129794922,0.9156407796093623,323
aVR,-362.5,Lower quintile,0.842803199316849,0.7044105213358216,0.9150171617399389,323
aVR,-360.0,Lower quintile,0.8478665267972189,0.7032302623812335,0.916887495989857,323
aVR,-357.5,Lower quintile,0.844590673099103,0.7032157706098199,0.9168981266618574,323
aVR,-355.0,Lower quintile,0.8404336276790819,0.7058791133411859,0.9150898120653774,323
aVR,-352.5,Lower quintile,0.8467363060500832,0.7055425387766667,0.9176920974666416,323
aVR,-350.0,Lower quintile,0.8466911991651309,0.7058191719391946,0.9164590214856307,323
aVR,-347.5,Lower quintile,0.842614775404659,0.7027465097560699,0.9157790362297203,323
aVR,-345.0,Lower quintile,0.8470011157312094,0.7042286841186817,0.9133368990049262,323
aVR,-342.5,Lower quintile,0.8474779960607768,0.7068734287422547,0.9183638757836099,323
aVR,-340.0,Lower quintile,0.8394265170239981,0.6976565237171763,0.9175613743563791,323
aVR,-337.5,Lower quintile,0.8389421456270811,0.697082487453387,0.9140411541379887,323
aVR,-335.0,Lower quintile,0.8435803852421316,0.7042944868379954,0.9155740891445834,323
aVR,-332.5,Lower quintile,0.8465190353374249,0.706755917557518,0.9199396093264496,323
aVR,-330.0,Lower quintile,0.8444861605950703,0.7020008768374624,0.9148800834946073,323
aVR,-327.5,Lower quintile,0.8473232434882202,0.700720348189021,0.9148741758838916,323
aVR,-325.0,Lower quintile,0.8414082284843041,0.698635418583192,0.9142170185078402,323
aVR,-322.5,Lower quintile,0.8403479905282784,0.7003434546472961,0.9152412031014965,323
aVR,-320.0,Lower quintile,0.8428272217846979,0.7020470970352479,0.9110717205098281,323
aVR,-317.5,Lower quintile,0.8472580874910752,0.7024685388120815,0.9169756820594046,323
aVR,-315.0,Lower quintile,0.8435607446561939,0.7059416486162583,0.913613723965159,323
aVR,-312.5,Lower quintile,0.8408226408156766,0.7019257034445434,0.9090422000449113,323
aVR,-310.0,Lower quintile,0.8430398716065545,0.7105599427250189,0.9142007365643929,323
aVR,-307.5,Lower quintile,0.8437702612134693,0.7169724232651908,0.9139315218038557,323
aVR,-305.0,Lower quintile,0.8387367958355195,0.714824562447123,0.9073891783412893,323
aVR,-302.5,Lower quintile,0.8449586263404405,0.7189311565445802,0.9067324391886524,323
aVR,-300.0,Lower quintile,0.8480770160460974,0.7214952209601104,0.9106300753549114,323
aVR,-297.5,Lower quintile,0.8457141752446529,0.7150414092637833,0.9089262110783844,323
aVR,-295.0,Lower quintile,0.8401755203710436,0.7166680107688105,0.9075040728606356,323
aVR,-292.5,Lower quintile,0.8447426079710219,0.7191472683942562,0.9140825545799638,323
aVR,-290.0,Lower quintile,0.8408915515321185,0.7107306631793016,0.9139295795839728,323
aVR,-287.5,Lower quintile,0.8406887169571696,0.699155164020667,0.9083492412094727,323
aVR,-285.0,Lower quintile,0.8441129802373865,0.7119791882083546,0.9111123455661915,323
aVR,-282.5,Lower quintile,0.8468059613739256,0.7168660072437272,0.9129372176300188,323
aVR,-280.0,Lower quintile,0.8399302630452704,0.7027988435254218,0.9103658533130518,323
aVR,-277.5,Lower quintile,0.8452539842689524,0.7108650730678248,0.910507129249227,323
aVR,-275.0,Lower quintile,0.8492844300488888,0.7176711447352935,0.9138146191049545,323
aVR,-272.5,Lower quintile,0.8421526444721803,0.7112694242332307,0.9132018599734226,323
aVR,-270.0,Lower quintile,0.8435165204803501,0.708416221947122,0.9118775075721461,323
aVR,-267.5,Lower quintile,0.8469670669994245,0.7048040376081486,0.9151681092221884,323
aVR,-265.0,Lower quintile,0.8449207182000733,0.7061230332568728,0.9132451615897861,323
aVR,-262.5,Lower quintile,0.8370935589559203,0.7064896018648092,0.9074280605721741,323
aVR,-260.0,Lower quintile,0.8446753467097216,0.7143302114948968,0.9137080266406559,323
aVR,-257.5,Lower quintile,0.8437851407025989,0.7157493001529112,0.9168614934717004,323
aVR,-255.0,Lower quintile,0.8417553588178157,0.7058522051107778,0.9119717466601565,323
aVR,-252.5,Lower quintile,0.8511085019630072,0.7109810298966045,0.9131056630814262,323
aVR,-250.0,Lower quintile,0.8563082618230999,0.7089008146682276,0.9167082490748983,323
aVR,-247.5,Lower quintile,0.8466362092643437,0.7003709370080233,0.9112725885624077,323
aVR,-245.0,Lower quintile,0.8472805415308411,0.7017340925794466,0.9082081590209936,323
aVR,-242.5,Lower quintile,0.8496556296002268,0.7087983043019495,0.9106584700994731,323
aVR,-240.0,Lower quintile,0.847865150243291,0.7054193348086639,0.9101200772200531,323
aVR,-237.5,Lower quintile,0.8465909039218957,0.6978114172469975,0.90897343733951,323
aVR,-235.0,Lower quintile,0.8519743239364084,0.7048581866686212,0.9126352353723679,323
aVR,-232.5,Lower quintile,0.8469320506564635,0.700518874114818,0.9141208786572885,323
aVR,-230.0,Lower quintile,0.8409090857893062,0.696595263844771,0.9089517636850986,323
aVR,-227.5,Lower quintile,0.8425109507847065,0.6992595517616097,0.9076612869165787,323
aVR,-225.0,Lower quintile,0.8413630813375036,0.6941670151523952,0.9089687027883129,323
aVR,-222.5,Lower quintile,0.8418341164793948,0.6921620841172922,0.9055842922845423,323
aVR,-220.0,Lower quintile,0.8383932177673656,0.693342601217261,0.9074450813987818,323
aVR,-217.5,Lower quintile,0.8347107340372822,0.6939881339381646,0.9066875291708267,323
aVR,-215.0,Lower quintile,0.8299999418729013,0.6957987374592483,0.9042178710623672,323
aVR,-212.5,Lower quintile,0.8223195859589584,0.6908978098360353,0.9044314499775964,323
aVR,-210.0,Lower quintile,0.8255237438449877,0.6885135130242206,0.9040221099019313,323
aVR,-207.5,Lower quintile,0.8219383388298931,0.6857631914022528,0.908420531693009,323
aVR,-205.0,Lower quintile,0.8178038928014927,0.6810047302730384,0.9029503794634275,323
aVR,-202.5,Lower quintile,0.8161442121548819,0.6798777654368311,0.9000613105993154,323
aVR,-200.0,Lower quintile,0.8205632414842995,0.680086239669554,0.9030583089844915,323
aVR,-197.5,Lower quintile,0.8168268719623076,0.6725165032255347,0.9006751549856964,323
aVR,-195.0,Lower quintile,0.8125790620040698,0.6738674013118413,0.8983251079938863,323
aVR,-192.5,Lower quintile,0.8124554555142455,0.6728724609255119,0.8982582089700061,323
aVR,-190.0,Lower quintile,0.8082434580602713,0.6695935667724513,0.8957919831099292,323
aVR,-187.5,Lower quintile,0.8032650450721855,0.6600469797214903,0.8910612632115931,323
aVR,-185.0,Lower quintile,0.8084756959448978,0.6614329651766604,0.8939904460916696,323
aVR,-182.5,Lower quintile,0.8079336372361472,0.6661781033079932,0.8937287920344479,323
aVR,-180.0,Lower quintile,0.8065126941997467,0.6543048919477532,0.886345492690567,323
aVR,-177.5,Lower quintile,0.8049040877372848,0.6579896279918507,0.8856653429844021,323
aVR,-175.0,Lower quintile,0.8040279308450111,0.6532951588168046,0.8849485020930639,323
aVR,-172.5,Lower quintile,0.7939609879084143,0.6351952642678584,0.8801154156770984,323
aVR,-170.0,Lower quintile,0.7930990326807514,0.6286265198047045,0.8749633975288588,323
aVR,-167.5,Lower quintile,0.7869805359666239,0.6231676189988868,0.8731568791919823,323
aVR,-165.0,Lower quintile,0.780832267279811,0.6183910925938267,0.8681501489639294,323
aVR,-162.5,Lower quintile,0.7757248463193905,0.6143447399894588,0.8628223435648364,323
aVR,-160.0,Lower quintile,0.7750854219290148,0.6197208038910058,0.8689257466846063,323
aVR,-157.5,Lower quintile,0.7835726878431233,0.6134383361228914,0.8665247027609115,323
aVR,-155.0,Lower quintile,0.7822161993437218,0.6072115137889389,0.8601768434473586,323
aVR,-152.5,Lower quintile,0.7826767916726747,0.6067288233811192,0.8625787602593276,323
aVR,-150.0,Lower quintile,0.7856712988516108,0.6197183470060768,0.8678870236670909,323
aVR,-147.5,Lower quintile,0.7701203431546376,0.6215597324619229,0.8622150884639123,323
aVR,-145.0,Lower quintile,0.7749526782425136,0.6233110668392159,0.8639598566924056,323
aVR,-142.5,Lower quintile,0.7750322718555565,0.6286066311659003,0.8620787484189081,323
aVR,-140.0,Lower quintile,0.7756868409222802,0.6316207219736307,0.8581318360231956,323
aVR,-137.5,Lower quintile,0.7752354418712264,0.6366868184989054,0.8617829804370105,323
aVR,-135.0,Lower quintile,0.7744143272846036,0.6298930143282475,0.8625086770505782,323
aVR,-132.5,Lower quintile,0.7811533347737931,0.637258832271933,0.8676327224262793,323
aVR,-130.0,Lower quintile,0.7841982038933653,0.6379430348870612,0.8621090328945082,323
aVR,-127.5,Lower quintile,0.7906178854142193,0.6479307794744917,0.867306688380011,323
aVR,-125.0,Lower quintile,0.7935662791997936,0.6572674984561113,0.8763487316616593,323
aVR,-122.5,Lower quintile,0.7994027390499151,0.6589440035430771,0.8763459013485498,323
aVR,-120.0,Lower quintile,0.7993458238803213,0.6509038903544149,0.8781391302806204,323
aVR,-117.5,Lower quintile,0.8024085511444233,0.666143026740359,0.8880498024220158,323
aVR,-115.0,Lower quintile,0.80289142069276,0.6683642526769352,0.8907025845517726,323
aVR,-112.5,Lower quintile,0.8040999818277409,0.6724044275376504,0.8927172247057392,323
aVR,-110.0,Lower quintile,0.812965895358034,0.683008669593171,0.8997629644077283,323
aVR,-107.5,Lower quintile,0.8181262551709833,0.6934014216226114,0.9064527862766919,323
aVR,-105.0,Lower quintile,0.8263905471619192,0.6959371498038388,0.9047662483423242,323
aVR,-102.5,Lower quintile,0.8322389125963097,0.7055497712454648,0.9093904032817225,323
aVR,-100.0,Lower quintile,0.8467414969961289,0.7104296651894633,0.9168841057649233,323
aVR,-97.5,Lower quintile,0.8473837702589788,0.7106314139118544,0.9192367131307051,323
aVR,-95.0,Lower quintile,0.8499888821824922,0.715076307487277,0.9199514561115352,323
aVR,-92.5,Lower quintile,0.8584537665929486,0.7301130062065154,0.9249944798467801,323
aVR,-90.0,Lower quintile,0.8615233337343138,0.7267335196085044,0.9288945338850126,323
aVR,-87.5,Lower quintile,0.8662274672275636,0.7257778183573498,0.9266898913891074,323
aVR,-85.0,Lower quintile,0.8740472390299182,0.7349570442317097,0.9321526566599361,323
aVR,-82.5,Lower quintile,0.8798181010421203,0.7430114457261145,0.9355034083843006,323
aVR,-80.0,Lower quintile,0.8748364594157141,0.7444686023385554,0.9373731415460584,323
aVR,-77.5,Lower quintile,0.8824069841236022,0.7494501029706299,0.9418709431644289,323
aVR,-75.0,Lower quintile,0.8834283740985943,0.7541604274737344,0.9448758458697214,323
aVR,-72.5,Lower quintile,0.8844961972039652,0.7528512182530931,0.9401508951612629,323
aVR,-70.0,Lower quintile,0.8838322557044368,0.7500059142596407,0.9411540725245977,323
aVR,-67.5,Lower quintile,0.8866543523533823,0.7550138171140482,0.9424959425842472,323
aVR,-65.0,Lower quintile,0.8865003695558402,0.7529733359635349,0.9455629372155547,323
aVR,-62.5,Lower quintile,0.8869096003244765,0.7422207163060615,0.9393826097982583,323
aVR,-60.0,Lower quintile,0.8952169885929814,0.7491608666725953,0.9445468052453134,323
aVR,-57.5,Lower quintile,0.8936295437790948,0.7503609015570972,0.9472840849447128,323
aVR,-55.0,Lower quintile,0.8848497357544854,0.7441952996006106,0.9449215426562365,323
aVR,-52.5,Lower quintile,0.883298255634983,0.751538855254088,0.9439229302457657,323
aVR,-50.0,Lower quintile,0.8836938864127524,0.7588575211086366,0.9452967020413121,323
aVR,-47.5,Lower quintile,0.8847611186461041,0.752061295065245,0.9407489160044364,323
aVR,-45.0,Lower quintile,0.8818227166333532,0.749701867903366,0.937272188570131,323
aVR,-42.5,Lower quintile,0.8797310757466974,0.7501106089749416,0.9417421334382003,323
aVR,-40.0,Lower quintile,0.8791684960122169,0.7467363374847529,0.9459189179375964,323
aVR,-37.5,Lower quintile,0.8772109636371022,0.7472171702089518,0.946336769915789,323
aVR,-35.0,Lower quintile,0.882320820517131,0.7429873189671738,0.9528521960304515,323
aVR,-32.5,Lower quintile,0.8825685659133559,0.7470109186038951,0.9535524372564504,323
aVR,-30.0,Lower quintile,0.8698171261565925,0.7250845339379135,0.9548198355806266,323
aVR,-27.5,Lower quintile,0.8470444272525469,0.7132166960554152,0.9465357059385111,323
aVR,-25.0,Lower quintile,0.8139609271232282,0.6703460298958475,0.9245122122615121,323
aVR,-22.5,Lower quintile,0.7524928695110296,0.6073416741789665,0.8959720763639747,323
aVR,-20.0,Lower quintile,0.684057571360499,0.5082316516785051,0.8473263200925814,323
aVR,-17.5,Lower quintile,0.6134600330652449,0.41705068691819625,0.7763029210138659,323
aVR,-15.0,Lower quintile,0.49107264139760215,0.30807453916544514,0.7001075187594507,323
aVR,-12.5,Lower quintile,0.36658726344727416,0.19168800641952582,0.6147414620318015,323
aVR,-10.0,Lower quintile,0.26432340987466973,0.12549370476838764,0.475848963983717,323
aVR,-7.5,Lower quintile,0.18068950634112924,0.05752100890839386,0.382992084734357,323
aVR,-5.0,Lower quintile,0.08564525500065052,0.018591945497068732,0.2794400765007453,323
aVR,-2.5,Lower quintile,0.07423055244891871,0.007822361774142292,0.25466338965040825,323
aVR,0.0,Lower quintile,0.1055757289091948,0.025005410454691766,0.2640208157463425,323
aVR,2.5,Lower quintile,0.16767924309752255,0.05623068482962562,0.38516547194987827,323
aVR,5.0,Lower quintile,0.2949409229034824,0.1438945427969826,0.5174375200599115,323
aVR,7.5,Lower quintile,0.44772710566816387,0.2580531515833965,0.6652417086231127,323
aVR,10.0,Lower quintile,0.58737406294211,0.35907221188051985,0.763175634712646,323
aVR,12.5,Lower quintile,0.7113169803744134,0.4958635611170541,0.8519363631218206,323
aVR,15.0,Lower quintile,0.8019245511647239,0.6244282731549132,0.9158742342898586,323
aVR,17.5,Lower quintile,0.8510887470579803,0.7089192211265103,0.953944871450823,323
aVR,20.0,Lower quintile,0.886412891191667,0.7603325605319791,0.9688141772308807,323
aVR,22.5,Lower quintile,0.9085794271684993,0.7973029244556595,0.9666841190104822,323
aVR,25.0,Lower quintile,0.9107546340223033,0.825937912305319,0.965347943922929,323
aVR,27.5,Lower quintile,0.9037660780084016,0.8266178851849791,0.9533945614753043,323
aVR,30.0,Lower quintile,0.9025074126738734,0.8315317532506961,0.9455249945496218,323
aVR,32.5,Lower quintile,0.8984235018364337,0.8384217357667965,0.9455001787830015,323
aVR,35.0,Lower quintile,0.8961938971350468,0.8313540275877489,0.9405857766561846,323
aVR,37.5,Lower quintile,0.8904086410484612,0.8109817947000131,0.9350861233815018,323
aVR,40.0,Lower quintile,0.8947602013468573,0.8099423127406123,0.94178353251019,323
aVR,42.5,Lower quintile,0.8968454420156802,0.8027147916244627,0.9375875643952826,323
aVR,45.0,Lower quintile,0.8924558054619958,0.7962682053193507,0.938026317820438,323
aVR,47.5,Lower quintile,0.8918069752608873,0.7903201989579831,0.9392592758684764,323
aVR,50.0,Lower quintile,0.8925068946128333,0.7951841753819441,0.9420598078300964,323
aVR,52.5,Lower quintile,0.8926144549891727,0.7879970651863331,0.9402519976365422,323
aVR,55.0,Lower quintile,0.8877969355602893,0.7816609528519655,0.9414144560052334,323
aVR,57.5,Lower quintile,0.8897660114572951,0.7803151348590996,0.942284609860282,323
aVR,60.0,Lower quintile,0.8867727195077628,0.7749349304849532,0.942456817586196,323
aVR,62.5,Lower quintile,0.8851335532333353,0.7703852646735027,0.9398155443760281,323
aVR,65.0,Lower quintile,0.8864713236884496,0.7716488207879106,0.9393545663403534,323
aVR,67.5,Lower quintile,0.8832767242808355,0.7659219284717581,0.9398432012635294,323
aVR,70.0,Lower quintile,0.8814809280274483,0.7461532418837213,0.9364744856270264,323
aVR,72.5,Lower quintile,0.8763856335691025,0.7439380134149391,0.9369346678103283,323
aVR,75.0,Lower quintile,0.8761322942794403,0.7443074155911216,0.935939875497907,323
aVR,77.5,Lower quintile,0.875438414595883,0.7347694147686405,0.9350174793371816,323
aVR,80.0,Lower quintile,0.8675272238517602,0.7250901466923148,0.9336466912850563,323
aVR,82.5,Lower quintile,0.8733979826430497,0.7278791405057028,0.9350078430210766,323
aVR,85.0,Lower quintile,0.8719209693754579,0.7277765995042096,0.9358709049927301,323
aVR,87.5,Lower quintile,0.8681762297721347,0.7234373825101608,0.9346842047690502,323
aVR,90.0,Lower quintile,0.8681970053954539,0.7253500525155246,0.9352275798334528,323
aVR,92.5,Lower quintile,0.8734499736071955,0.7196941084446254,0.9339721404917429,323
aVR,95.0,Lower quintile,0.8697059263942309,0.720621957659267,0.932642777727748,323
aVR,97.5,Lower quintile,0.8695445962822652,0.7188943664218614,0.9296752087922122,323
aVR,100.0,Lower quintile,0.8723249105387796,0.7174858636717676,0.9321560531969229,323
aVR,102.5,Lower quintile,0.8665566546989418,0.7178591921013371,0.9286666467792102,323
aVR,105.0,Lower quintile,0.8618043010462045,0.7128432702333883,0.9296058048305321,323
aVR,107.5,Lower quintile,0.8680627036621833,0.7034822069041609,0.9270415085155004,323
aVR,110.0,Lower quintile,0.8634892661584614,0.7091070140458684,0.9280733196199882,323
aVR,112.5,Lower quintile,0.8609834943869914,0.7077801192157761,0.9247342444606298,323
aVR,115.0,Lower quintile,0.861940735919043,0.7029263363881013,0.9282825417959395,323
aVR,117.5,Lower quintile,0.8638458038445425,0.7030763212045504,0.9282211168435155,323
aVR,120.0,Lower quintile,0.8581806885246503,0.696634822367155,0.925397934251289,323
aVR,122.5,Lower quintile,0.8583500530097611,0.7043273765353875,0.9224589971484103,323
aVR,125.0,Lower quintile,0.8647144627943621,0.7104142682095895,0.9232562234918771,323
aVR,127.5,Lower quintile,0.8604544381225868,0.7062075927447728,0.9265702447366432,323
aVR,130.0,Lower quintile,0.8550431520662574,0.7043719226483588,0.9253953372664775,323
aVR,132.5,Lower quintile,0.8580031076152854,0.7006265770973765,0.9237715320045742,323
aVR,135.0,Lower quintile,0.8548698927187346,0.700982977991573,0.91973848320137,323
aVR,137.5,Lower quintile,0.8507226628907198,0.7015348339187828,0.9182325856735988,323
aVR,140.0,Lower quintile,0.8543450626544604,0.6962415676593143,0.9167907413391146,323
aVR,142.5,Lower quintile,0.8535500795376638,0.6918362806375835,0.9126691292865049,323
aVR,145.0,Lower quintile,0.8485132424070077,0.6930891026785181,0.914897930781433,323
aVR,147.5,Lower quintile,0.8477300516932879,0.691359048789022,0.9136494566431714,323
aVR,150.0,Lower quintile,0.8475679442913369,0.6892874229857243,0.9119214196933481,323
aVR,152.5,Lower quintile,0.8434679256134527,0.6910577337100192,0.9105940771201209,323
aVR,155.0,Lower quintile,0.8417948370351052,0.693066868917977,0.9087486444399693,323
aVR,157.5,Lower quintile,0.8432794064657547,0.6880893725110333,0.909989183959591,323
aVR,160.0,Lower quintile,0.8400673160227308,0.6866380415589975,0.9074092966193894,323
aVR,162.5,Lower quintile,0.8334001800499767,0.6773626495747735,0.9077021895984073,323
aVR,165.0,Lower quintile,0.8317179243707543,0.6803077911493474,0.907845745717952,323
aVR,167.5,Lower quintile,0.8291011128951045,0.6802769266744076,0.90336574848182,323
aVR,170.0,Lower quintile,0.829468237913019,0.6754327126956007,0.9027822078581507,323
aVR,172.5,Lower quintile,0.8267147439695487,0.6695917340292161,0.9007896301396734,323
aVR,175.0,Lower quintile,0.822970338119283,0.6748263972832063,0.8993614384733742,323
aVR,177.5,Lower quintile,0.8227952513167642,0.6657053909292248,0.8926650197016488,323
aVR,180.0,Lower quintile,0.8188530812502305,0.6711701357221099,0.8928294105403765,323
aVR,182.5,Lower quintile,0.8149003381500654,0.6686228572971002,0.8922465895303382,323
aVR,185.0,Lower quintile,0.8113471734463261,0.6615393984949539,0.8888901835461345,323
aVR,187.5,Lower quintile,0.7987426510315777,0.6575554229999688,0.8908470678962367,323
aVR,190.0,Lower quintile,0.8000834772110624,0.6550974796770618,0.887892779160981,323
aVR,192.5,Lower quintile,0.7912772544560425,0.6511882032124019,0.8877749443907399,323
aVR,195.0,Lower quintile,0.7831754837375078,0.6420473894550802,0.8814382443182001,323
aVR,197.5,Lower quintile,0.7792151372920286,0.638959499615869,0.8738988041188327,323
aVR,200.0,Lower quintile,0.778957452804321,0.6310919951402026,0.8746706082477571,323
aVR,202.5,Lower quintile,0.7706927333145239,0.6315488714727368,0.8710539476295748,323
aVR,205.0,Lower quintile,0.7659219189256461,0.625096482294561,0.8664124156506963,323
aVR,207.5,Lower quintile,0.769532801835556,0.6220442865119058,0.8643082084049749,323
aVR,210.0,Lower quintile,0.7623089154142411,0.6137627902400655,0.8584626269420983,323
aVR,212.5,Lower quintile,0.756910111867197,0.6122196071100701,0.8538256430988589,323
aVR,215.0,Lower quintile,0.7541513882663273,0.6092601837068773,0.8521947502349622,323
aVR,217.5,Lower quintile,0.7463769878628054,0.6074244877889563,0.8517388878874834,323
aVR,220.0,Lower quintile,0.7369978188897484,0.5888248910918674,0.8411230337425574,323
aVR,222.5,Lower quintile,0.7350720371050045,0.583000703302349,0.8432081241002394,323
aVR,225.0,Lower quintile,0.7250206446079708,0.5807307737063643,0.8445704724478225,323
aVR,227.5,Lower quintile,0.7229652565462569,0.5699796418476546,0.8355738126064169,323
aVR,230.0,Lower quintile,0.7150054638133004,0.5604191713503806,0.828657199782036,323
aVR,232.5,Lower quintile,0.7016872930300586,0.5629226110341694,0.8342862089667664,323
aVR,235.0,Lower quintile,0.7037797100085964,0.5529526975412962,0.826079303713941,323
aVR,237.5,Lower quintile,0.7050106353546686,0.5442864225977183,0.8222927676302004,323
aVR,240.0,Lower quintile,0.7015225524976595,0.5417188464478155,0.8161939157718019,323
aVR,242.5,Lower quintile,0.6989094897373608,0.5477492675575497,0.8097602033609126,323
aVR,245.0,Lower quintile,0.6885032424657529,0.534939751171525,0.8040972309274745,323
aVR,247.5,Lower quintile,0.6887752951248871,0.5401525142730117,0.7994403681230922,323
aVR,250.0,Lower quintile,0.6861188377739732,0.5410292592854958,0.8011604011681996,323
aVR,252.5,Lower quintile,0.6775999003478643,0.5460439250291276,0.796190877803213,323
aVR,255.0,Lower quintile,0.6753107081786835,0.5422132986114099,0.7877408050841288,323
aVR,257.5,Lower quintile,0.6765792542509305,0.5329746803677019,0.7954761812788305,323
aVR,260.0,Lower quintile,0.6751649964708355,0.5449710806449976,0.7846024386855583,323
aVR,262.5,Lower quintile,0.6682932845364336,0.5419967649634059,0.783283162704742,323
aVR,265.0,Lower quintile,0.6741142815371146,0.5422947516461867,0.7855447159497808,323
aVR,267.5,Lower quintile,0.6753157726429468,0.5398970723649656,0.783737710005147,323
aVR,270.0,Lower quintile,0.6735867476907684,0.5219823181537621,0.783001049925263,323
aVR,272.5,Lower quintile,0.6801713692028418,0.5353100772842239,0.7861681737097326,323
aVR,275.0,Lower quintile,0.688155855093531,0.53967871034025,0.7946285561971205,323
aVR,277.5,Lower quintile,0.6842392614701531,0.526881209715488,0.7980846972065407,323
aVR,280.0,Lower quintile,0.6831834527712844,0.5114194647324957,0.7981502121792489,323
aVR,282.5,Lower quintile,0.683072485744293,0.52423630713028,0.800243845349185,323
aVR,285.0,Lower quintile,0.6790761403225092,0.5243770211328975,0.7976684392071504,323
aVR,287.5,Lower quintile,0.6757950291575847,0.5265755918370459,0.8052300819906322,323
aVR,290.0,Lower quintile,0.6842618910293423,0.521234783271791,0.8076424681789285,323
aVR,292.5,Lower quintile,0.6854349024441694,0.5297127618713322,0.8124105894986763,323
aVR,295.0,Lower quintile,0.6941552459609686,0.5280179063930333,0.8109463793137134,323
aVR,297.5,Lower quintile,0.7024530284336632,0.5363422281769177,0.8136964834527782,323
aVR,300.0,Lower quintile,0.7094650203602575,0.5417726488079605,0.8184067703330659,323
aVR,302.5,Lower quintile,0.7117933316903846,0.5453368039063704,0.8192967030882395,323
aVR,305.0,Lower quintile,0.7103604148482622,0.5519789251703516,0.8269026176560657,323
aVR,307.5,Lower quintile,0.7215294588346571,0.5611967416872088,0.8315106179668214,323
aVR,310.0,Lower quintile,0.724900777933656,0.5558377820546827,0.8371983495873487,323
aVR,312.5,Lower quintile,0.7279175511098339,0.5634121559709429,0.8400133115922434,323
aVR,315.0,Lower quintile,0.7369504265608071,0.5761331555579473,0.8466615484896823,323
aVR,317.5,Lower quintile,0.7406295615315297,0.5824721066054395,0.8494872454860407,323
aVR,320.0,Lower quintile,0.7441602226367194,0.5730017237888829,0.8519859448434919,323
aVR,322.5,Lower quintile,0.7508616834358118,0.5819017231601553,0.8574143610170786,323
aVR,325.0,Lower quintile,0.7582851806248331,0.5909934654714324,0.8617773699872098,323
aVR,327.5,Lower quintile,0.7656818912147684,0.5919615925100071,0.863420201676766,323
aVR,330.0,Lower quintile,0.77134938139953,0.6005580263825088,0.866343037969268,323
aVR,332.5,Lower quintile,0.7802715591125562,0.6098961572928279,0.8696764285019946,323
aVR,335.0,Lower quintile,0.7825959584135863,0.6076768494829785,0.8707880776592624,323
aVR,337.5,Lower quintile,0.7823290057532651,0.6120062007133273,0.8755777609522435,323
aVR,340.0,Lower quintile,0.7913077321858694,0.6210109923753424,0.8771043537498209,323
aVR,342.5,Lower quintile,0.7981344679446456,0.6322640967628623,0.8773346302508259,323
aVR,345.0,Lower quintile,0.8034592751897108,0.6197005603414543,0.8808224377272557,323
aVR,347.5,Lower quintile,0.8032507808908711,0.6300353241058908,0.8858042020832309,323
aVR,350.0,Lower quintile,0.8070175381297052,0.6459126734720622,0.8885608901689227,323
aVR,352.5,Lower quintile,0.81072239958461,0.6490976209380864,0.88767041822315,323
aVR,355.0,Lower quintile,0.8106540917159241,0.6460299623415433,0.8945405042057926,323
aVR,357.5,Lower quintile,0.8153218810388083,0.6490309217545047,0.897588086765082,323
aVR,360.0,Lower quintile,0.8164143876623886,0.6609739415347422,0.8958402939860848,323
aVR,362.5,Lower quintile,0.8205108302588967,0.6659709243900405,0.8988771151017594,323
aVR,365.0,Lower quintile,0.8260594612491949,0.6670188150970373,0.9008938082007745,323
aVR,367.5,Lower quintile,0.8256210310081663,0.6792582129993188,0.9021907429697932,323
aVR,370.0,Lower quintile,0.8263893801897021,0.6867078713874694,0.9002986681698721,323
aVR,372.5,Lower quintile,0.8317425665221719,0.6898552090005395,0.9041705958593133,323
aVR,375.0,Lower quintile,0.8339919496926463,0.6942182776903653,0.9061433299211907,323
aVR,377.5,Lower quintile,0.8355836743327287,0.6893912563577531,0.903505050113685,323
aVR,380.0,Lower quintile,0.8402722623395713,0.6809214297875472,0.9027701923764504,323
aVR,382.5,Lower quintile,0.8396304812032248,0.6818484850694881,0.9087994986473411,323
aVR,385.0,Lower quintile,0.8373945298712715,0.6871701470282445,0.9057392290399646,323
aVR,387.5,Lower quintile,0.843275879205156,0.6909994357430274,0.9074858793948568,323
aVR,390.0,Lower quintile,0.8483577345659998,0.6929061563388871,0.9095930082119238,323
aVR,392.5,Lower quintile,0.8439729963964274,0.6966710470868998,0.9113929541410707,323
aVR,395.0,Lower quintile,0.8392742619115534,0.6962002427538069,0.9069585658962164,323
aVR,397.5,Lower quintile,0.8430118347536465,0.6961247077572794,0.9107737199748065,323
aVR,400.0,Lower quintile,0.84334407318832,0.701824634484788,0.9099586753681148,323
aVR,402.5,Lower quintile,0.837713056536294,0.7010544437007576,0.9085191490235092,323
aVR,405.0,Lower quintile,0.8350991827164018,0.6942722066817459,0.9090795537762095,323
aVR,407.5,Lower quintile,0.8411275399799611,0.6981332595284762,0.910905104942817,323
aVR,410.0,Lower quintile,0.837312865724779,0.7010941005981409,0.9082475535654341,323
aVR,412.5,Lower quintile,0.833385281157613,0.6931674684660266,0.9082084985772567,323
aVR,415.0,Lower quintile,0.8313969666915654,0.7007721286624727,0.9146040541537733,323
aVR,417.5,Lower quintile,0.829863613219481,0.6993768347407878,0.9120272670079246,323
aVR,420.0,Lower quintile,0.8325667464091469,0.6960723203822126,0.9101789346584896,323
aVR,422.5,Lower quintile,0.8421186279058942,0.693965571473505,0.9123855485867132,323
aVR,425.0,Lower quintile,0.8389489633439962,0.6979954230276304,0.9142206438093472,323
aVR,427.5,Lower quintile,0.8291512173555552,0.7005580116254462,0.9077019207937682,323
aVR,430.0,Lower quintile,0.8340336056952573,0.7019715655716883,0.9065471138936549,323
aVR,432.5,Lower quintile,0.8386183958959536,0.7060288909025572,0.9136880062344981,323
aVR,435.0,Lower quintile,0.8375719199021259,0.7058745995042861,0.9114661042052925,323
aVR,437.5,Lower quintile,0.8328142397221238,0.7055981275960158,0.9063970217990833,323
aVR,440.0,Lower quintile,0.8327342261915314,0.7039874282304699,0.9108783556184847,323
aVR,442.5,Lower quintile,0.8330396669608953,0.7052008104251654,0.9068806204993793,323
aVR,445.0,Lower quintile,0.8353852157407254,0.7026723976189175,0.9045087377027634,323
aVR,447.5,Lower quintile,0.8398794685971304,0.6993849515719643,0.9072877993679018,323
aVR,450.0,Lower quintile,0.8406887169571696,0.7088254833838713,0.9111678832649348,323
aVR,452.5,Lower quintile,0.8389598782080241,0.7065842104335336,0.9082528543154889,323
aVR,455.0,Lower quintile,0.8410403676489968,0.7017901396075292,0.9092476024653897,323
aVR,457.5,Lower quintile,0.8448448239787971,0.7088098173519783,0.9108950664827147,323
aVR,460.0,Lower quintile,0.8406465541637571,0.7080529746062056,0.9071391907003643,323
aVR,462.5,Lower quintile,0.8349870872435093,0.7059449692976869,0.9057733663414342,323
aVR,465.0,Lower quintile,0.8387281437075269,0.7052894474365061,0.9096612235952815,323
aVR,467.5,Lower quintile,0.8387367958355195,0.7066765418806437,0.9124720265930567,323
aVR,470.0,Lower quintile,0.8327937043755543,0.7072248002543614,0.9091291825212661,323
aVR,472.5,Lower quintile,0.8338270082152517,0.7056013688320972,0.9130391342603836,323
aVR,475.0,Lower quintile,0.837182503661008,0.7015021446964156,0.9141732940942164,323
aVR,477.5,Lower quintile,0.8332297529033834,0.7029677378355199,0.9084531381413901,323
aVR,480.0,Lower quintile,0.8300814651515882,0.6945921252340886,0.9098609802143056,323
aVR,482.5,Lower quintile,0.8392669676504761,0.6980657607221274,0.9140120295262043,323
aVR,485.0,Lower quintile,0.836546493049426,0.6993749664182761,0.9111242414218034,323
aVR,487.5,Lower quintile,0.8324776207641651,0.7010610946463103,0.9100046021386221,323
aVR,490.0,Lower quintile,0.8319353795250469,0.6973858979112345,0.9124746049788115,323
aVR,492.5,Lower quintile,0.8343149712848771,0.6973509376937314,0.9073642960494903,323
aVR,495.0,Lower quintile,0.8317425596521985,0.6942497029734089,0.9085073023806556,323
aVR,497.5,Lower quintile,0.8330456195807051,0.6960599049105978,0.9088791915775856,323
aVL,-500.0,Lower quintile,0.20839605423461763,0.12479906005963683,0.3379095689364384,323
aVL,-497.5,Lower quintile,0.20602077779457229,0.12176731020739469,0.3479086899203079,323
aVL,-495.0,Lower quintile,0.2047816849410107,0.11905195142895329,0.3500553899980139,323
aVL,-492.5,Lower quintile,0.2101340962238591,0.12511538645457174,0.34995202786130897,323
aVL,-490.0,Lower quintile,0.2040118040954035,0.11865067746599817,0.34827436722991467,323
aVL,-487.5,Lower quintile,0.20247836557003138,0.1128382135269208,0.34637611870158524,323
aVL,-485.0,Lower quintile,0.2053429084647933,0.11898542525434613,0.34483719701468085,323
aVL,-482.5,Lower quintile,0.208456989637237,0.12137391642643199,0.3406565496918618,323
aVL,-480.0,Lower quintile,0.2109539743852125,0.11255569513407573,0.3387167953077204,323
aVL,-477.5,Lower quintile,0.21280347053255327,0.11448136600341173,0.34182953427702945,323
aVL,-475.0,Lower quintile,0.21076087948003494,0.12031034511058014,0.3517961648429663,323
aVL,-472.5,Lower quintile,0.20475268126286544,0.1104484729743073,0.3460664545493496,323
aVL,-470.0,Lower quintile,0.20327544375903767,0.10852951577040842,0.3393678182477823,323
aVL,-467.5,Lower quintile,0.2047612249631259,0.11374737172941034,0.34518550443405227,323
aVL,-465.0,Lower quintile,0.20554102925418213,0.1144406496007207,0.3398721603376539,323
aVL,-462.5,Lower quintile,0.20079490560987637,0.10782654900938154,0.33746703856634985,323
aVL,-460.0,Lower quintile,0.20388348844388318,0.11173601049837203,0.3430260097146586,323
aVL,-457.5,Lower quintile,0.20859607070866912,0.11587132688474072,0.34810205231457,323
aVL,-455.0,Lower quintile,0.19417475160393322,0.11408998719015262,0.34396644012600897,323
aVL,-452.5,Lower quintile,0.19338840253637207,0.11237344106585206,0.3397802599510358,323
aVL,-450.0,Lower quintile,0.19777057957311717,0.11555148713585886,0.3467072197426261,323
aVL,-447.5,Lower quintile,0.19630364989085142,0.11279956812882388,0.33952571935410725,323
aVL,-445.0,Lower quintile,0.19736640959219906,0.11102392412972584,0.3369419453744308,323
aVL,-442.5,Lower quintile,0.198507818877882,0.11245414987646751,0.33988237065981514,323
aVL,-440.0,Lower quintile,0.19689396888172145,0.11251049937717661,0.3410773341569088,323
aVL,-437.5,Lower quintile,0.19760582388444523,0.10973139313517188,0.3434404720309769,323
aVL,-435.0,Lower quintile,0.2028487100789481,0.11035016047338472,0.339993100865994,323
aVL,-432.5,Lower quintile,0.2000998185707629,0.11133790695227222,0.34505298359547787,323
aVL,-430.0,Lower quintile,0.19450215582624428,0.10779829065982019,0.341076777586643,323
aVL,-427.5,Lower quintile,0.19274773499823067,0.1082539665829477,0.34661200108680257,323
aVL,-425.0,Lower quintile,0.1946945161334669,0.10978311516955142,0.3488898999740597,323
aVL,-422.5,Lower quintile,0.18625763316865993,0.11260098160606717,0.34543644184429856,323
aVL,-420.0,Lower quintile,0.1883798920488239,0.10906018224300834,0.3254978373846003,323
aVL,-417.5,Lower quintile,0.19689669828084963,0.1122386072238925,0.3289824900438219,323
aVL,-415.0,Lower quintile,0.1936012986568156,0.10893472613944996,0.33068591634338085,323
aVL,-412.5,Lower quintile,0.19470963349949014,0.10493878891862103,0.32950427397380216,323
aVL,-410.0,Lower quintile,0.19311448588799696,0.10831198877574272,0.33819564380023337,323
aVL,-407.5,Lower quintile,0.201245966808317,0.11004332121138798,0.3431557859324638,323
aVL,-405.0,Lower quintile,0.19270402857364347,0.10638382793155232,0.33607999159472735,323
aVL,-402.5,Lower quintile,0.19501695327191043,0.10968166058611853,0.33760143637769113,323
aVL,-400.0,Lower quintile,0.19818081875208307,0.11186185779272773,0.33740891746989976,323
aVL,-397.5,Lower quintile,0.1894025841081611,0.11146168337253126,0.33324154665013894,323
aVL,-395.0,Lower quintile,0.18980508660893977,0.10578065620494151,0.33233582311851484,323
aVL,-392.5,Lower quintile,0.19648391167887644,0.1104513271991108,0.3502883902256848,323
aVL,-390.0,Lower quintile,0.18972349619333465,0.10916826921801372,0.35117617911559085,323
aVL,-387.5,Lower quintile,0.19022181338012165,0.10431637033196155,0.3419767045689246,323
aVL,-385.0,Lower quintile,0.19361104486662192,0.10539090355664585,0.340594037240583,323
aVL,-382.5,Lower quintile,0.20044714859013424,0.1062462205835718,0.3354499308363331,323
aVL,-380.0,Lower quintile,0.18690676926200778,0.10159500471794067,0.33299077782914865,323
aVL,-377.5,Lower quintile,0.18780396018480153,0.10265311659879672,0.3391331092569612,323
aVL,-375.0,Lower quintile,0.19323703355704808,0.10473795564511923,0.3405963463645365,323
aVL,-372.5,Lower quintile,0.18693597647166624,0.10581786208549099,0.33739853903271355,323
aVL,-370.0,Lower quintile,0.1894025841081611,0.10445410902086547,0.3453278800241024,323
aVL,-367.5,Lower quintile,0.1903784463006059,0.11244276455646107,0.3417022742391934,323
aVL,-365.0,Lower quintile,0.19229564572581284,0.10982616115143887,0.3422905983983583,323
aVL,-362.5,Lower quintile,0.1855701944765724,0.10751915389945688,0.3333362851534274,323
aVL,-360.0,Lower quintile,0.19037277495306684,0.1128235006342033,0.3359770045638233,323
aVL,-357.5,Lower quintile,0.19850808509854775,0.11117605445143428,0.33521207651594,323
aVL,-355.0,Lower quintile,0.18660415224235125,0.10623510624604118,0.3313090077103088,323
aVL,-352.5,Lower quintile,0.19946941701761525,0.10680817089889735,0.33426201630616725,323
aVL,-350.0,Lower quintile,0.19882048041943914,0.11049543972686754,0.3453249040199239,323
aVL,-347.5,Lower quintile,0.18525770143869857,0.10586171835979168,0.3331381459622803,323
aVL,-345.0,Lower quintile,0.18628392434635932,0.105150866898628,0.3335348453988777,323
aVL,-342.5,Lower quintile,0.19598846853732685,0.11173156937445966,0.3373415762214157,323
aVL,-340.0,Lower quintile,0.1866645093395863,0.10988635666276646,0.33457688718792966,323
aVL,-337.5,Lower quintile,0.1814196523236546,0.10633719189134164,0.3361742454137103,323
aVL,-335.0,Lower quintile,0.19169172705066614,0.11118330093538473,0.33861447849586246,323
aVL,-332.5,Lower quintile,0.19590491561454212,0.11117564402027946,0.3371824264501818,323
aVL,-330.0,Lower quintile,0.1807329713160993,0.10979212387077307,0.3418261306069664,323
aVL,-327.5,Lower quintile,0.1889833339737815,0.11178921480454485,0.33667349554202164,323
aVL,-325.0,Lower quintile,0.2001108690376071,0.11204232774580597,0.3446635598997949,323
aVL,-322.5,Lower quintile,0.19123376068650788,0.10950312293938676,0.3351177442304167,323
aVL,-320.0,Lower quintile,0.18576376074647277,0.10952902538681143,0.3428251784588819,323
aVL,-317.5,Lower quintile,0.19244173557477753,0.1145082225638133,0.33775372174260143,323
aVL,-315.0,Lower quintile,0.19298944564819448,0.10894489410693292,0.34108539399337967,323
aVL,-312.5,Lower quintile,0.18467541038350796,0.10209434684062141,0.33494743733700133,323
aVL,-310.0,Lower quintile,0.19981002890918415,0.11235682997522448,0.33848637342384524,323
aVL,-307.5,Lower quintile,0.20062543428432275,0.11234097193262615,0.33891991742055433,323
aVL,-305.0,Lower quintile,0.18636106766602376,0.10654431431198719,0.3393965693726244,323
aVL,-302.5,Lower quintile,0.19032456938803163,0.10919551213070405,0.3443756408365954,323
aVL,-300.0,Lower quintile,0.19309225702875285,0.11043419202316293,0.3479805298846186,323
aVL,-297.5,Lower quintile,0.18646175620346828,0.11024700496672764,0.34740400867414967,323
aVL,-295.0,Lower quintile,0.18949573525497831,0.10693436563562317,0.33662706061757675,323
aVL,-292.5,Lower quintile,0.19046975601673344,0.11195106380974687,0.34180137322049553,323
aVL,-290.0,Lower quintile,0.1971011727069827,0.1130481259357148,0.34209860291253325,323
aVL,-287.5,Lower quintile,0.19121801307548533,0.10960533090071059,0.34382879914736286,323
aVL,-285.0,Lower quintile,0.19234891283612576,0.11211268467096625,0.34195403007759734,323
aVL,-282.5,Lower quintile,0.2011054402139326,0.11482725974270905,0.3402739800896315,323
aVL,-280.0,Lower quintile,0.19470650026024042,0.1084095073698372,0.3356698793420666,323
aVL,-277.5,Lower quintile,0.19970034941076378,0.10912504497512891,0.3363192576899765,323
aVL,-275.0,Lower quintile,0.20408906709188634,0.11344648244550709,0.3438733103095424,323
aVL,-272.5,Lower quintile,0.19281944424115893,0.10983506131783011,0.34044067819460233,323
aVL,-270.0,Lower quintile,0.19543837749195098,0.10773026087891693,0.33778512941828776,323
aVL,-267.5,Lower quintile,0.19864476216531562,0.11298589092473584,0.34790302127971157,323
aVL,-265.0,Lower quintile,0.1958342398554355,0.11227733847215249,0.34447037727174806,323
aVL,-262.5,Lower quintile,0.19645462680124753,0.10854153538238681,0.3384887457266894,323
aVL,-260.0,Lower quintile,0.1949045531592857,0.11095630150147354,0.3403369886221042,323
aVL,-257.5,Lower quintile,0.2040118040954035,0.11277283583119357,0.35322452676077354,323
aVL,-255.0,Lower quintile,0.19816988752656556,0.10648645502186152,0.35585799283256014,323
aVL,-252.5,Lower quintile,0.19711312347738064,0.10856309889726573,0.347540609820171,323
aVL,-250.0,Lower quintile,0.2003636061122038,0.11301823550244275,0.35091077651699165,323
aVL,-247.5,Lower quintile,0.20130509265586313,0.1074282780607888,0.34812612140429,323
aVL,-245.0,Lower quintile,0.1962075888782981,0.10845371769185377,0.3467790287990984,323
aVL,-242.5,Lower quintile,0.20465057865224157,0.11207000672840789,0.34822098390884215,323
aVL,-240.0,Lower quintile,0.20428011131281576,0.10736899189115298,0.34900928273039467,323
aVL,-237.5,Lower quintile,0.19935136466581363,0.10586109223561105,0.3441701134546031,323
aVL,-235.0,Lower quintile,0.20112483951814217,0.10837061637927956,0.35045957611775214,323
aVL,-232.5,Lower quintile,0.20006237709750255,0.10922373847310801,0.358107178538506,323
aVL,-230.0,Lower quintile,0.1924626461530098,0.10435071740240698,0.3498956859727031,323
aVL,-227.5,Lower quintile,0.1900871115148897,0.10845792173378478,0.34453934960779775,323
aVL,-225.0,Lower quintile,0.20031276658785607,0.10552593631094395,0.3588390501957337,323
aVL,-222.5,Lower quintile,0.19689396888172145,0.10484311245666889,0.3576658724295627,323
aVL,-220.0,Lower quintile,0.19658395560973352,0.10151064036569708,0.34910352865897765,323
aVL,-217.5,Lower quintile,0.2031312908095672,0.10808701605291085,0.3501159284241123,323
aVL,-215.0,Lower quintile,0.2004542340481182,0.10677256162623353,0.35993027029635133,323
aVL,-212.5,Lower quintile,0.19205361003385515,0.10628706697886373,0.3381974378869078,323
aVL,-210.0,Lower quintile,0.19999998665705365,0.11108940616627658,0.34291771172120067,323
aVL,-207.5,Lower quintile,0.20150121549274,0.10999635063151023,0.3443096400622073,323
aVL,-205.0,Lower quintile,0.19820326560590054,0.1077595387515923,0.3481586664470947,323
aVL,-202.5,Lower quintile,0.19689396888172145,0.11123895034727029,0.3438521415112482,323
aVL,-200.0,Lower quintile,0.20281064599336257,0.11368815199282112,0.34769543893572497,323
aVL,-197.5,Lower quintile,0.19360145548309185,0.1123112688191244,0.3489411982113658,323
aVL,-195.0,Lower quintile,0.19868135978363935,0.11059932407894664,0.35521769802795045,323
aVL,-192.5,Lower quintile,0.20037451343147242,0.11154511517601534,0.3561991635875847,323
aVL,-190.0,Lower quintile,0.19481904581068865,0.11175148513602509,0.3534448041951488,323
aVL,-187.5,Lower quintile,0.191391290667061,0.11237634988600721,0.3411780527206147,323
aVL,-185.0,Lower quintile,0.19777057957311717,0.11331831011383928,0.33672635621481006,323
aVL,-182.5,Lower quintile,0.19840257560224825,0.11611439875087909,0.3428028962930252,323
aVL,-180.0,Lower quintile,0.19629637316001666,0.11254130408573665,0.35225990654196626,323
aVL,-177.5,Lower quintile,0.20172660393175323,0.11210930627131022,0.3556018184238977,323
aVL,-175.0,Lower quintile,0.20565335722163133,0.1180928795016547,0.355214493228561,323
aVL,-172.5,Lower quintile,0.20450413523408925,0.11725371286905734,0.3503000688301655,323
aVL,-170.0,Lower quintile,0.1984198216597161,0.11474982706862266,0.34836992250737486,323
aVL,-167.5,Lower quintile,0.2071543305701163,0.12430581110059921,0.3531409660789295,323
aVL,-165.0,Lower quintile,0.20957202323739735,0.12510925182547017,0.3655193544603988,323
aVL,-162.5,Lower quintile,0.20310540295637142,0.11932637059044658,0.35219322381542645,323
aVL,-160.0,Lower quintile,0.2085566254170282,0.1317682830914008,0.35342470091297884,323
aVL,-157.5,Lower quintile,0.21197012814031746,0.1305569104807378,0.37420804819198417,323
aVL,-155.0,Lower quintile,0.2110518362564589,0.12393370128858508,0.366299989430449,323
aVL,-152.5,Lower quintile,0.21889004525027336,0.12381383070615674,0.357332260212792,323
aVL,-150.0,Lower quintile,0.21975002116165945,0.1304324022541488,0.37190079749305344,323
aVL,-147.5,Lower quintile,0.2182197079670731,0.12460432351537828,0.3760879768141121,323
aVL,-145.0,Lower quintile,0.21892661838395927,0.12321310780274711,0.37206566477581143,323
aVL,-142.5,Lower quintile,0.22505787568338628,0.1307952869588639,0.38267525770372474,323
aVL,-140.0,Lower quintile,0.2219922684417298,0.13589981978094962,0.3978710514827235,323
aVL,-137.5,Lower quintile,0.21464345984603742,0.1297195942746543,0.3825243689006701,323
aVL,-135.0,Lower quintile,0.22347919547867157,0.13456157138152858,0.38697972109074497,323
aVL,-132.5,Lower quintile,0.22100644455192314,0.13999874552119265,0.38511770257682776,323
aVL,-130.0,Lower quintile,0.22118143870915172,0.13540357606068537,0.3617549926053607,323
aVL,-127.5,Lower quintile,0.2275187814725281,0.13963873586752223,0.36758793433998704,323
aVL,-125.0,Lower quintile,0.22368882185246652,0.14042553631918853,0.37019430997417035,323
aVL,-122.5,Lower quintile,0.22393683336361667,0.13691562633255963,0.36568915840056815,323
aVL,-120.0,Lower quintile,0.22719776857831703,0.13901356363669998,0.3574944043371726,323
aVL,-117.5,Lower quintile,0.23657086588349982,0.144261293965936,0.36093562084131364,323
aVL,-115.0,Lower quintile,0.23268858781192786,0.1425391788059202,0.36413075328945815,323
aVL,-112.5,Lower quintile,0.22502866928127602,0.13639858246034492,0.35609629032109147,323
aVL,-110.0,Lower quintile,0.2327391780832845,0.13905562335776625,0.36647970922358053,323
aVL,-107.5,Lower quintile,0.23184153960336162,0.1371963293695059,0.3652774952115475,323
aVL,-105.0,Lower quintile,0.22507166269983978,0.13288269111951628,0.3605343278097822,323
aVL,-102.5,Lower quintile,0.22306380113412635,0.1326391280690179,0.35589375918898786,323
aVL,-100.0,Lower quintile,0.22247860452522658,0.13076787452228994,0.3605509069576387,323
aVL,-97.5,Lower quintile,0.2180538462721845,0.12715677832883554,0.35853126244838573,323
aVL,-95.0,Lower quintile,0.21113639149356134,0.12391637311711448,0.3511188495713551,323
aVL,-92.5,Lower quintile,0.219286501702381,0.12552701574305858,0.3579470119691936,323
aVL,-90.0,Lower quintile,0.21557644410644497,0.12541842870902462,0.36102301698931605,323
aVL,-87.5,Lower quintile,0.21367213014276767,0.1199300710184848,0.3531240108522203,323
aVL,-85.0,Lower quintile,0.2131031533575787,0.12578231726188646,0.3537461283211476,323
aVL,-82.5,Lower quintile,0.20585035598284943,0.12341923784864635,0.35242524115218254,323
aVL,-80.0,Lower quintile,0.19853248759853628,0.1204261257276457,0.35045397259621247,323
aVL,-77.5,Lower quintile,0.20084433411297034,0.11698228896374524,0.3409548253140272,323
aVL,-75.0,Lower quintile,0.2045869778584019,0.12634540389222887,0.34975296237710374,323
aVL,-72.5,Lower quintile,0.19147033410623915,0.12278564105107881,0.3382840637430622,323
aVL,-70.0,Lower quintile,0.18796097141424192,0.12161849880801892,0.33710838765485385,323
aVL,-67.5,Lower quintile,0.1950733021300284,0.12151181907085803,0.34168596917188265,323
aVL,-65.0,Lower quintile,0.19656824059157704,0.12221544001540938,0.34819138480246203,323
aVL,-62.5,Lower quintile,0.1901922257421294,0.11432556591195833,0.3464368998226873,323
aVL,-60.0,Lower quintile,0.1933779267627683,0.11720503804928968,0.3463514562113618,323
aVL,-57.5,Lower quintile,0.19756279369976354,0.12245607077651127,0.35395026289976206,323
aVL,-55.0,Lower quintile,0.19406035268634722,0.11554792230896717,0.34085372751205056,323
aVL,-52.5,Lower quintile,0.19330991955280336,0.1207827632615323,0.3424973040793384,323
aVL,-50.0,Lower quintile,0.2006535749178139,0.12648073373742158,0.3482740523981034,323
aVL,-47.5,Lower quintile,0.18928870812957915,0.11908918468986297,0.3477172988933065,323
aVL,-45.0,Lower quintile,0.18311822538381206,0.11088456816901357,0.34470726888404246,323
aVL,-42.5,Lower quintile,0.17818756456820198,0.10657512841947497,0.36003778340949566,323
aVL,-40.0,Lower quintile,0.16121597990242686,0.08700357695862908,0.33844539400822904,323
aVL,-37.5,Lower quintile,0.14485238955479687,0.06482331726067284,0.3238099654059556,323
aVL,-35.0,Lower quintile,0.12871668581183068,0.051845167370631065,0.32334621391384155,323
aVL,-32.5,Lower quintile,0.11601279362265186,0.037077050741322524,0.3288926856032126,323
aVL,-30.0,Lower quintile,0.10083734656660218,0.02275617626820466,0.3113135899851761,323
aVL,-27.5,Lower quintile,0.11421699420231025,0.020321910220476302,0.31851376328086534,323
aVL,-25.0,Lower quintile,0.13128370966855826,0.04424356720709272,0.34825662065949103,323
aVL,-22.5,Lower quintile,0.17322553360680817,0.07539683674914702,0.3619807836560455,323
aVL,-20.0,Lower quintile,0.22252096493354437,0.13274624152012354,0.4107463969314883,323
aVL,-17.5,Lower quintile,0.30278656540784626,0.21104487986384785,0.48915622901852496,323
aVL,-15.0,Lower quintile,0.3995512160773334,0.2969618865457798,0.5385501959317796,323
aVL,-12.5,Lower quintile,0.500303753457488,0.41449232698984684,0.5890964030049757,323
aVL,-10.0,Lower quintile,0.6085887364630107,0.5160175999340149,0.6861600213788723,323
aVL,-7.5,Lower quintile,0.7450257693412508,0.6552984764152106,0.8017067147161474,323
aVL,-5.0,Lower quintile,0.8612057322756249,0.7926276976953633,0.9004771718192366,323
aVL,-2.5,Lower quintile,0.9576172706827629,0.9234716626339303,0.9774489339318246,323
aVL,0.0,Lower quintile,1.0,1.0,1.0,323
aVL,2.5,Lower quintile,0.9579819026798292,0.9157494619523451,0.9762410145912479,323
aVL,5.0,Lower quintile,0.860546297266359,0.7810003972869722,0.8996688972541178,323
aVL,7.5,Lower quintile,0.7288130093701152,0.6090039711158373,0.8086877069611857,323
aVL,10.0,Lower quintile,0.5837856095228471,0.44866844225745184,0.6962124523726139,323
aVL,12.5,Lower quintile,0.4694326235197275,0.34207619158385133,0.578760604544286,323
aVL,15.0,Lower quintile,0.36958913781220015,0.23873980582673038,0.532219622413737,323
aVL,17.5,Lower quintile,0.29717313141676266,0.16491060363375004,0.4726751332354545,323
aVL,20.0,Lower quintile,0.24218822363147277,0.11340240685426742,0.40633239131144894,323
aVL,22.5,Lower quintile,0.22681171014980336,0.0944987595473558,0.377691857425538,323
aVL,25.0,Lower quintile,0.20716503741870027,0.09339825261606846,0.3623131849908237,323
aVL,27.5,Lower quintile,0.18686432478453505,0.0985946535078597,0.3593875649836512,323
aVL,30.0,Lower quintile,0.18534846525326928,0.09791676989249627,0.33528027242657277,323
aVL,32.5,Lower quintile,0.1898107226098571,0.10578474372080109,0.3339562421034228,323
aVL,35.0,Lower quintile,0.17775933344081646,0.10416035115464312,0.3185082856091371,323
aVL,37.5,Lower quintile,0.17473352857554889,0.09841476821489846,0.30791470815661537,323
aVL,40.0,Lower quintile,0.1795302479144701,0.10625307800418386,0.3190242468241749,323
aVL,42.5,Lower quintile,0.18503267695203524,0.11194742907914881,0.3232685286295093,323
aVL,45.0,Lower quintile,0.1729778067456045,0.10671574262063196,0.3133252765140625,323
aVL,47.5,Lower quintile,0.16781356974545028,0.10605200282190616,0.3224847701859649,323
aVL,50.0,Lower quintile,0.16511598630595914,0.10697617036438918,0.3233060944280729,323
aVL,52.5,Lower quintile,0.15721848371709707,0.10134624299725858,0.31759283950477085,323
aVL,55.0,Lower quintile,0.1615363346637494,0.10137767377902823,0.3211044409973123,323
aVL,57.5,Lower quintile,0.16582955549190687,0.1055552370052672,0.33138225113118275,323
aVL,60.0,Lower quintile,0.17136590980813285,0.10475837082423181,0.32164341984006783,323
aVL,62.5,Lower quintile,0.16753475232363071,0.0977729480585863,0.32267137332605644,323
aVL,65.0,Lower quintile,0.17326642763132752,0.10631676033426113,0.32267592430043196,323
aVL,67.5,Lower quintile,0.1773033405705917,0.112106373769288,0.3292942874309221,323
aVL,70.0,Lower quintile,0.17565365278338232,0.10610198403419768,0.321699381590356,323
aVL,72.5,Lower quintile,0.17873070745035044,0.10647967108492838,0.3203419154552437,323
aVL,75.0,Lower quintile,0.18627809112604804,0.10716352608306945,0.33058487510057954,323
aVL,77.5,Lower quintile,0.18295386606517208,0.10502364793100855,0.33715943030280615,323
aVL,80.0,Lower quintile,0.1816742680887806,0.10449378999365795,0.33250212876021734,323
aVL,82.5,Lower quintile,0.19161764216462096,0.11001155531087353,0.33672784922034227,323
aVL,85.0,Lower quintile,0.18857439885727542,0.10715577880827878,0.34295932638867305,323
aVL,87.5,Lower quintile,0.18520572023058157,0.10804728598018354,0.34105528002318486,323
aVL,90.0,Lower quintile,0.18459596456971147,0.11204425112777971,0.34141517275268823,323
aVL,92.5,Lower quintile,0.18866114437154582,0.11447622244929989,0.34371159772961624,323
aVL,95.0,Lower quintile,0.17986647624078733,0.1082725957842824,0.343858648006849,323
aVL,97.5,Lower quintile,0.17941622762924628,0.11026000991891136,0.3387629084663788,323
aVL,100.0,Lower quintile,0.18679797182154922,0.11402774425113857,0.34299262655348084,323
aVL,102.5,Lower quintile,0.1868778493419487,0.11384981675905681,0.34052708889046246,323
aVL,105.0,Lower quintile,0.18235633612661886,0.10944933734970821,0.33310540253264453,323
aVL,107.5,Lower quintile,0.18924359146796776,0.11656455910341837,0.3445934435661615,323
aVL,110.0,Lower quintile,0.19244977272894903,0.11657427646330579,0.34059763932225484,323
aVL,112.5,Lower quintile,0.186828045078247,0.11143934807112257,0.34098588669811625,323
aVL,115.0,Lower quintile,0.19214018654695147,0.1179165046105368,0.3532558338375339,323
aVL,117.5,Lower quintile,0.19720307072270452,0.11885477796146175,0.36042943611724,323
aVL,120.0,Lower quintile,0.18815285307588867,0.11269888823778167,0.35035794240299395,323
aVL,122.5,Lower quintile,0.18676366970085478,0.11163288364487017,0.3473635851407043,323
aVL,125.0,Lower quintile,0.1957200674878403,0.11925835066115069,0.3551661389724905,323
aVL,127.5,Lower quintile,0.1884079062686146,0.11465155919307794,0.35103599352169934,323
aVL,130.0,Lower quintile,0.18815021084496683,0.11260423350578883,0.34879406554400894,323
aVL,132.5,Lower quintile,0.19998935567007495,0.12095764060246539,0.36521251571708263,323
aVL,135.0,Lower quintile,0.1981353462349374,0.11774283379907374,0.36595142194397884,323
aVL,137.5,Lower quintile,0.19177232301308553,0.11410239034432965,0.3557102932799667,323
aVL,140.0,Lower quintile,0.19859365384825958,0.12082392576709655,0.36632813465400416,323
aVL,142.5,Lower quintile,0.1991480218197271,0.12455038566837603,0.37163827432811086,323
aVL,145.0,Lower quintile,0.2007138130041924,0.11897206068278529,0.3560965304591915,323
aVL,147.5,Lower quintile,0.20341058250604624,0.12198498956812123,0.3578885556147423,323
aVL,150.0,Lower quintile,0.20569445602840963,0.12847371374538685,0.3672159591330212,323
aVL,152.5,Lower quintile,0.20634510316799398,0.12477051409017202,0.35612698908747853,323
aVL,155.0,Lower quintile,0.20176564065963906,0.12260713178100349,0.35528212130072334,323
aVL,157.5,Lower quintile,0.2078488403001866,0.1274722545677704,0.36112645328063475,323
aVL,160.0,Lower quintile,0.20524897581196883,0.12671295391811388,0.3557068114612547,323
aVL,162.5,Lower quintile,0.1983317851048498,0.11890540742241962,0.3528415689980555,323
aVL,165.0,Lower quintile,0.20212451918765345,0.12869253184393697,0.3657000122031537,323
aVL,167.5,Lower quintile,0.20944823267807575,0.13169688230652504,0.3809730831986345,323
aVL,170.0,Lower quintile,0.20204689370346765,0.12538674645380762,0.3665970715539308,323
aVL,172.5,Lower quintile,0.2060096983077783,0.12843267373778008,0.3686367446449481,323
aVL,175.0,Lower quintile,0.21113449495515085,0.13443486274480837,0.3758029271220352,323
aVL,177.5,Lower quintile,0.2104322102515388,0.13031197611127682,0.3659496249411516,323
aVL,180.0,Lower quintile,0.21363681042360697,0.1260959948567234,0.3673453896343443,323
aVL,182.5,Lower quintile,0.22000318854513035,0.13090097960851144,0.37927403558466566,323
aVL,185.0,Lower quintile,0.21584719989661116,0.1295001097908524,0.37611019267014467,323
aVL,187.5,Lower quintile,0.2121005146930961,0.13078843956600433,0.36406395679991477,323
aVL,190.0,Lower quintile,0.21880635799199014,0.13918067645907856,0.3900522498223826,323
aVL,192.5,Lower quintile,0.21564679327772268,0.13617340353473628,0.38421655845951247,323
aVL,195.0,Lower quintile,0.21370298652702935,0.13076159564263748,0.3707486715270231,323
aVL,197.5,Lower quintile,0.22140780243329553,0.13579485079043718,0.38273290801501536,323
aVL,200.0,Lower quintile,0.23718348602882808,0.14041380762875605,0.39972437652055176,323
aVL,202.5,Lower quintile,0.2319302848258841,0.14031193348980353,0.3878038581947854,323
aVL,205.0,Lower quintile,0.23062991181954126,0.13855038595945862,0.3881719410543917,323
aVL,207.5,Lower quintile,0.24250737465693453,0.14308238770488388,0.40749921887040264,323
aVL,210.0,Lower quintile,0.2447334865322543,0.14416287678733386,0.39430537985042236,323
aVL,212.5,Lower quintile,0.24093562562348408,0.14492616646116718,0.39233567988440565,323
aVL,215.0,Lower quintile,0.25097940183018036,0.15113030186748222,0.4139366410685717,323
aVL,217.5,Lower quintile,0.25147287312362926,0.15206754382082585,0.4134720716247184,323
aVL,220.0,Lower quintile,0.24887261877476952,0.1457953255509084,0.3895795479377281,323
aVL,222.5,Lower quintile,0.2549048118780845,0.14930699610162765,0.38671957728247175,323
aVL,225.0,Lower quintile,0.2598002333442734,0.15731077263912144,0.39803699254199965,323
aVL,227.5,Lower quintile,0.25733761560509644,0.15749117893816764,0.3965681143388846,323
aVL,230.0,Lower quintile,0.2662547197532552,0.16056909304201497,0.3961487088965969,323
aVL,232.5,Lower quintile,0.27927958574800865,0.16461655671256487,0.4213689652090813,323
aVL,235.0,Lower quintile,0.27674698989596247,0.16934407805045026,0.4157002690585603,323
aVL,237.5,Lower quintile,0.26813456377110423,0.166962271896364,0.40932718900853443,323
aVL,240.0,Lower quintile,0.284335903382364,0.17471811574524948,0.4256580694254336,323
aVL,242.5,Lower quintile,0.28346325453058124,0.17880083057506493,0.42577775084501546,323
aVL,245.0,Lower quintile,0.27199183699979973,0.17275264527126355,0.41637675184090517,323
aVL,247.5,Lower quintile,0.2782435963850452,0.16980434317604448,0.4224489769675016,323
aVL,250.0,Lower quintile,0.2821607524705015,0.17989218492445352,0.42691714712910434,323
aVL,252.5,Lower quintile,0.2750897226240768,0.17738057495656628,0.42938568475477434,323
aVL,255.0,Lower quintile,0.28017986254064564,0.17815406675129264,0.42387473081254934,323
aVL,257.5,Lower quintile,0.2912541197357591,0.1868866097355184,0.44159131984836353,323
aVL,260.0,Lower quintile,0.2869408816629111,0.18786443833893685,0.44637969280279155,323
aVL,262.5,Lower quintile,0.2889101982955688,0.1834011739210425,0.4410002244714685,323
aVL,265.0,Lower quintile,0.29787556244422586,0.1888650066610374,0.4510934375162451,323
aVL,267.5,Lower quintile,0.2969847619582364,0.18967939508400028,0.45152256360162024,323
aVL,270.0,Lower quintile,0.2873955406715048,0.18136611215225432,0.45144884696174215,323
aVL,272.5,Lower quintile,0.29127128719259815,0.17963530598214242,0.456063327553095,323
aVL,275.0,Lower quintile,0.2950913980730303,0.1821881055566451,0.4584086113770761,323
aVL,277.5,Lower quintile,0.28444357413970006,0.17928802929424492,0.455151715472605,323
aVL,280.0,Lower quintile,0.2829248165017346,0.1746454425418758,0.45717961829285614,323
aVL,282.5,Lower quintile,0.2903894187102634,0.18823481914963966,0.46343745459062813,323
aVL,285.0,Lower quintile,0.27678629545824135,0.18031724295166324,0.463196798698294,323
aVL,287.5,Lower quintile,0.2692473303530306,0.17330310626932025,0.45403382633302225,323
aVL,290.0,Lower quintile,0.2754876350516887,0.1760424235366833,0.45925665891253153,323
aVL,292.5,Lower quintile,0.2789706618994879,0.16963380001103343,0.46303722957660487,323
aVL,295.0,Lower quintile,0.2706351081128593,0.15902507802808835,0.4411106221952473,323
aVL,297.5,Lower quintile,0.2741615383052354,0.16658126590258593,0.4494915564555001,323
aVL,300.0,Lower quintile,0.2753992015788023,0.16710257015100785,0.4560058619074526,323
aVL,302.5,Lower quintile,0.2687294993085081,0.16362455849279262,0.4384919835768817,323
aVL,305.0,Lower quintile,0.2636450367700917,0.1665566094045177,0.42361960782965846,323
aVL,307.5,Lower quintile,0.2680679719134329,0.1669203741104484,0.43421659504810484,323
aVL,310.0,Lower quintile,0.2581498497803265,0.1638286767005238,0.4230282534904213,323
aVL,312.5,Lower quintile,0.24757065879243018,0.15618904099375258,0.40605667347300417,323
aVL,315.0,Lower quintile,0.2510529468972496,0.1588827716391118,0.41788030302130397,323
aVL,317.5,Lower quintile,0.25357749998700385,0.15925733269112352,0.40226286089245933,323
aVL,320.0,Lower quintile,0.24006345588655528,0.14910613284864974,0.38995314163600603,323
aVL,322.5,Lower quintile,0.2405675083976049,0.14717104099307884,0.39370254622850176,323
aVL,325.0,Lower quintile,0.24207381539892048,0.14598339936917376,0.39908717174911507,323
aVL,327.5,Lower quintile,0.23319291668944708,0.14408557897344837,0.3895715311808988,323
aVL,330.0,Lower quintile,0.23353469257775508,0.14281318912712324,0.3746267505536447,323
aVL,332.5,Lower quintile,0.23145340078581988,0.14271447895994818,0.3871553842577258,323
aVL,335.0,Lower quintile,0.2252245946409688,0.14051249745700128,0.3846430550636617,323
aVL,337.5,Lower quintile,0.2247870560154337,0.13599019033949805,0.36061255418161986,323
aVL,340.0,Lower quintile,0.2238211972505391,0.1336197578017613,0.3710183793202567,323
aVL,342.5,Lower quintile,0.22719400730706724,0.13262613755351227,0.36171720782729067,323
aVL,345.0,Lower quintile,0.22177848146355125,0.12885343524465004,0.3518555304953069,323
aVL,347.5,Lower quintile,0.22762420121851662,0.12868399174173545,0.35490542520485013,323
aVL,350.0,Lower quintile,0.22755998589674717,0.1349900597551401,0.37952816411329926,323
aVL,352.5,Lower quintile,0.21851963272851002,0.12442270025597423,0.36300250265532985,323
aVL,355.0,Lower quintile,0.21537787781106754,0.12427628845137059,0.35755532889262115,323
aVL,357.5,Lower quintile,0.21710444525319814,0.12626988650297127,0.35971749923372154,323
aVL,360.0,Lower quintile,0.2104322544558015,0.12405378517846989,0.3518204775817975,323
aVL,362.5,Lower quintile,0.2028451785152542,0.12084736042582989,0.34118114370276226,323
aVL,365.0,Lower quintile,0.20455072043616293,0.12288996615746137,0.34498990712357847,323
aVL,367.5,Lower quintile,0.20743050615362235,0.1239425683727143,0.34021857345827017,323
aVL,370.0,Lower quintile,0.20335967138436242,0.1199315130969267,0.3351491033456997,323
aVL,372.5,Lower quintile,0.2039131501284972,0.1233177078009243,0.33922310129678745,323
aVL,375.0,Lower quintile,0.21537787781106754,0.1261516621746899,0.3406895366015738,323
aVL,377.5,Lower quintile,0.20118056261396666,0.12075903784216396,0.3409555643136803,323
aVL,380.0,Lower quintile,0.20015551181414276,0.11585634566023004,0.3399313144493357,323
aVL,382.5,Lower quintile,0.20870170243762612,0.11990923001216822,0.35491382899538826,323
aVL,385.0,Lower quintile,0.20469871576230927,0.11925695377096451,0.34750188843169993,323
aVL,387.5,Lower quintile,0.19395177370802516,0.11584920030866144,0.3472028819346914,323
aVL,390.0,Lower quintile,0.2023154241185851,0.11929663785723651,0.35155927257994135,323
aVL,392.5,Lower quintile,0.20234397602462278,0.11862501683704368,0.3499574994214958,323
aVL,395.0,Lower quintile,0.1977591043927566,0.11555352912349068,0.3408241307914702,323
aVL,397.5,Lower quintile,0.19628258942647445,0.11600035997496579,0.3417125155329675,323
aVL,400.0,Lower quintile,0.19689396888172145,0.11976115868675234,0.33834892642211173,323
aVL,402.5,Lower quintile,0.20115177276274468,0.11638978284226545,0.33704694720238737,323
aVL,405.0,Lower quintile,0.19311448588799696,0.11710518728830474,0.34116038966569806,323
aVL,407.5,Lower quintile,0.1982266775922028,0.11871981410069696,0.3398053676941619,323
aVL,410.0,Lower quintile,0.20160804059080523,0.11816405572682503,0.3439987724900314,323
aVL,412.5,Lower quintile,0.20252660668462444,0.11326431901558956,0.3384086778829388,323
aVL,415.0,Lower quintile,0.2013304274174223,0.11855355738635737,0.34598610737894486,323
aVL,417.5,Lower quintile,0.20021094517864713,0.11984887021803928,0.3477274229465767,323
aVL,420.0,Lower quintile,0.1939443962080318,0.11258238847316897,0.3450490603269486,323
aVL,422.5,Lower quintile,0.19271880550210033,0.11852568935255135,0.35163804889244976,323
aVL,425.0,Lower quintile,0.19546615874779572,0.1261236104498506,0.34555663594749997,323
aVL,427.5,Lower quintile,0.19330174132224778,0.11565746794980253,0.350595151637405,323
aVL,430.0,Lower quintile,0.19214772971140542,0.11824801855492584,0.34221758950338443,323
aVL,432.5,Lower quintile,0.19815379166986682,0.12003615408620365,0.34915124785768614,323
aVL,435.0,Lower quintile,0.19631434276200638,0.11841489577331896,0.340605442745067,323
aVL,437.5,Lower quintile,0.19095797060257802,0.11472994351600155,0.3317826768944369,323
aVL,440.0,Lower quintile,0.1957815025816035,0.11670380795076274,0.33932491497814365,323
aVL,442.5,Lower quintile,0.19488778242093815,0.11981695100789896,0.34439879234852544,323
aVL,445.0,Lower quintile,0.19411817200409193,0.11410630212075382,0.34096287981386364,323
aVL,447.5,Lower quintile,0.18614014754465324,0.1177028879589649,0.3329280811702461,323
aVL,450.0,Lower quintile,0.19545792533345813,0.11802036425818255,0.34452272288908625,323
aVL,452.5,Lower quintile,0.19834595945094124,0.11281617448007869,0.33716788884598803,323
aVL,455.0,Lower quintile,0.19230769385854204,0.10748535952056652,0.3340326994879247,323
aVL,457.5,Lower quintile,0.19820326560590054,0.11302649464350403,0.33465517084813856,323
aVL,460.0,Lower quintile,0.18951119773752198,0.11537721418600906,0.3352871241097821,323
aVL,462.5,Lower quintile,0.1840489755808876,0.11180302074887867,0.33180699226097965,323
aVL,465.0,Lower quintile,0.19438466328046122,0.11062306563568322,0.3386156751412879,323
aVL,467.5,Lower quintile,0.19952503140954703,0.11461423625163993,0.34306630144991745,323
aVL,470.0,Lower quintile,0.19116576805741056,0.11113666866887537,0.3337379965217605,323
aVL,472.5,Lower quintile,0.1894025841081611,0.11192239826967527,0.3421068378841025,323
aVL,475.0,Lower quintile,0.19909347277833087,0.11638296734040264,0.3508916155716654,323
aVL,477.5,Lower quintile,0.19174554554005327,0.10666691605837568,0.3429975025177835,323
aVL,480.0,Lower quintile,0.1894025841081611,0.1064935580257364,0.33075685318968034,323
aVL,482.5,Lower quintile,0.19583665907662132,0.10943366812574881,0.3403755308848144,323
aVL,485.0,Lower quintile,0.19405703255649104,0.1049470046353849,0.3354269100759299,323
aVL,487.5,Lower quintile,0.18908256172076646,0.10217271283845827,0.31854247417814474,323
aVL,490.0,Lower quintile,0.19189478113387384,0.11101179098833358,0.3313281504706246,323
aVL,492.5,Lower quintile,0.19671602805687124,0.11334545797020198,0.32812041833069616,323
aVL,495.0,Lower quintile,0.18820517977211415,0.1056994001788342,0.32270758183540843,323
aVL,497.5,Lower quintile,0.18574594754543897,0.10789609430603682,0.3315426182180806,323
aVF,-500.0,Lower quintile,0.39731587935214074,0.197553273342337,0.6761414634884264,323
aVF,-497.5,Lower quintile,0.39955542979768516,0.20330260414458626,0.6781572114011855,323
aVF,-495.0,Lower quintile,0.4097013285178061,0.21216323732570364,0.6863535123443083,323
aVF,-492.5,Lower quintile,0.40888911438646336,0.21077778725217355,0.683432707433153,323
aVF,-490.0,Lower quintile,0.4058517212028639,0.2037563724395683,0.6724836146008791,323
aVF,-487.5,Lower quintile,0.41395830180152393,0.20301356114336355,0.6921759843585411,323
aVF,-485.0,Lower quintile,0.4206513283470631,0.19306689942675692,0.6885311655910027,323
aVF,-482.5,Lower quintile,0.3998754409738622,0.19733918343351253,0.6712424938219812,323
aVF,-480.0,Lower quintile,0.4209384724433895,0.20138884152301312,0.6891531216605328,323
aVF,-477.5,Lower quintile,0.4259148133769468,0.2002198349942818,0.6885746140762347,323
aVF,-475.0,Lower quintile,0.4208102722263324,0.20651192335682,0.6788403761420496,323
aVF,-472.5,Lower quintile,0.40995087468374086,0.20462470222855406,0.6914670374943626,323
aVF,-470.0,Lower quintile,0.423204929169131,0.21109763966083292,0.7014726996381238,323
aVF,-467.5,Lower quintile,0.4115769655725545,0.2074035903111029,0.6721900938253037,323
aVF,-465.0,Lower quintile,0.41051026593554435,0.20904495000202666,0.6870692537250105,323
aVF,-462.5,Lower quintile,0.41866958086837813,0.20511045416456272,0.6949272167501208,323
aVF,-460.0,Lower quintile,0.4150236006155158,0.19323083831547302,0.6834548586547134,323
aVF,-457.5,Lower quintile,0.3968128410860637,0.205130239244166,0.6677527378760453,323
aVF,-455.0,Lower quintile,0.4044058653265608,0.21162425165723625,0.6904833274908151,323
aVF,-452.5,Lower quintile,0.40717072391221815,0.2111573235563392,0.6758092873657432,323
aVF,-450.0,Lower quintile,0.39973202107963396,0.2067157777177297,0.6711213836150165,323
aVF,-447.5,Lower quintile,0.39883120724646626,0.20604637309047052,0.6757900531955807,323
aVF,-445.0,Lower quintile,0.4095880460977852,0.21394047767285732,0.6829775715193357,323
aVF,-442.5,Lower quintile,0.40526575222239647,0.19447932342404392,0.668258183201107,323
aVF,-440.0,Lower quintile,0.4097030532453847,0.2030328422064159,0.670440023395009,323
aVF,-437.5,Lower quintile,0.405296301745777,0.20659527523312707,0.6808162323514911,323
aVF,-435.0,Lower quintile,0.40558542263213043,0.20062993447942157,0.6867260323445635,323
aVF,-432.5,Lower quintile,0.3983710834546793,0.19277198896420492,0.6716566415816423,323
aVF,-430.0,Lower quintile,0.4089651080236595,0.20302965421210076,0.6904776843033771,323
aVF,-427.5,Lower quintile,0.4087914884586525,0.2084250167810574,0.6753753686700736,323
aVF,-425.0,Lower quintile,0.3951509651732104,0.1862531981602379,0.6703380856104564,323
aVF,-422.5,Lower quintile,0.3953213901387941,0.1866473794463102,0.6780893701161774,323
aVF,-420.0,Lower quintile,0.4065273693940624,0.1927430075402932,0.6670921530928656,323
aVF,-417.5,Lower quintile,0.39220732974518785,0.18417313422527598,0.6645008165671986,323
aVF,-415.0,Lower quintile,0.3991362582504857,0.1932254164228225,0.6619049232587786,323
aVF,-412.5,Lower quintile,0.39155361305074393,0.2034342801402133,0.6681801945169029,323
aVF,-410.0,Lower quintile,0.38610320861347625,0.1831224246333092,0.6610090198037353,323
aVF,-407.5,Lower quintile,0.3858259592315845,0.175761809155142,0.6592311913214203,323
aVF,-405.0,Lower quintile,0.3776419487471575,0.18482886756199413,0.6643728477831823,323
aVF,-402.5,Lower quintile,0.3895597671914555,0.19019493528537446,0.6601614880642512,323
aVF,-400.0,Lower quintile,0.3790830693318791,0.17594436921704112,0.6578765718023246,323
aVF,-397.5,Lower quintile,0.3761865528012038,0.18014029592711112,0.6572610304182271,323
aVF,-395.0,Lower quintile,0.3867313193726831,0.19625159643493376,0.6529082831806792,323
aVF,-392.5,Lower quintile,0.3849145340856583,0.1805632208470153,0.6471498820857757,323
aVF,-390.0,Lower quintile,0.3945025351207722,0.17774538633222306,0.652611025385117,323
aVF,-387.5,Lower quintile,0.3928833471259787,0.18435501741727073,0.6541285708215189,323
aVF,-385.0,Lower quintile,0.403398260795196,0.18108428528378034,0.652426172891328,323
aVF,-382.5,Lower quintile,0.38030010875870424,0.17812636478729132,0.6451656787842176,323
aVF,-380.0,Lower quintile,0.39528618209027694,0.17728653620745813,0.6552480680002348,323
aVF,-377.5,Lower quintile,0.39749361020949686,0.17605687054327135,0.6554701486168366,323
aVF,-375.0,Lower quintile,0.37612726381626865,0.17366129393437307,0.6549237369271848,323
aVF,-372.5,Lower quintile,0.37465772030828587,0.1783581372669619,0.6550889163251965,323
aVF,-370.0,Lower quintile,0.3965718519555072,0.17893152256677455,0.6545574837007924,323
aVF,-367.5,Lower quintile,0.37810913604634455,0.1766518767143733,0.6531762071674446,323
aVF,-365.0,Lower quintile,0.3819866923627907,0.17691519144928278,0.6558008704242781,323
aVF,-362.5,Lower quintile,0.3952249482713112,0.177130687811136,0.649125629243894,323
aVF,-360.0,Lower quintile,0.3856252987387164,0.18393161406586794,0.6528197056287348,323
aVF,-357.5,Lower quintile,0.382699446969128,0.18077038134225398,0.6516711932851216,323
aVF,-355.0,Lower quintile,0.3864636436583541,0.17911157012857573,0.6523673075816397,323
aVF,-352.5,Lower quintile,0.3800047749151324,0.18328026112141288,0.6529632776724632,323
aVF,-350.0,Lower quintile,0.3751109155981053,0.17818228603403766,0.6571024207312002,323
aVF,-347.5,Lower quintile,0.3721344968361478,0.175405872234558,0.6512781445317748,323
aVF,-345.0,Lower quintile,0.38141875597389024,0.18867230001908047,0.6561896133046325,323
aVF,-342.5,Lower quintile,0.3677449288465474,0.179327496493514,0.6480090459370845,323
aVF,-340.0,Lower quintile,0.3655690340099361,0.1750310891774226,0.6496802350593959,323
aVF,-337.5,Lower quintile,0.38883148900201575,0.18409012630955257,0.6439345318659144,323
aVF,-335.0,Lower quintile,0.37620897494079425,0.18392323879597125,0.6376023731346084,323
aVF,-332.5,Lower quintile,0.36420454114609063,0.1784338924510755,0.642308563043447,323
aVF,-330.0,Lower quintile,0.38252344260421284,0.1825259970104952,0.6470194880405589,323
aVF,-327.5,Lower quintile,0.38026403440644757,0.18212178365603243,0.6469591074445593,323
aVF,-325.0,Lower quintile,0.3628673115715462,0.18138402502393453,0.641755602011542,323
aVF,-322.5,Lower quintile,0.3750900306015924,0.19136590114208152,0.6448504187108173,323
aVF,-320.0,Lower quintile,0.38537864566087515,0.1902997834030804,0.6452478104371413,323
aVF,-317.5,Lower quintile,0.36830687997641187,0.1910997721946671,0.6471288101373258,323
aVF,-315.0,Lower quintile,0.3679911509545941,0.1864745766655726,0.6531762071674446,323
aVF,-312.5,Lower quintile,0.38424961138747443,0.18287114478747207,0.6519643580896484,323
aVF,-310.0,Lower quintile,0.37980913334858607,0.18595444212131193,0.6475280225649818,323
aVF,-307.5,Lower quintile,0.3752689438529868,0.17658666116968835,0.6473671330776575,323
aVF,-305.0,Lower quintile,0.3830285210283752,0.17571337822646038,0.6498354369786978,323
aVF,-302.5,Lower quintile,0.37690243001940876,0.17831266507328497,0.6413080783205256,323
aVF,-300.0,Lower quintile,0.3720231299650474,0.17623638745238238,0.6370608980501498,323
aVF,-297.5,Lower quintile,0.3744723809469203,0.17385122710855327,0.6462859586106618,323
aVF,-295.0,Lower quintile,0.3885939844175685,0.18094415384217832,0.6580549633309547,323
aVF,-292.5,Lower quintile,0.36963310944436306,0.18442935816477316,0.6370006807792459,323
aVF,-290.0,Lower quintile,0.375283080646023,0.17656430560651007,0.6453492419223075,323
aVF,-287.5,Lower quintile,0.38909343748946357,0.17984014501325388,0.6446570909939735,323
aVF,-285.0,Lower quintile,0.37381503466205984,0.182930516001943,0.6329836641094516,323
aVF,-282.5,Lower quintile,0.37834521913707725,0.17986961113146344,0.6412399528687204,323
aVF,-280.0,Lower quintile,0.3912967459332754,0.18505363242445938,0.647905169696804,323
aVF,-277.5,Lower quintile,0.3831364967081194,0.17906831028032671,0.6409084236631322,323
aVF,-275.0,Lower quintile,0.37391065254390166,0.18261791123714127,0.6435367091388416,323
aVF,-272.5,Lower quintile,0.3963829996358547,0.18035441744173275,0.6496804969213839,323
aVF,-270.0,Lower quintile,0.40502193441309275,0.18810344628471182,0.6483549061410734,323
aVF,-267.5,Lower quintile,0.3849789504134145,0.18127268161874258,0.6457563352230768,323
aVF,-265.0,Lower quintile,0.3809409544028843,0.18353869495952302,0.6488511294163009,323
aVF,-262.5,Lower quintile,0.39869751249055274,0.18743768173445896,0.646423748539199,323
aVF,-260.0,Lower quintile,0.3848180536579532,0.18750966113674525,0.638309293656553,323
aVF,-257.5,Lower quintile,0.3776550270993045,0.18637269530797346,0.6439096333645953,323
aVF,-255.0,Lower quintile,0.40070189807977563,0.18830960867526547,0.6503243864601116,323
aVF,-252.5,Lower quintile,0.3893167627705774,0.18887146436838048,0.6347661236487121,323
aVF,-250.0,Lower quintile,0.3707903638162309,0.18040438031990613,0.6272679744767834,323
aVF,-247.5,Lower quintile,0.38610320861347625,0.18420443367735906,0.6427088421377823,323
aVF,-245.0,Lower quintile,0.3955480338712506,0.19431582006230638,0.6410615748193025,323
aVF,-242.5,Lower quintile,0.365881428098309,0.18898924294777084,0.6337911749635723,323
aVF,-240.0,Lower quintile,0.3796526477514654,0.1804418057927511,0.6375858069509088,323
aVF,-237.5,Lower quintile,0.3968284457214105,0.18719455488993236,0.634386635850492,323
aVF,-235.0,Lower quintile,0.3845070097884093,0.19167941267146243,0.6332702103140104,323
aVF,-232.5,Lower quintile,0.3784999752011351,0.18432450880425555,0.6364271064610381,323
aVF,-230.0,Lower quintile,0.39795190148941023,0.1966682891658174,0.6390759808642135,323
aVF,-227.5,Lower quintile,0.394657603662405,0.20018423613296701,0.6332140204213725,323
aVF,-225.0,Lower quintile,0.3866429427826145,0.1969974340732287,0.6354872783483376,323
aVF,-222.5,Lower quintile,0.4000494897521471,0.21231028982705624,0.6463497780810024,323
aVF,-220.0,Lower quintile,0.4143399360948058,0.19771801840573777,0.653013398167331,323
aVF,-217.5,Lower quintile,0.41011708948211073,0.21155749954532926,0.6463389566941651,323
aVF,-215.0,Lower quintile,0.4060562835307243,0.20553855650877606,0.6540626100594957,323
aVF,-212.5,Lower quintile,0.41808328246199894,0.20992713569615712,0.6565048593833783,323
aVF,-210.0,Lower quintile,0.42028990088655704,0.20504411125213556,0.6613850399261161,323
aVF,-207.5,Lower quintile,0.42886659505237656,0.2016629029542293,0.6654743982963448,323
aVF,-205.0,Lower quintile,0.43253486985428785,0.20177370749215545,0.66304040756723,323
aVF,-202.5,Lower quintile,0.4393760571601003,0.2305578508149441,0.6787400995290414,323
aVF,-200.0,Lower quintile,0.434385029388484,0.22013923937376695,0.6632865628498398,323
aVF,-197.5,Lower quintile,0.44739211923379424,0.2091997914568567,0.6666947251135013,323
aVF,-195.0,Lower quintile,0.4520521882019816,0.22714737262500706,0.6873648583091501,323
aVF,-192.5,Lower quintile,0.43399604257915997,0.23478852561559097,0.6677323782409408,323
aVF,-190.0,Lower quintile,0.4339383222978214,0.22658961591700277,0.6716045809869404,323
aVF,-187.5,Lower quintile,0.45716555427726396,0.220492412793249,0.6864323284236982,323
aVF,-185.0,Lower quintile,0.44872205743154225,0.22528465590490335,0.6847893538694312,323
aVF,-182.5,Lower quintile,0.4468481192546336,0.23145220474586325,0.6828076557523328,323
aVF,-180.0,Lower quintile,0.4566490226241396,0.23386213095533281,0.6938704933275757,323
aVF,-177.5,Lower quintile,0.4599774672733061,0.24075128242769542,0.6926149668100148,323
aVF,-175.0,Lower quintile,0.45582148786026416,0.23736915429250038,0.6924015748858905,323
aVF,-172.5,Lower quintile,0.4678204270129446,0.23617789682578239,0.70003247882289,323
aVF,-170.0,Lower quintile,0.46855561238452986,0.2399642056745294,0.7068475635285602,323
aVF,-167.5,Lower quintile,0.4776907480749939,0.24513889341401268,0.6844985891785036,323
aVF,-165.0,Lower quintile,0.47678373089317494,0.24388324127631955,0.6828641432049645,323
aVF,-162.5,Lower quintile,0.49772994839135815,0.2616387615236929,0.6999454430062997,323
aVF,-160.0,Lower quintile,0.4642111718799532,0.26275832008747557,0.7008716591637825,323
aVF,-157.5,Lower quintile,0.45124145149304834,0.2560173614632237,0.6969971724388672,323
aVF,-155.0,Lower quintile,0.4555392587368182,0.2560996367081192,0.7042145130936546,323
aVF,-152.5,Lower quintile,0.4603130402508885,0.26605998086889765,0.7060296409648217,323
aVF,-150.0,Lower quintile,0.44938159079127715,0.2503726443279245,0.6980681502715504,323
aVF,-147.5,Lower quintile,0.4476446206523698,0.25347740552222514,0.7038140254903945,323
aVF,-145.0,Lower quintile,0.4518251737362851,0.24828560876976152,0.7110315019494413,323
aVF,-142.5,Lower quintile,0.43605776170296817,0.24138840427021838,0.6978999250675182,323
aVF,-140.0,Lower quintile,0.42681701906515757,0.24063052647346117,0.7057199386308949,323
aVF,-137.5,Lower quintile,0.4361108073264018,0.2501702415140129,0.7085186199254748,323
aVF,-135.0,Lower quintile,0.41997298920453974,0.23159835967289,0.7054345919045792,323
aVF,-132.5,Lower quintile,0.4021806273681364,0.2408731907099344,0.6855531195985027,323
aVF,-130.0,Lower quintile,0.4152967319439042,0.24591987558387424,0.6887473154929793,323
aVF,-127.5,Lower quintile,0.41547029375104816,0.22367589422804027,0.6804221665536936,323
aVF,-125.0,Lower quintile,0.397298389600776,0.22009614832297206,0.6555783695952297,323
aVF,-122.5,Lower quintile,0.40836960002781286,0.21356704780332567,0.649779732202461,323
aVF,-120.0,Lower quintile,0.4085060931959139,0.20661762306505924,0.6459159008228543,323
aVF,-117.5,Lower quintile,0.39610319479900086,0.20347294579767727,0.627054941175978,323
aVF,-115.0,Lower quintile,0.3931268894147485,0.19515701488267634,0.6338430041625869,323
aVF,-112.5,Lower quintile,0.39236059374327736,0.1994884420579093,0.6258321606934927,323
aVF,-110.0,Lower quintile,0.3874765910712062,0.1841920522586415,0.6144649038047449,323
aVF,-107.5,Lower quintile,0.38730305929724174,0.17169595073564115,0.6032141338004952,323
aVF,-105.0,Lower quintile,0.3765181241142331,0.17365266229142534,0.5979796634834935,323
aVF,-102.5,Lower quintile,0.36714321606708467,0.16939337274409777,0.6089804422432794,323
aVF,-100.0,Lower quintile,0.3488867468590431,0.16076749956337189,0.5881421558195085,323
aVF,-97.5,Lower quintile,0.3562693727878251,0.15217764759523422,0.5885795941674571,323
aVF,-95.0,Lower quintile,0.3558699888848138,0.15739671961360996,0.5921034916928642,323
aVF,-92.5,Lower quintile,0.3468922679160952,0.15477487252257252,0.5788347897617647,323
aVF,-90.0,Lower quintile,0.33591105939710514,0.14776988696368926,0.5834722812045952,323
aVF,-87.5,Lower quintile,0.3369797020106094,0.15517695162221057,0.5769874732971728,323
aVF,-85.0,Lower quintile,0.32110116320634113,0.13936579728628623,0.5736217818821274,323
aVF,-82.5,Lower quintile,0.3110843609017963,0.13045688946244444,0.562077956069408,323
aVF,-80.0,Lower quintile,0.3154732568312041,0.13250806228696166,0.563327832275144,323
aVF,-77.5,Lower quintile,0.3198745960728305,0.12924112007391889,0.563288842711085,323
aVF,-75.0,Lower quintile,0.30289105994064786,0.12597913325253615,0.5446654194277503,323
aVF,-72.5,Lower quintile,0.3126516879403892,0.1292511454458113,0.5484920108865341,323
aVF,-70.0,Lower quintile,0.3168629916000431,0.13139820881254494,0.5518075808142255,323
aVF,-67.5,Lower quintile,0.31539110495764194,0.1265162355090717,0.5420331925879536,323
aVF,-65.0,Lower quintile,0.31507206870106186,0.12567339023308907,0.5568484958325535,323
aVF,-62.5,Lower quintile,0.3236752086962497,0.1256940173371447,0.55597975977783,323
aVF,-60.0,Lower quintile,0.31501805150752266,0.11669800448441045,0.5688518490945578,323
aVF,-57.5,Lower quintile,0.3131494440138912,0.11427886588244443,0.5623207921242143,323
aVF,-55.0,Lower quintile,0.3180956328235296,0.11907918363259724,0.5715942811105648,323
aVF,-52.5,Lower quintile,0.3173004180391464,0.12277185765439866,0.5747531120751164,323
aVF,-50.0,Lower quintile,0.29990177876312246,0.11650907279871608,0.5600749088987729,323
aVF,-47.5,Lower quintile,0.3144433579057847,0.12102906163475585,0.5764809156320422,323
aVF,-45.0,Lower quintile,0.3295650277949952,0.1350661385653193,0.5980118997925783,323
aVF,-42.5,Lower quintile,0.31971319323942754,0.134156504451363,0.5818595480502017,323
aVF,-40.0,Lower quintile,0.33755489340839084,0.14500121190159188,0.6066080999675805,323
aVF,-37.5,Lower quintile,0.35629160336864607,0.1416660442816648,0.6236325520584833,323
aVF,-35.0,Lower quintile,0.3753915371768617,0.14624384636871052,0.6513247458317357,323
aVF,-32.5,Lower quintile,0.3965517938766931,0.15450956516843664,0.6809561946317128,323
aVF,-30.0,Lower quintile,0.42000833445462016,0.17383630193345223,0.7157721684805392,323
aVF,-27.5,Lower quintile,0.44292921270086105,0.19813823471061903,0.7108613280858856,323
aVF,-25.0,Lower quintile,0.4622345613705617,0.1998052382173061,0.7581379014376592,323
aVF,-22.5,Lower quintile,0.4723986811318993,0.21940489226093052,0.7689633581311865,323
aVF,-20.0,Lower quintile,0.5122788997720396,0.26917285079910797,0.7870618818624429,323
aVF,-17.5,Lower quintile,0.559524009307895,0.30402498177117043,0.8085386806692549,323
aVF,-15.0,Lower quintile,0.5999302304580003,0.34243017516399693,0.8163849988606457,323
aVF,-12.5,Lower quintile,0.6466774512177815,0.38124126753097204,0.8519665655094173,323
aVF,-10.0,Lower quintile,0.6641778756082957,0.4174920272410899,0.8679108353012477,323
aVF,-7.5,Lower quintile,0.6692194014968511,0.41820465770487075,0.8657003929089547,323
aVF,-5.0,Lower quintile,0.63218704245789,0.40857246115312496,0.8761993271879879,323
aVF,-2.5,Lower quintile,0.6147593891135911,0.3649522273234181,0.8769691027614269,323
aVF,0.0,Lower quintile,0.5682060268135185,0.23525433651976935,0.8506446055858405,323
aVF,2.5,Lower quintile,0.5060589785130267,0.16680971231041872,0.8142361333971619,323
aVF,5.0,Lower quintile,0.4141109560128409,0.0958573282392173,0.8002216650117768,323
aVF,7.5,Lower quintile,0.34352845336985366,0.06334020279482053,0.7367808964168883,323
aVF,10.0,Lower quintile,0.27793469835191204,0.08007496278153602,0.6405501155612139,323
aVF,12.5,Lower quintile,0.26177308648679704,0.11474383137827271,0.5722079003877101,323
aVF,15.0,Lower quintile,0.2883314614457706,0.11311166617107746,0.5428597705479552,323
aVF,17.5,Lower quintile,0.2805321817641655,0.10828740187553823,0.5389716185230979,323
aVF,20.0,Lower quintile,0.2837549945979094,0.12725904828787676,0.5100659555703844,323
aVF,22.5,Lower quintile,0.28591229125007034,0.1395468783944032,0.5192223283148385,323
aVF,25.0,Lower quintile,0.29057684088728253,0.145557278942267,0.49609886969727984,323
aVF,27.5,Lower quintile,0.2822826296710525,0.1478751236443271,0.5107573599265358,323
aVF,30.0,Lower quintile,0.31009879403744356,0.1359900555125118,0.5253364189549922,323
aVF,32.5,Lower quintile,0.3006356270867103,0.1419028991117991,0.4944365195974546,323
aVF,35.0,Lower quintile,0.30012874724655436,0.14356599506543327,0.5079082773524242,323
aVF,37.5,Lower quintile,0.32182328925127734,0.15420280559113403,0.5210691030783641,323
aVF,40.0,Lower quintile,0.3150324011066456,0.1521060304442588,0.5155984073510853,323
aVF,42.5,Lower quintile,0.31660308218797656,0.1399495560758119,0.5259278783803616,323
aVF,45.0,Lower quintile,0.3350701871895791,0.14611523639001373,0.544240924457519,323
aVF,47.5,Lower quintile,0.33657266419360055,0.14736209586804672,0.5346415949714541,323
aVF,50.0,Lower quintile,0.31537390555801015,0.14441189269484808,0.5435294500467565,323
aVF,52.5,Lower quintile,0.3205397643396613,0.14676513150708467,0.545508975829216,323
aVF,55.0,Lower quintile,0.3453384796928864,0.14502065040925155,0.5466293726008173,323
aVF,57.5,Lower quintile,0.30762744051499763,0.13951773203145196,0.5440368984786128,323
aVF,60.0,Lower quintile,0.317894211445214,0.1459767117795467,0.5514626021011824,323
aVF,62.5,Lower quintile,0.3392145244588049,0.15022490116951043,0.5620853043323039,323
aVF,65.0,Lower quintile,0.32430614457137263,0.14660422635205966,0.5530745261058678,323
aVF,67.5,Lower quintile,0.3145718196546204,0.13868610061088688,0.5725438154322847,323
aVF,70.0,Lower quintile,0.3378134477419973,0.15031959786998544,0.5820677318127219,323
aVF,72.5,Lower quintile,0.3352805005497085,0.14660902827169608,0.5715219878735555,323
aVF,75.0,Lower quintile,0.3155888693861147,0.14458026449091493,0.5705785923253123,323
aVF,77.5,Lower quintile,0.3207915520516807,0.14252739564127123,0.5854886715564243,323
aVF,80.0,Lower quintile,0.3342792843653534,0.14352348916589916,0.5782783356169214,323
aVF,82.5,Lower quintile,0.32114279672837054,0.14887797725575708,0.5826509599100564,323
aVF,85.0,Lower quintile,0.315969536037452,0.13733041698141127,0.5955595251501682,323
aVF,87.5,Lower quintile,0.3308739319491743,0.1426504959397834,0.5963843523056138,323
aVF,90.0,Lower quintile,0.3228739001734462,0.14815661668123223,0.5865779562022737,323
aVF,92.5,Lower quintile,0.29830965397049874,0.13580233347829634,0.5839977031483692,323
aVF,95.0,Lower quintile,0.32279394766490166,0.14711309738896505,0.5950634233825343,323
aVF,97.5,Lower quintile,0.3254987055153501,0.13891685089695566,0.5904881612322037,323
aVF,100.0,Lower quintile,0.3121680850418238,0.13772218829209076,0.5833423910354973,323
aVF,102.5,Lower quintile,0.3337131726053997,0.14621308205072536,0.5898968284595398,323
aVF,105.0,Lower quintile,0.33871223666346506,0.1626210960085267,0.5838105693984755,323
aVF,107.5,Lower quintile,0.32620831611363343,0.15691642907615772,0.5806627647225375,323
aVF,110.0,Lower quintile,0.33065283057671585,0.1527006694944935,0.593147690475734,323
aVF,112.5,Lower quintile,0.33919872930867884,0.15542004182795743,0.6079024962711924,323
aVF,115.0,Lower quintile,0.3207611082772587,0.14949455358036529,0.6158586438957082,323
aVF,117.5,Lower quintile,0.32939438178019875,0.14854853503940246,0.6047209880092737,323
aVF,120.0,Lower quintile,0.3257502037820615,0.15362017428278624,0.6105633545767741,323
aVF,122.5,Lower quintile,0.32393452655457117,0.14993012642467712,0.6014237701684753,323
aVF,125.0,Lower quintile,0.32316217788126844,0.15078833860825133,0.6017145108427726,323
aVF,127.5,Lower quintile,0.33589837861259536,0.150730053682051,0.6183195191951778,323
aVF,130.0,Lower quintile,0.33791872031234194,0.15560023551669422,0.6115072854703838,323
aVF,132.5,Lower quintile,0.33636322760378395,0.1521821662968392,0.6215225172761553,323
aVF,135.0,Lower quintile,0.3376935303616532,0.1579843662041675,0.6190805762148566,323
aVF,137.5,Lower quintile,0.3376817637068945,0.15727677330153428,0.620825926395596,323
aVF,140.0,Lower quintile,0.33987518918115717,0.1553909187167845,0.6190357427087314,323
aVF,142.5,Lower quintile,0.3433131381912274,0.1579595385283603,0.6116833384807878,323
aVF,145.0,Lower quintile,0.344216695025504,0.1586825903014227,0.612092328697357,323
aVF,147.5,Lower quintile,0.3410613748228681,0.1605091818212402,0.6244910019272494,323
aVF,150.0,Lower quintile,0.3380318248389584,0.16185298123028757,0.6137276134631453,323
aVF,152.5,Lower quintile,0.34189594482527924,0.16365285856945358,0.6234247288792287,323
aVF,155.0,Lower quintile,0.3547417879716619,0.1652792929121863,0.6239096782137081,323
aVF,157.5,Lower quintile,0.33103800534323624,0.15521707225687803,0.6213939064056955,323
aVF,160.0,Lower quintile,0.3406576349528936,0.1674429679434472,0.6222348510227385,323
aVF,162.5,Lower quintile,0.3529349326132577,0.17099015998491207,0.6330430444366918,323
aVF,165.0,Lower quintile,0.35059355039047085,0.16517572309640483,0.6315259916146165,323
aVF,167.5,Lower quintile,0.348633489121132,0.16673561934899303,0.6328377178060455,323
aVF,170.0,Lower quintile,0.3597456341267538,0.17404623545851536,0.6397132133627197,323
aVF,172.5,Lower quintile,0.35721738864507296,0.1796479663220319,0.6446362206837708,323
aVF,175.0,Lower quintile,0.35153388959817466,0.17177881980194054,0.6405412129448358,323
aVF,177.5,Lower quintile,0.35991614933238547,0.1801040931661582,0.642905039281134,323
aVF,180.0,Lower quintile,0.36631014844154003,0.18474183159372948,0.6346989015227187,323
aVF,182.5,Lower quintile,0.35711994621143806,0.18378255321548867,0.6460233716453818,323
aVF,185.0,Lower quintile,0.364475405745851,0.1897491302806913,0.6585925483339599,323
aVF,187.5,Lower quintile,0.37876240926696747,0.19412789256894428,0.668771100293864,323
aVF,190.0,Lower quintile,0.38373021173846544,0.1959835913190897,0.6629328552801929,323
aVF,192.5,Lower quintile,0.3778711438832121,0.19432329025604964,0.6565953547667593,323
aVF,195.0,Lower quintile,0.3905346126316788,0.2048613425933709,0.6699426112576694,323
aVF,197.5,Lower quintile,0.3981606527582983,0.21321343073000737,0.672563851741176,323
aVF,200.0,Lower quintile,0.3937207741439336,0.19801602184853245,0.6817655709908426,323
aVF,202.5,Lower quintile,0.39823003917797417,0.20661282984942508,0.6908875624904653,323
aVF,205.0,Lower quintile,0.4143882990468087,0.2210317691251042,0.6842511430633261,323
aVF,207.5,Lower quintile,0.40259287894851925,0.21187915990646644,0.684341152098461,323
aVF,210.0,Lower quintile,0.410335242341123,0.21433020921293133,0.6911617546339995,323
aVF,212.5,Lower quintile,0.4186328784590787,0.2289065809871133,0.6964166551965496,323
aVF,215.0,Lower quintile,0.41263682637564797,0.22508402204677347,0.6888201478930583,323
aVF,217.5,Lower quintile,0.41458923367190237,0.2302111637081013,0.6987182608236897,323
aVF,220.0,Lower quintile,0.4303714503116736,0.2459698053358157,0.7102349149028646,323
aVF,222.5,Lower quintile,0.4303948402173792,0.24813715379898227,0.6987312330334892,323
aVF,225.0,Lower quintile,0.4227789665811394,0.24848479654820174,0.7072495813302551,323
aVF,227.5,Lower quintile,0.4364010527615647,0.258362164677044,0.7122772684062991,323
aVF,230.0,Lower quintile,0.45347487834358746,0.2666446790731753,0.7268663171263479,323
aVF,232.5,Lower quintile,0.44908236705498156,0.26371126781097387,0.7340017070185623,323
aVF,235.0,Lower quintile,0.4537119046313109,0.26269881360711267,0.7392688885270373,323
aVF,237.5,Lower quintile,0.46891860450870954,0.2821878062824518,0.7393812806737043,323
aVF,240.0,Lower quintile,0.4740991854201254,0.2748354729334265,0.7413369536329402,323
aVF,242.5,Lower quintile,0.4673579990003703,0.2672433213028906,0.7395303725177715,323
aVF,245.0,Lower quintile,0.4834086050518654,0.2822746211535756,0.763009457328794,323
aVF,247.5,Lower quintile,0.4908551384046415,0.2949431418625346,0.7692970804619939,323
aVF,250.0,Lower quintile,0.4767301822673036,0.2783736132353002,0.757860162124391,323
aVF,252.5,Lower quintile,0.48726894201775345,0.2979799555918019,0.7655565242049294,323
aVF,255.0,Lower quintile,0.5047655540021342,0.2967140151496673,0.7729093212942979,323
aVF,257.5,Lower quintile,0.4828107700566637,0.2908105190007774,0.775911102488988,323
aVF,260.0,Lower quintile,0.49392885080526316,0.28642998076819975,0.7750561649997827,323
aVF,262.5,Lower quintile,0.5031170565910829,0.29935883427311405,0.7798537563170076,323
aVF,265.0,Lower quintile,0.4973935114216682,0.2932614745502972,0.7766497697676921,323
aVF,267.5,Lower quintile,0.4964788970338477,0.28308895448235605,0.7690632001073676,323
aVF,270.0,Lower quintile,0.5053439864577641,0.2936673418776157,0.7729254470007845,323
aVF,272.5,Lower quintile,0.4986222804239983,0.2874989256915216,0.7688668964805451,323
aVF,275.0,Lower quintile,0.5033555800340672,0.28471251461795255,0.7497928372322978,323
aVF,277.5,Lower quintile,0.5025519331654693,0.29267395412925157,0.7673088917217992,323
aVF,280.0,Lower quintile,0.49772994839135815,0.2947408680098862,0.771818880356244,323
aVF,282.5,Lower quintile,0.48865625466910584,0.28790669380162354,0.7542306559607342,323
aVF,285.0,Lower quintile,0.486709461344599,0.2849025705194609,0.7567678904771427,323
aVF,287.5,Lower quintile,0.49772994839135815,0.2895916987970928,0.7489366308469607,323
aVF,290.0,Lower quintile,0.5014870759689248,0.2805216896338946,0.7326337401477752,323
aVF,292.5,Lower quintile,0.4900592668340426,0.2740772701021863,0.7293524273231589,323
aVF,295.0,Lower quintile,0.5049091829925288,0.2799666212049177,0.7495236159035932,323
aVF,297.5,Lower quintile,0.49772994839135815,0.27054483478467606,0.7396551954361403,323
aVF,300.0,Lower quintile,0.47468268678486997,0.26713340348864295,0.7341617625042367,323
aVF,302.5,Lower quintile,0.4688058110291067,0.2627320052861754,0.7356282699353733,323
aVF,305.0,Lower quintile,0.47433976744621015,0.250840415523507,0.7302776248866961,323
aVF,307.5,Lower quintile,0.4663913132025611,0.2514007915271528,0.7037872799205074,323
aVF,310.0,Lower quintile,0.46236613506146923,0.25027888233600526,0.7190807217170396,323
aVF,312.5,Lower quintile,0.4740469722681181,0.2399786693072049,0.7257222017276628,323
aVF,315.0,Lower quintile,0.4544265656175901,0.23768094292488728,0.703309988073769,323
aVF,317.5,Lower quintile,0.4496688402309219,0.23357880416486854,0.7051025357910987,323
aVF,320.0,Lower quintile,0.4596719532511253,0.22148608497711686,0.7048469105453729,323
aVF,322.5,Lower quintile,0.46138980289032216,0.21755737066475633,0.6961529694882926,323
aVF,325.0,Lower quintile,0.45103580634820867,0.2141232688729391,0.688053686767883,323
aVF,327.5,Lower quintile,0.4464185672726978,0.21205504281046428,0.6992996800214841,323
aVF,330.0,Lower quintile,0.45762638582430776,0.21227704533147984,0.6930151990580056,323
aVF,332.5,Lower quintile,0.42819935757351724,0.2091308156664285,0.6753182620223547,323
aVF,335.0,Lower quintile,0.43221408956679847,0.20396112756017215,0.6703974303320448,323
aVF,337.5,Lower quintile,0.43591105689497245,0.19848826853009138,0.6760713467145042,323
aVF,340.0,Lower quintile,0.42414435417149976,0.19793316276828893,0.6675443409270461,323
aVF,342.5,Lower quintile,0.4123013111594262,0.19274689897983027,0.6463811921686391,323
aVF,345.0,Lower quintile,0.4177221415848669,0.1935175523587265,0.6631253360851119,323
aVF,347.5,Lower quintile,0.40401937468278104,0.19024975988905043,0.651077296188371,323
aVF,350.0,Lower quintile,0.3868566249877482,0.1792844900815574,0.6388941550686627,323
aVF,352.5,Lower quintile,0.4026308953090184,0.1904688405858107,0.6637952237720853,323
aVF,355.0,Lower quintile,0.4058307206207472,0.18891906779482714,0.6462276441766002,323
aVF,357.5,Lower quintile,0.37958619003100386,0.1790472921648868,0.6382914667657656,323
aVF,360.0,Lower quintile,0.384262965384217,0.17829238204732206,0.6357114846977279,323
aVF,362.5,Lower quintile,0.3960610903009675,0.18246127917150268,0.6416133142752991,323
aVF,365.0,Lower quintile,0.3872707455695391,0.17888024734941527,0.6291346014389372,323
aVF,367.5,Lower quintile,0.3912916970839149,0.17517722562534774,0.6332384791539849,323
aVF,370.0,Lower quintile,0.39635201441821516,0.1791082251848906,0.6423908754842553,323
aVF,372.5,Lower quintile,0.3876427211462133,0.1778384975795786,0.6379240569934741,323
aVF,375.0,Lower quintile,0.37682962560843036,0.16382524099751794,0.639831352121363,323
aVF,377.5,Lower quintile,0.38680169388026236,0.17091733936651848,0.6505441170084303,323
aVF,380.0,Lower quintile,0.392353690344232,0.17714510878427545,0.6394341554146208,323
aVF,382.5,Lower quintile,0.37046880328494636,0.16646481917728032,0.630613149669953,323
aVF,385.0,Lower quintile,0.3739973163874993,0.17533649320903358,0.643149571404135,323
aVF,387.5,Lower quintile,0.38632553207824355,0.17002355861105206,0.638976908527481,323
aVF,390.0,Lower quintile,0.3776320816135702,0.16528476170213324,0.6420742520498967,323
aVF,392.5,Lower quintile,0.3704704047855176,0.16599290763691021,0.6387251260956011,323
aVF,395.0,Lower quintile,0.3728216185382833,0.17196682174900702,0.6432094116471472,323
aVF,397.5,Lower quintile,0.37498519916080125,0.1714516405562153,0.64375494592224,323
aVF,400.0,Lower quintile,0.36036058914383107,0.16492558654516065,0.6365978478907488,323
aVF,402.5,Lower quintile,0.37690243001940876,0.17320708790269618,0.643606790975483,323
aVF,405.0,Lower quintile,0.388230444493586,0.17658143867542747,0.645146819441986,323
aVF,407.5,Lower quintile,0.3656897989355488,0.1761493631125799,0.6421147697916745,323
aVF,410.0,Lower quintile,0.37682383326989966,0.17692244923088218,0.6466679476469344,323
aVF,412.5,Lower quintile,0.38072171680781464,0.17191138296342606,0.6466003885054388,323
aVF,415.0,Lower quintile,0.370035327264828,0.17754485858313263,0.6556883918550276,323
aVF,417.5,Lower quintile,0.36562120551579147,0.1768524060056581,0.6392871079528059,323
aVF,420.0,Lower quintile,0.3787085114334361,0.17671426891100728,0.6437202842956171,323
aVF,422.5,Lower quintile,0.37595648995248937,0.18025599712153328,0.6431266340885393,323
aVF,425.0,Lower quintile,0.35554416393161337,0.17379293414819624,0.6309291572933002,323
aVF,427.5,Lower quintile,0.38254515271435763,0.17654275387304053,0.6461516776097784,323
aVF,430.0,Lower quintile,0.376682223738261,0.17988163940275662,0.6480721486152713,323
aVF,432.5,Lower quintile,0.35980121183360364,0.17642118325976594,0.6363986225743806,323
aVF,435.0,Lower quintile,0.3655655548503436,0.17720863275748158,0.6395653888053895,323
aVF,437.5,Lower quintile,0.37287829709688897,0.17837739070626363,0.6483223520761598,323
aVF,440.0,Lower quintile,0.36292794870526973,0.1824758722781189,0.6415917645255549,323
aVF,442.5,Lower quintile,0.3689336448710356,0.17908517961965692,0.6380725411730408,323
aVF,445.0,Lower quintile,0.3713952388697574,0.1767697680434021,0.6517997760707384,323
aVF,447.5,Lower quintile,0.36622946515164245,0.1722850324218549,0.6455724920627812,323
aVF,450.0,Lower quintile,0.3569876116297135,0.17301373192274966,0.6280477230236463,323
aVF,452.5,Lower quintile,0.36235848448711105,0.1825808471738129,0.651305759022468,323
aVF,455.0,Lower quintile,0.3700753765475461,0.17988599028754487,0.6522765986330064,323
aVF,457.5,Lower quintile,0.3623714989877904,0.18015907632422354,0.637093829166858,323
aVF,460.0,Lower quintile,0.37077853692318335,0.18421889519557805,0.6406925415634128,323
aVF,462.5,Lower quintile,0.37690243001940876,0.17685846793409726,0.6511312627938186,323
aVF,465.0,Lower quintile,0.382699446969128,0.1740111773311976,0.6462218404242808,323
aVF,467.5,Lower quintile,0.3814684468828608,0.17823479345260268,0.6375898071548127,323
aVF,470.0,Lower quintile,0.3882353633886063,0.18116661938328182,0.6645882626193085,323
aVF,472.5,Lower quintile,0.3960587180475393,0.1724778129627217,0.6438217943352055,323
aVF,475.0,Lower quintile,0.37997261102100066,0.1738411460116755,0.6376638669372297,323
aVF,477.5,Lower quintile,0.3803702307363282,0.1773683853235451,0.6580968888867722,323
aVF,480.0,Lower quintile,0.391700602134737,0.17146916852960234,0.6577242068145328,323
aVF,482.5,Lower quintile,0.37298657849822653,0.17577561446633067,0.6450324424372542,323
aVF,485.0,Lower quintile,0.3699398159573052,0.16563610403873663,0.6505114478207412,323
aVF,487.5,Lower quintile,0.39084243084062054,0.16967826527244342,0.6471987531503243,323
aVF,490.0,Lower quintile,0.3798262744599155,0.1713500332330343,0.6475961912259989,323
aVF,492.5,Lower quintile,0.3770699389301256,0.18528509915882146,0.641216901572253,323
aVF,495.0,Lower quintile,0.38689143679008214,0.17845437977366446,0.6604062207123996,323
aVF,497.5,Lower quintile,0.38147745582362097,0.17187685701096098,0.6550686677176201,323
V1,-500.0,Lower quintile,0.7817447368715137,0.6314985786525018,0.8600383723671672,323
V1,-497.5,Lower quintile,0.7864393516210126,0.6340650681886564,0.8582784997921873,323
V1,-495.0,Lower quintile,0.7833731926436833,0.6337793474059996,0.8568016843312221,323
V1,-492.5,Lower quintile,0.7800500833772053,0.6249369785714872,0.8542975188194724,323
V1,-490.0,Lower quintile,0.7808941670898838,0.6265784776696611,0.8524291760910244,323
V1,-487.5,Lower quintile,0.7774438149653852,0.6254539956012699,0.8540914253643875,323
V1,-485.0,Lower quintile,0.7741097122046022,0.6187381397203622,0.8542079226949604,323
V1,-482.5,Lower quintile,0.7792370493122825,0.6339022136893213,0.8521431798737993,323
V1,-480.0,Lower quintile,0.7808941670898838,0.6310749908664597,0.8505731063307822,323
V1,-477.5,Lower quintile,0.7808941670898838,0.6336823864938999,0.8530028262762258,323
V1,-475.0,Lower quintile,0.779150286454503,0.6286583904759013,0.8547393846510828,323
V1,-472.5,Lower quintile,0.780101896988524,0.6217939615763679,0.854853117905667,323
V1,-470.0,Lower quintile,0.7762005822280381,0.6200613906968897,0.8533215836382155,323
V1,-467.5,Lower quintile,0.7747115344967932,0.6261352309905572,0.8525255178289792,323
V1,-465.0,Lower quintile,0.7753580105585727,0.6244240431570394,0.8541660148345436,323
V1,-462.5,Lower quintile,0.7756857006520166,0.6234671172327186,0.8524764256542059,323
V1,-460.0,Lower quintile,0.77520298015516,0.6344174405142892,0.8536578011187328,323
V1,-457.5,Lower quintile,0.7772677480943689,0.6228971145952393,0.8558411398091132,323
V1,-455.0,Lower quintile,0.7782181594645008,0.6238719357572561,0.8568050738843618,323
V1,-452.5,Lower quintile,0.7784088222356089,0.6163923096588986,0.8556393668293478,323
V1,-450.0,Lower quintile,0.7801948185001015,0.618436384893692,0.8547694616985128,323
V1,-447.5,Lower quintile,0.7799696279760628,0.6166701206271783,0.8555527555194149,323
V1,-445.0,Lower quintile,0.7812047197957374,0.6141180385712086,0.853799258143852,323
V1,-442.5,Lower quintile,0.7785767485969712,0.6214452380939834,0.8528224418726631,323
V1,-440.0,Lower quintile,0.7779788167163268,0.6275802774332535,0.8546401060989066,323
V1,-437.5,Lower quintile,0.7779643555012259,0.6042018480610897,0.8513128618309198,323
V1,-435.0,Lower quintile,0.7782676135438431,0.6133357344639315,0.8503204842061941,323
V1,-432.5,Lower quintile,0.7819133388930808,0.6198126324306589,0.8530349092039697,323
V1,-430.0,Lower quintile,0.7806844301937292,0.6209495671997218,0.8542205056112784,323
V1,-427.5,Lower quintile,0.7809658637428014,0.6255920840444542,0.8531233204235071,323
V1,-425.0,Lower quintile,0.7806292020625153,0.620275784987578,0.8575227906611695,323
V1,-422.5,Lower quintile,0.7811376887233683,0.6315056188506494,0.8579975412684653,323
V1,-420.0,Lower quintile,0.7806165852811855,0.6379975534881339,0.8554523530413758,323
V1,-417.5,Lower quintile,0.7765657780735715,0.6392580794724871,0.8562215881727384,323
V1,-415.0,Lower quintile,0.7807735639848384,0.6336370117129998,0.8579406028995669,323
V1,-412.5,Lower quintile,0.7790073803108354,0.6305878948921351,0.8506366306618922,323
V1,-410.0,Lower quintile,0.777650290171329,0.6412272556179965,0.8553700574140697,323
V1,-407.5,Lower quintile,0.778438674319282,0.6296408749341043,0.857133247248319,323
V1,-405.0,Lower quintile,0.7800681358518543,0.6375453083456798,0.8527681853358569,323
V1,-402.5,Lower quintile,0.7803502455959214,0.640474835446089,0.8497993298635398,323
V1,-400.0,Lower quintile,0.7828986670069722,0.6497391509860373,0.8541585809357579,323
V1,-397.5,Lower quintile,0.7866666658703257,0.6433089013226343,0.8563102839298828,323
V1,-395.0,Lower quintile,0.782641847906612,0.6367853564404145,0.8564761410184301,323
V1,-392.5,Lower quintile,0.7865639505943564,0.6445290675259706,0.8589400962343562,323
V1,-390.0,Lower quintile,0.7861213274787202,0.6382848195482493,0.8605279247330988,323
V1,-387.5,Lower quintile,0.7823541928311372,0.6258758531006825,0.8562263490927701,323
V1,-385.0,Lower quintile,0.7819551087689245,0.6395641097414941,0.8548954768008339,323
V1,-382.5,Lower quintile,0.7864827843192971,0.6469784709021567,0.8559798114152712,323
V1,-380.0,Lower quintile,0.7812824908151526,0.6466197495116914,0.8565698234019472,323
V1,-377.5,Lower quintile,0.7800439279556931,0.6498514356448303,0.8564678162914545,323
V1,-375.0,Lower quintile,0.7808297301815467,0.6517418223988025,0.8602909788431228,323
V1,-372.5,Lower quintile,0.7797478337277179,0.6468750612214373,0.8621691152761521,323
V1,-370.0,Lower quintile,0.7830346632261649,0.6491853023338536,0.8594074619373748,323
V1,-367.5,Lower quintile,0.7807421478651964,0.6547926974116576,0.8592247653027287,323
V1,-365.0,Lower quintile,0.784055680200608,0.6521076896021916,0.8616204986844632,323
V1,-362.5,Lower quintile,0.7812562254880677,0.650092768041145,0.8587961308122557,323
V1,-360.0,Lower quintile,0.7867570845238082,0.6565369662881166,0.8595978253813408,323
V1,-357.5,Lower quintile,0.785386071077652,0.6538582740251548,0.8615106433381582,323
V1,-355.0,Lower quintile,0.7875594805699041,0.6584552048220211,0.8617378709380941,323
V1,-352.5,Lower quintile,0.7866666658703257,0.6582249503067572,0.8537057306834333,323
V1,-350.0,Lower quintile,0.7853581653194365,0.6546227273931111,0.857603621426478,323
V1,-347.5,Lower quintile,0.7858996194153617,0.6620610067439572,0.8592358986414994,323
V1,-345.0,Lower quintile,0.7845785682575351,0.6530372701931981,0.8537556055299025,323
V1,-342.5,Lower quintile,0.7815223476657476,0.6553486304794631,0.8567094951088889,323
V1,-340.0,Lower quintile,0.7816036013134884,0.6541519674548006,0.8610307786477194,323
V1,-337.5,Lower quintile,0.7789218374976277,0.657076596598855,0.8589136740455495,323
V1,-335.0,Lower quintile,0.7785761579281357,0.6599603436382405,0.8564409088913565,323
V1,-332.5,Lower quintile,0.7798472661998755,0.6533511425826338,0.8581206380868723,323
V1,-330.0,Lower quintile,0.7798288481442174,0.6492974830697944,0.8568610840928103,323
V1,-327.5,Lower quintile,0.7792428819378735,0.6445155935005411,0.8560562987068578,323
V1,-325.0,Lower quintile,0.7812768773668488,0.645414706561336,0.8577777236276984,323
V1,-322.5,Lower quintile,0.7803454290908756,0.6397632683308881,0.8546997740487496,323
V1,-320.0,Lower quintile,0.7791029105472237,0.636157049044072,0.8499728213171326,323
V1,-317.5,Lower quintile,0.7814894100570844,0.6393987024363417,0.8535150403761229,323
V1,-315.0,Lower quintile,0.7798747408381707,0.6387941957164595,0.8569530030606869,323
V1,-312.5,Lower quintile,0.7821376653733894,0.6447376006456972,0.8540405023706381,323
V1,-310.0,Lower quintile,0.7814667799059214,0.6457089560780089,0.8558947218280284,323
V1,-307.5,Lower quintile,0.7821735329151581,0.64726247915103,0.8558894343380696,323
V1,-305.0,Lower quintile,0.7791111623279773,0.6505197721376005,0.8562009575217773,323
V1,-302.5,Lower quintile,0.7807836960620461,0.651500405913715,0.8555447380586763,323
V1,-300.0,Lower quintile,0.7818674573767881,0.6527139491952929,0.8569080585496005,323
V1,-297.5,Lower quintile,0.7816433362010269,0.6593147284550545,0.8566840962790722,323
V1,-295.0,Lower quintile,0.7785171971340966,0.6590056941477672,0.8559493776627123,323
V1,-292.5,Lower quintile,0.7859344622389465,0.6533717211981704,0.8557930257535606,323
V1,-290.0,Lower quintile,0.7844609801902632,0.6593406180364346,0.857637997192448,323
V1,-287.5,Lower quintile,0.7791562719685121,0.649544368418558,0.857202734872647,323
V1,-285.0,Lower quintile,0.7825978439426241,0.6505048345355517,0.8551072350378868,323
V1,-282.5,Lower quintile,0.7821097639074087,0.6436106489865296,0.8554220216107251,323
V1,-280.0,Lower quintile,0.7804090744683128,0.6435682076079016,0.8541356680995154,323
V1,-277.5,Lower quintile,0.7775298431273038,0.6383733897630793,0.8555602004524698,323
V1,-275.0,Lower quintile,0.7810709808442697,0.6415884568994923,0.8535719468366234,323
V1,-272.5,Lower quintile,0.7848335537762096,0.6292795598379726,0.8516741738109576,323
V1,-270.0,Lower quintile,0.7793544997177442,0.6306640926187517,0.8509775931720105,323
V1,-267.5,Lower quintile,0.7786767454766201,0.6373940052632736,0.8508829952777335,323
V1,-265.0,Lower quintile,0.7788783032952463,0.6384823492336156,0.8509770716745269,323
V1,-262.5,Lower quintile,0.7778880610583362,0.6312855395197596,0.8536156969061431,323
V1,-260.0,Lower quintile,0.7814513420120421,0.6464332780958019,0.853509554824865,323
V1,-257.5,Lower quintile,0.779547001294745,0.645876076889582,0.8522715644822159,323
V1,-255.0,Lower quintile,0.7815311295030221,0.6471183281446122,0.8539306053830757,323
V1,-252.5,Lower quintile,0.7811558386723012,0.640415659039769,0.8546985859154071,323
V1,-250.0,Lower quintile,0.7793450242418475,0.6374920910622673,0.8540919134444205,323
V1,-247.5,Lower quintile,0.78014363341967,0.6395366819998425,0.85428689150011,323
V1,-245.0,Lower quintile,0.7779182403583226,0.6325827487358722,0.852678176198304,323
V1,-242.5,Lower quintile,0.7759663090686266,0.6298408359635131,0.8477934913155893,323
V1,-240.0,Lower quintile,0.7802522554556806,0.6260754858670521,0.8511283147372599,323
V1,-237.5,Lower quintile,0.7748925803011373,0.6187551484190441,0.8494850360359449,323
V1,-235.0,Lower quintile,0.7727871534266388,0.6186707528918115,0.8519775901710237,323
V1,-232.5,Lower quintile,0.7747493677799955,0.630520497923522,0.8520120258200222,323
V1,-230.0,Lower quintile,0.7766482033452989,0.6230235804673081,0.8515523079315237,323
V1,-227.5,Lower quintile,0.7721042347570457,0.6326115884243351,0.8536343268638088,323
V1,-225.0,Lower quintile,0.776216053498552,0.6336029300970638,0.8516320035964238,323
V1,-222.5,Lower quintile,0.775779374546278,0.6341759107598159,0.8513143152185015,323
V1,-220.0,Lower quintile,0.7744937212685414,0.6373054892459518,0.8508814392787631,323
V1,-217.5,Lower quintile,0.7727812705785071,0.6406211600722374,0.8479603562500524,323
V1,-215.0,Lower quintile,0.7717401538122711,0.6330232863090637,0.8520586838946085,323
V1,-212.5,Lower quintile,0.7719333169184235,0.6357781022438707,0.8498192895390326,323
V1,-210.0,Lower quintile,0.7721344996012878,0.6396187867353643,0.8480145277372426,323
V1,-207.5,Lower quintile,0.7726096276729378,0.6329999086836227,0.8473890927243253,323
V1,-205.0,Lower quintile,0.7692624698908724,0.6361960363837558,0.8531466341634453,323
V1,-202.5,Lower quintile,0.770384714071243,0.6398190176215914,0.8526160874516171,323
V1,-200.0,Lower quintile,0.7712832973309647,0.6350909948588386,0.8543988548943438,323
V1,-197.5,Lower quintile,0.7708486406137905,0.62228298930096,0.8548342177164541,323
V1,-195.0,Lower quintile,0.7759902626948174,0.6281720627416609,0.8552800862648194,323
V1,-192.5,Lower quintile,0.7779258707933773,0.6235839435480683,0.8560299753694043,323
V1,-190.0,Lower quintile,0.7770380835533602,0.627840830095815,0.8541558919208438,323
V1,-187.5,Lower quintile,0.7757384566788451,0.6309820147659212,0.8534794936952146,323
V1,-185.0,Lower quintile,0.7788583923892771,0.6288229812130319,0.8524020761958973,323
V1,-182.5,Lower quintile,0.7751078594809319,0.6238018709428497,0.8525755719525334,323
V1,-180.0,Lower quintile,0.7697481329340176,0.624320203213423,0.8477216451051696,323
V1,-177.5,Lower quintile,0.7703520151126679,0.6100950368518937,0.8476987488130324,323
V1,-175.0,Lower quintile,0.7691730689252788,0.606556936542689,0.8470587511725873,323
V1,-172.5,Lower quintile,0.7612741367268436,0.6139598009075276,0.8462368607706124,323
V1,-170.0,Lower quintile,0.7548305183296953,0.6102361478611279,0.8447507728751471,323
V1,-167.5,Lower quintile,0.7525339281564187,0.6008543446417279,0.8431883210858724,323
V1,-165.0,Lower quintile,0.750677404716483,0.593828294187323,0.843946845544105,323
V1,-162.5,Lower quintile,0.7499654075915433,0.5964738962010258,0.8428783826158237,323
V1,-160.0,Lower quintile,0.7511325441449751,0.6045512722107336,0.8417510813411213,323
V1,-157.5,Lower quintile,0.7535239359035254,0.6101710026636549,0.8376198386796545,323
V1,-155.0,Lower quintile,0.7507930661662613,0.6056557491149607,0.8330075928371454,323
V1,-152.5,Lower quintile,0.7525958439834717,0.6047557664067493,0.8295708842334366,323
V1,-150.0,Lower quintile,0.7501360140331531,0.607636759990466,0.8314137969243449,323
V1,-147.5,Lower quintile,0.750990773729256,0.6031412823070095,0.8283489099105967,323
V1,-145.0,Lower quintile,0.7484068108143604,0.6089328994137497,0.8273477539898332,323
V1,-142.5,Lower quintile,0.7497176151551211,0.6078801883143932,0.8221957712315505,323
V1,-140.0,Lower quintile,0.7467450301987211,0.6069742276014044,0.8183135239143227,323
V1,-137.5,Lower quintile,0.7476192012776451,0.6170150693886856,0.8150970107252414,323
V1,-135.0,Lower quintile,0.74898542498294,0.5965633054128868,0.8194627279337362,323
V1,-132.5,Lower quintile,0.7460815229587627,0.6005159620885969,0.8198889551287261,323
V1,-130.0,Lower quintile,0.7428613237037657,0.5893817413284679,0.8186900703976516,323
V1,-127.5,Lower quintile,0.7429963626663574,0.5873894233173028,0.8131257444631432,323
V1,-125.0,Lower quintile,0.7465491085632509,0.6054559851359551,0.8152386796699782,323
V1,-122.5,Lower quintile,0.7463732933636119,0.5969495621939654,0.8136567155864126,323
V1,-120.0,Lower quintile,0.7463508460828202,0.5866940996245436,0.8170310184047056,323
V1,-117.5,Lower quintile,0.7478518611691347,0.5958937499872645,0.816532669514136,323
V1,-115.0,Lower quintile,0.7522319942642052,0.5978350006780304,0.8184903037321165,323
V1,-112.5,Lower quintile,0.7528934637033446,0.5988264699496373,0.8197555141671697,323
V1,-110.0,Lower quintile,0.7555829011980655,0.5965075443733509,0.8237290009207162,323
V1,-107.5,Lower quintile,0.7581737535931897,0.6016693186962652,0.8261479649868102,323
V1,-105.0,Lower quintile,0.7590729384274276,0.6003736316826488,0.8273586496476517,323
V1,-102.5,Lower quintile,0.7575756455703544,0.6080095550271877,0.8275144481094401,323
V1,-100.0,Lower quintile,0.7635944237274986,0.6124956841094018,0.8312478923321498,323
V1,-97.5,Lower quintile,0.764633609576889,0.6112098952110874,0.8335877700629332,323
V1,-95.0,Lower quintile,0.7637530057913284,0.6139117956019933,0.8350476696503645,323
V1,-92.5,Lower quintile,0.7709435198738379,0.621938110043011,0.8419546620357532,323
V1,-90.0,Lower quintile,0.7710492273713702,0.6260094900391868,0.8414094782067516,323
V1,-87.5,Lower quintile,0.7678584818426253,0.6255038768015699,0.8386032127153972,323
V1,-85.0,Lower quintile,0.7712218836225669,0.6281217367324806,0.8432811174662292,323
V1,-82.5,Lower quintile,0.7740350562987243,0.6391588735774831,0.8426737902729396,323
V1,-80.0,Lower quintile,0.7728408073849091,0.6373995655718951,0.8422547737539621,323
V1,-77.5,Lower quintile,0.7727450018478059,0.6383779356549735,0.8438520108901502,323
V1,-75.0,Lower quintile,0.7753981419866447,0.6404495042353812,0.8467249568821478,323
V1,-72.5,Lower quintile,0.7740910965007778,0.6281095318444975,0.8473890927243253,323
V1,-70.0,Lower quintile,0.774622739386351,0.628499211779028,0.8473890927243253,323
V1,-67.5,Lower quintile,0.7747720402493006,0.6421218894423645,0.8474382407201759,323
V1,-65.0,Lower quintile,0.7760066195677378,0.6353776265684963,0.8482628086579083,323
V1,-62.5,Lower quintile,0.7763469509346779,0.6345384979893829,0.8489926007901536,323
V1,-60.0,Lower quintile,0.7782815518412349,0.6316807732777978,0.8502948591837328,323
V1,-57.5,Lower quintile,0.7812183264968889,0.6402646080479429,0.8551125894624751,323
V1,-55.0,Lower quintile,0.778385637350267,0.6530962840329507,0.8541369477436672,323
V1,-52.5,Lower quintile,0.7807941579424624,0.647542198205447,0.8539654843264514,323
V1,-50.0,Lower quintile,0.7855517780170014,0.6470501855399273,0.8613527263982081,323
V1,-47.5,Lower quintile,0.7840361390993782,0.6514655902845852,0.8599339841075742,323
V1,-45.0,Lower quintile,0.7857029182086912,0.6530483696729745,0.8612419980394174,323
V1,-42.5,Lower quintile,0.7982293871544834,0.6665361755911811,0.8681292999502113,323
V1,-40.0,Lower quintile,0.8098956958255705,0.6765773045326986,0.8777237593924843,323
V1,-37.5,Lower quintile,0.8253282205969953,0.6889965866032585,0.8852926579406218,323
V1,-35.0,Lower quintile,0.8444218889798909,0.6915562807633056,0.9006069268473932,323
V1,-32.5,Lower quintile,0.8558779838138469,0.7089069337659408,0.9178451629490803,323
V1,-30.0,Lower quintile,0.8787137277818204,0.7068563321381212,0.9393580956987776,323
V1,-27.5,Lower quintile,0.8951519800716379,0.7440263044843002,0.9609263913088522,323
V1,-25.0,Lower quintile,0.9101351598586465,0.7597470338433112,0.9782816806307042,323
V1,-22.5,Lower quintile,0.917785912605094,0.7716713627469136,0.9837425916782714,323
V1,-20.0,Lower quintile,0.9110124328315634,0.7186338511274475,0.9697739462266053,323
V1,-17.5,Lower quintile,0.8567225177089909,0.650530265819792,0.9531416913448074,323
V1,-15.0,Lower quintile,0.7763194044133663,0.5702160024471791,0.9084913995851751,323
V1,-12.5,Lower quintile,0.6699983184133061,0.4608991828034044,0.8315730564371077,323
V1,-10.0,Lower quintile,0.5458871561095985,0.33839613604598967,0.7508237796093806,323
V1,-7.5,Lower quintile,0.4058098137642995,0.21986329459509762,0.6288504513104878,323
V1,-5.0,Lower quintile,0.27869111623962056,0.13402655594116836,0.49087620907540164,323
V1,-2.5,Lower quintile,0.19639302921044777,0.05904922102711094,0.3807176650562638,323
V1,0.0,Lower quintile,0.1160849388965567,0.026538907161679448,0.3229657251006162,323
V1,2.5,Lower quintile,0.07993635928633913,0.009411888236244479,0.28843909166987397,323
V1,5.0,Lower quintile,0.09110061012088926,0.01859383078336877,0.29562845785799735,323
V1,7.5,Lower quintile,0.13559318529369202,0.05024714220477797,0.32156733937405557,323
V1,10.0,Lower quintile,0.19322122108280249,0.08403412296398005,0.4053503273221552,323
V1,12.5,Lower quintile,0.2838102925865898,0.12345581745940418,0.4859989518148994,323
V1,15.0,Lower quintile,0.35725277423795687,0.1901428712392934,0.5815931828113177,323
V1,17.5,Lower quintile,0.4492965759332001,0.2783938141974379,0.6431721608319115,323
V1,20.0,Lower quintile,0.5274378556665569,0.31614970656194946,0.7138598936611947,323
V1,22.5,Lower quintile,0.599431811744219,0.39007471396991966,0.7659963175644244,323
V1,25.0,Lower quintile,0.6513686815654032,0.4675556770910797,0.8004427993438391,323
V1,27.5,Lower quintile,0.6889813958837022,0.5351452743764237,0.8165694235896718,323
V1,30.0,Lower quintile,0.7330082773468121,0.5813550867309945,0.8398338782267338,323
V1,32.5,Lower quintile,0.7641674638235255,0.6332445720439548,0.8550666934239608,323
V1,35.0,Lower quintile,0.7773026846525669,0.6698508216456471,0.8649096496561753,323
V1,37.5,Lower quintile,0.7876094823643948,0.7009618598928893,0.8730556557414595,323
V1,40.0,Lower quintile,0.8016618114285586,0.723074933278665,0.8727237655420259,323
V1,42.5,Lower quintile,0.8098138882786774,0.7198788044718127,0.8782581160278193,323
V1,45.0,Lower quintile,0.8134569940898227,0.7251385714775408,0.8818006012254083,323
V1,47.5,Lower quintile,0.8198600675146331,0.7195896562863763,0.8861700115160901,323
V1,50.0,Lower quintile,0.8269306620703065,0.726191678608204,0.8911037121917932,323
V1,52.5,Lower quintile,0.8297183988784615,0.723836995992104,0.8866893309188504,323
V1,55.0,Lower quintile,0.8233205648560125,0.7199387966521554,0.8867671031282569,323
V1,57.5,Lower quintile,0.8260910992364823,0.7181577523588818,0.889926777645486,323
V1,60.0,Lower quintile,0.8180771661256023,0.7137470650487178,0.8867435495669012,323
V1,62.5,Lower quintile,0.8185666608220418,0.717744200619121,0.8864454267685691,323
V1,65.0,Lower quintile,0.8191739272099227,0.7089367435494458,0.8892921014684901,323
V1,67.5,Lower quintile,0.8217416975172512,0.7064052240351835,0.8892557970509675,323
V1,70.0,Lower quintile,0.8200823950054607,0.7046456245607469,0.8896422722209616,323
V1,72.5,Lower quintile,0.8210524601108535,0.6979019768020343,0.8915734156998183,323
V1,75.0,Lower quintile,0.8222749089138084,0.6951254825236719,0.8942326370291482,323
V1,77.5,Lower quintile,0.8194950989926896,0.692703449377073,0.8928018810804801,323
V1,80.0,Lower quintile,0.8158116880495603,0.6928519994031469,0.8931302257368421,323
V1,82.5,Lower quintile,0.816927088522362,0.6871382887893609,0.8954005549034902,323
V1,85.0,Lower quintile,0.8190009200986412,0.6944543101432946,0.8939534267799429,323
V1,87.5,Lower quintile,0.8221221687162705,0.6997737844584253,0.8935016325408738,323
V1,90.0,Lower quintile,0.8220828804217318,0.7034909326030607,0.8966137703807748,323
V1,92.5,Lower quintile,0.821521800251459,0.6995243789846122,0.897873755495934,323
V1,95.0,Lower quintile,0.8219915297595858,0.7053791734172166,0.8963261587589275,323
V1,97.5,Lower quintile,0.8225221259584329,0.6927133319064211,0.8964940417794177,323
V1,100.0,Lower quintile,0.8232688728240466,0.6869649516836244,0.8977829298563698,323
V1,102.5,Lower quintile,0.8217445592036213,0.6836284074939182,0.8974699052047963,323
V1,105.0,Lower quintile,0.8239774411212245,0.6901041123380642,0.8964936399001415,323
V1,107.5,Lower quintile,0.8249797190001623,0.6931607629776595,0.8975617995245425,323
V1,110.0,Lower quintile,0.828282400425196,0.6986756969991956,0.8967158119607228,323
V1,112.5,Lower quintile,0.8207118274976807,0.6881734810231181,0.8937541675417888,323
V1,115.0,Lower quintile,0.8232113138917495,0.6853162555743224,0.8928519804822264,323
V1,117.5,Lower quintile,0.8200308290326686,0.6881543987731282,0.890315109916172,323
V1,120.0,Lower quintile,0.8178669684828116,0.688351812500436,0.8912794555151672,323
V1,122.5,Lower quintile,0.8184478820534625,0.6804177974571102,0.8907047084330809,323
V1,125.0,Lower quintile,0.8219797021244799,0.6812045104477626,0.8919547252345961,323
V1,127.5,Lower quintile,0.815553726536456,0.6781232167190883,0.8890300562232617,323
V1,130.0,Lower quintile,0.8129786301102112,0.6806405094291975,0.8888045794693056,323
V1,132.5,Lower quintile,0.8160352369409302,0.6731745039199214,0.891062234513305,323
V1,135.0,Lower quintile,0.8153187064473705,0.6714312726290546,0.8919167193135555,323
V1,137.5,Lower quintile,0.8133595785280535,0.6759229469770315,0.8868842479531507,323
V1,140.0,Lower quintile,0.8198303018368941,0.6771659746830883,0.8921003756786183,323
V1,142.5,Lower quintile,0.8206951079709801,0.6759259391897484,0.8913502257389508,323
V1,145.0,Lower quintile,0.8189759868666537,0.6791530316070842,0.8863961311688171,323
V1,147.5,Lower quintile,0.8194865981330243,0.6659516584126038,0.8854905421547077,323
V1,150.0,Lower quintile,0.8228062256348327,0.6682352012933443,0.885424130615931,323
V1,152.5,Lower quintile,0.8200784580964607,0.6693690617447072,0.8852040786270146,323
V1,155.0,Lower quintile,0.8150069712739905,0.678661493824712,0.8836884165909937,323
V1,157.5,Lower quintile,0.8208510201843677,0.6816291938723424,0.8885704505255781,323
V1,160.0,Lower quintile,0.8160659980225073,0.6741778955343833,0.8847282442539366,323
V1,162.5,Lower quintile,0.8150310202715128,0.6610968335399664,0.8853054305343124,323
V1,165.0,Lower quintile,0.8168535610830926,0.6747525413802125,0.8893240647945679,323
V1,167.5,Lower quintile,0.8160059783173027,0.6723900428488292,0.8919144882106385,323
V1,170.0,Lower quintile,0.8134930992441388,0.6718871062750233,0.8885566601556912,323
V1,172.5,Lower quintile,0.8099983748187982,0.6780045989064163,0.890526383571088,323
V1,175.0,Lower quintile,0.8121692726324045,0.6804838406823455,0.891541562135192,323
V1,177.5,Lower quintile,0.8093936536559061,0.6818234365232358,0.8876837958432511,323
V1,180.0,Lower quintile,0.8108265510370593,0.6823737603774329,0.8849449136912879,323
V1,182.5,Lower quintile,0.8107125952448194,0.6788281046961699,0.8861424150068952,323
V1,185.0,Lower quintile,0.8110789829880037,0.6734018178330934,0.8900790623729604,323
V1,187.5,Lower quintile,0.8077173749778181,0.6734629862131252,0.8891993702428886,323
V1,190.0,Lower quintile,0.8106974911585885,0.6699305848335781,0.8913656148904877,323
V1,192.5,Lower quintile,0.8186433584076916,0.6690479338510993,0.8892128772901758,323
V1,195.0,Lower quintile,0.814585665444632,0.6567293790965463,0.8885647669541731,323
V1,197.5,Lower quintile,0.8141139438249917,0.6685045845900339,0.8861457767369505,323
V1,200.0,Lower quintile,0.8146935484208684,0.6676620337273185,0.8914858252551001,323
V1,202.5,Lower quintile,0.8095350913467576,0.6612603893486827,0.883254328049704,323
V1,205.0,Lower quintile,0.8087387601100173,0.6612359633282641,0.8815428263274212,323
V1,207.5,Lower quintile,0.8083948133449131,0.653336540789575,0.883145195424297,323
V1,210.0,Lower quintile,0.8009170907730396,0.6538745081323764,0.8799871845643072,323
V1,212.5,Lower quintile,0.7989187803306973,0.6576135246648012,0.8808239918912524,323
V1,215.0,Lower quintile,0.7981661092889927,0.6528821344370517,0.8786956350035244,323
V1,217.5,Lower quintile,0.795653008322768,0.6476092655361319,0.8812617200911321,323
V1,220.0,Lower quintile,0.7967957091504708,0.649485533734132,0.8779410658009951,323
V1,222.5,Lower quintile,0.7948844378515095,0.644260584714506,0.8796145557561781,323
V1,225.0,Lower quintile,0.790325114591201,0.6468003158834985,0.8847303995837872,323
V1,227.5,Lower quintile,0.7839469638792101,0.6477443435180532,0.87779986763817,323
V1,230.0,Lower quintile,0.781912558624451,0.6513971730247469,0.8760693300182414,323
V1,232.5,Lower quintile,0.7796166229333895,0.628801031253014,0.8752639896211947,323
V1,235.0,Lower quintile,0.7724635461067544,0.6292913334214423,0.8753997009997826,323
V1,237.5,Lower quintile,0.7691633293043618,0.6219650658614266,0.8783987402716252,323
V1,240.0,Lower quintile,0.7708604796702553,0.6218629823314528,0.8741147553719567,323
V1,242.5,Lower quintile,0.7659323059614629,0.6231259018681954,0.8763099416373509,323
V1,245.0,Lower quintile,0.7608477914221147,0.6024302208561916,0.8772162386580875,323
V1,247.5,Lower quintile,0.759164086820057,0.5912960197581819,0.8746012271473522,323
V1,250.0,Lower quintile,0.7558563966559241,0.5830565797713527,0.8698407651988995,323
V1,252.5,Lower quintile,0.7499098277540329,0.5797740293550957,0.8648438694378972,323
V1,255.0,Lower quintile,0.7564856676835808,0.5801606899398861,0.867000078038175,323
V1,257.5,Lower quintile,0.7528009617321478,0.5759072246870307,0.8733210602897995,323
V1,260.0,Lower quintile,0.7494199025236815,0.5906660845927152,0.8743188997745173,323
V1,262.5,Lower quintile,0.7516034904096347,0.5889062194501362,0.8646443444147867,323
V1,265.0,Lower quintile,0.755900323546881,0.5964002463244956,0.8614163782206541,323
V1,267.5,Lower quintile,0.750078449491458,0.5997126092587879,0.8636654696143022,323
V1,270.0,Lower quintile,0.7497574997266937,0.593608238180594,0.855922312605223,323
V1,272.5,Lower quintile,0.7459562600346423,0.5847955296439338,0.8561632208883772,323
V1,275.0,Lower quintile,0.7491775430870506,0.5906392584631927,0.8595019921815636,323
V1,277.5,Lower quintile,0.7472077428460256,0.5744373481472496,0.8563404638897977,323
V1,280.0,Lower quintile,0.7489848254187411,0.5789771933047569,0.8545681404968346,323
V1,282.5,Lower quintile,0.7490655068187134,0.5808399562302031,0.8529580593585095,323
V1,285.0,Lower quintile,0.7544805057430339,0.573068399322622,0.8541382158339585,323
V1,287.5,Lower quintile,0.7554587391768511,0.5737533591091672,0.851272207650735,323
V1,290.0,Lower quintile,0.7577477153615,0.5889076301675894,0.849681159815633,323
V1,292.5,Lower quintile,0.7580688960724025,0.583060857917062,0.8506659284527518,323
V1,295.0,Lower quintile,0.7568211822868236,0.5822003173382988,0.8464076725822973,323
V1,297.5,Lower quintile,0.7642709252168745,0.5833673736499834,0.8468892571403575,323
V1,300.0,Lower quintile,0.7663738195441996,0.5788868648076066,0.8495592334782023,323
V1,302.5,Lower quintile,0.7610619081286962,0.5736479527995229,0.8503446399334146,323
V1,305.0,Lower quintile,0.7591815287318249,0.5676779304415542,0.8513898380156715,323
V1,307.5,Lower quintile,0.7638546591032305,0.5636996100921008,0.8505457152306128,323
V1,310.0,Lower quintile,0.7600391177608434,0.5647433805882475,0.8494151382909968,323
V1,312.5,Lower quintile,0.7659387835245483,0.5710046481292135,0.846251268904652,323
V1,315.0,Lower quintile,0.769008908892557,0.5733172279885037,0.8479525991175199,323
V1,317.5,Lower quintile,0.7685856598046259,0.5717645557319462,0.8487710743770871,323
V1,320.0,Lower quintile,0.7661748257911843,0.582916296610465,0.8460933105779831,323
V1,322.5,Lower quintile,0.769309774487038,0.5902050202516169,0.8504574411336066,323
V1,325.0,Lower quintile,0.7736697932663641,0.5876220659139515,0.8515736635017955,323
V1,327.5,Lower quintile,0.7780216211512979,0.5923360400324371,0.8494654986813633,323
V1,330.0,Lower quintile,0.7805435126335803,0.5974394720036491,0.8477501613405762,323
V1,332.5,Lower quintile,0.777261426285042,0.5933666483280868,0.8505305544589206,323
V1,335.0,Lower quintile,0.7755330128237691,0.5941083580066111,0.8514660914253862,323
V1,337.5,Lower quintile,0.7777609768319356,0.6001574951538167,0.8543372059719245,323
V1,340.0,Lower quintile,0.7781150047983673,0.597383684147361,0.8570803160156919,323
V1,342.5,Lower quintile,0.775137232771287,0.5982796706099145,0.8567716201469702,323
V1,345.0,Lower quintile,0.7748069573471744,0.5981308037325548,0.8572262052353862,323
V1,347.5,Lower quintile,0.7789782985669588,0.6046948355499511,0.8550686695502142,323
V1,350.0,Lower quintile,0.7798790010598629,0.6028412925226729,0.855486526957222,323
V1,352.5,Lower quintile,0.779081112866797,0.6066789331117581,0.8535313558009199,323
V1,355.0,Lower quintile,0.777869899618281,0.6080538861562689,0.8567876263602889,323
V1,357.5,Lower quintile,0.7840357324159786,0.6110012996458045,0.8580197284914632,323
V1,360.0,Lower quintile,0.7781443370760542,0.6206497109422717,0.8548003907010382,323
V1,362.5,Lower quintile,0.7768443820235089,0.6147752028900177,0.8538202657990055,323
V1,365.0,Lower quintile,0.779081112866797,0.6183458428960333,0.8566851702954497,323
V1,367.5,Lower quintile,0.7764121994871958,0.6229286838377612,0.8573458937277633,323
V1,370.0,Lower quintile,0.7781341156795439,0.6141816205282248,0.8603915066606624,323
V1,372.5,Lower quintile,0.7772613905414262,0.6285842676512237,0.8602040305849212,323
V1,375.0,Lower quintile,0.7792962312492676,0.6295249538658987,0.8591077793110167,323
V1,377.5,Lower quintile,0.7782103354594156,0.6284082841645257,0.8587131271962027,323
V1,380.0,Lower quintile,0.7784488665766794,0.638616935340086,0.8601439078444888,323
V1,382.5,Lower quintile,0.7826778442322434,0.6395971256061578,0.8573812590878053,323
V1,385.0,Lower quintile,0.7802647791821107,0.6410387002964624,0.8562616905343461,323
V1,387.5,Lower quintile,0.7810125478390644,0.6383457975907924,0.854847488164952,323
V1,390.0,Lower quintile,0.7834088155559283,0.6408193358926669,0.8606414731554125,323
V1,392.5,Lower quintile,0.7796368076807798,0.6412915118676314,0.8572548401011079,323
V1,395.0,Lower quintile,0.7764466803875211,0.6407728182949949,0.8558740419618476,323
V1,397.5,Lower quintile,0.7799932912209109,0.6388514260838585,0.8604260861413302,323
V1,400.0,Lower quintile,0.7861025544767702,0.6401777287969032,0.8615895532569121,323
V1,402.5,Lower quintile,0.7822369353576182,0.6383078403541841,0.8603384033562186,323
V1,405.0,Lower quintile,0.7832710107195195,0.6348031208538922,0.8593498039924525,323
V1,407.5,Lower quintile,0.7882699654913843,0.6338570913565029,0.8590156577045309,323
V1,410.0,Lower quintile,0.7855673074662688,0.6314961308341047,0.8571780932583868,323
V1,412.5,Lower quintile,0.7858879472031237,0.6206033292079023,0.8550474569511706,323
V1,415.0,Lower quintile,0.7860345088152707,0.6160819354574973,0.8555842306889117,323
V1,417.5,Lower quintile,0.7846878525929287,0.6251286872746378,0.8579416810865994,323
V1,420.0,Lower quintile,0.7819751347415673,0.6155268203020703,0.8558544226058626,323
V1,422.5,Lower quintile,0.782410779945302,0.6133968248351036,0.8585181366555126,323
V1,425.0,Lower quintile,0.7860355886163173,0.6194006946505382,0.8631370790016033,323
V1,427.5,Lower quintile,0.7826222482900599,0.6177732799840308,0.8549841198966215,323
V1,430.0,Lower quintile,0.778932421630899,0.6140204671301469,0.8544011790618805,323
V1,432.5,Lower quintile,0.7833165290404004,0.615815903484328,0.8564176844336682,323
V1,435.0,Lower quintile,0.7808057363265359,0.6298738268327674,0.85231716369634,323
V1,437.5,Lower quintile,0.7789942936219396,0.6213076097490692,0.8543154421189734,323
V1,440.0,Lower quintile,0.7737533176317936,0.6273906191938468,0.8598508861896907,323
V1,442.5,Lower quintile,0.7821229568071263,0.6359385358716578,0.8550319959126469,323
V1,445.0,Lower quintile,0.7805724573309017,0.6292102188583583,0.8560851132847717,323
V1,447.5,Lower quintile,0.780991520493205,0.6326211933335046,0.8562838847038488,323
V1,450.0,Lower quintile,0.7791006286301162,0.6282452745139171,0.8598242071526185,323
V1,452.5,Lower quintile,0.7772084809808103,0.636965058613938,0.8541359489208398,323
V1,455.0,Lower quintile,0.7786624339891147,0.6338525860136006,0.857002019844642,323
V1,457.5,Lower quintile,0.7826222482900599,0.6343708509450586,0.859158068918454,323
V1,460.0,Lower quintile,0.7831792560577099,0.6338608125500607,0.8584467077320095,323
V1,462.5,Lower quintile,0.7847951228818418,0.6296887373961397,0.8568369391862305,323
V1,465.0,Lower quintile,0.7846313397939626,0.6447464208895745,0.8559278673830266,323
V1,467.5,Lower quintile,0.782472698076741,0.6453620530907177,0.8553016252860604,323
V1,470.0,Lower quintile,0.7820826429828984,0.6356028785434644,0.8530882019883865,323
V1,472.5,Lower quintile,0.7819148929482775,0.6340325902411651,0.8569174766786046,323
V1,475.0,Lower quintile,0.7804084046834202,0.6404780412167707,0.8583587600178277,323
V1,477.5,Lower quintile,0.7812169650718045,0.6398480886202473,0.857569817783473,323
V1,480.0,Lower quintile,0.7827569834163596,0.6321375445431796,0.857835833074389,323
V1,482.5,Lower quintile,0.7822418399670061,0.637225096354842,0.856366751718934,323
V1,485.0,Lower quintile,0.7837505607403628,0.638741898765881,0.8567523536853201,323
V1,487.5,Lower quintile,0.7837505607403628,0.6311652817305833,0.8563502936935575,323
V1,490.0,Lower quintile,0.7838013114988809,0.6339603992610797,0.8591592655450382,323
V1,492.5,Lower quintile,0.7819379022917472,0.6331284898684968,0.8562788679346327,323
V1,495.0,Lower quintile,0.7825287441505577,0.6292025754384949,0.8562169893868361,323
V1,497.5,Lower quintile,0.7762838967947444,0.6369404398906757,0.8584630156952633,323
V2,-500.0,Lower quintile,0.6111132722277888,0.4278920188216677,0.7484065646217437,323
V2,-497.5,Lower quintile,0.6042872289474873,0.4256146739587546,0.7465317355803609,323
V2,-495.0,Lower quintile,0.6088344324609457,0.4220814031491923,0.745253495417103,323
V2,-492.5,Lower quintile,0.6043028709762651,0.4225234208332415,0.7452104564759396,323
V2,-490.0,Lower quintile,0.6064281952344819,0.4280314736840661,0.7479809074135882,323
V2,-487.5,Lower quintile,0.6057212058306236,0.42051909128687825,0.7431930726916214,323
V2,-485.0,Lower quintile,0.6084741694105125,0.42296493526351103,0.7461390786963374,323
V2,-482.5,Lower quintile,0.6062837706796423,0.423785933414378,0.7431947183249616,323
V2,-480.0,Lower quintile,0.605711818451859,0.4228446857364849,0.7420758150581925,323
V2,-477.5,Lower quintile,0.6074925545939521,0.4243162966817506,0.7411480412703384,323
V2,-475.0,Lower quintile,0.6022050320546315,0.4273235839371913,0.7419762351161439,323
V2,-472.5,Lower quintile,0.6020980342659653,0.4273603684989278,0.7329646735855595,323
V2,-470.0,Lower quintile,0.6021110684458407,0.4204008180007318,0.7397088159526611,323
V2,-467.5,Lower quintile,0.599123914958943,0.4237312295904653,0.7380259468663549,323
V2,-465.0,Lower quintile,0.599123914958943,0.42073514239467624,0.7327096530927473,323
V2,-462.5,Lower quintile,0.6019472293510113,0.4238944730810773,0.7326982396807614,323
V2,-460.0,Lower quintile,0.5971318065277912,0.4163767221932285,0.7311521876341309,323
V2,-457.5,Lower quintile,0.5974086470058592,0.41701430310406823,0.729431830028376,323
V2,-455.0,Lower quintile,0.6019397765939635,0.4226010019372214,0.7278633490406314,323
V2,-452.5,Lower quintile,0.6035589122483931,0.42334583989169244,0.7304190785922973,323
V2,-450.0,Lower quintile,0.5997371030088875,0.42332990904056766,0.7299750956041899,323
V2,-447.5,Lower quintile,0.6011471788523759,0.42516947597811383,0.7282352016290474,323
V2,-445.0,Lower quintile,0.5995458940946576,0.42336950418836633,0.728416213586133,323
V2,-442.5,Lower quintile,0.5974086470058592,0.42159637405343475,0.7278402459728521,323
V2,-440.0,Lower quintile,0.599123914958943,0.42011256145418474,0.7223637075961797,323
V2,-437.5,Lower quintile,0.600479208958697,0.41689793860674357,0.7229261681420898,323
V2,-435.0,Lower quintile,0.5974086470058592,0.41414197040590894,0.7201795380848439,323
V2,-432.5,Lower quintile,0.598540801143415,0.40620866256119653,0.7191815654702003,323
V2,-430.0,Lower quintile,0.5987586582556976,0.4132363232480051,0.7186139381104262,323
V2,-427.5,Lower quintile,0.5974086470058592,0.4163833653392637,0.7190978320139114,323
V2,-425.0,Lower quintile,0.597072356429753,0.41132531600834793,0.7200645505748187,323
V2,-422.5,Lower quintile,0.5965113269307486,0.4189692813856924,0.7153994761625866,323
V2,-420.0,Lower quintile,0.5974086470058592,0.4064007192048873,0.7211715558586249,323
V2,-417.5,Lower quintile,0.5939645783682566,0.4020507114623718,0.7232217704457417,323
V2,-415.0,Lower quintile,0.5974086470058592,0.41099606448298387,0.719014176148068,323
V2,-412.5,Lower quintile,0.5963299081826186,0.40858475746145845,0.7220352701394815,323
V2,-410.0,Lower quintile,0.5965113269307486,0.41044497098796334,0.7205142800675026,323
V2,-407.5,Lower quintile,0.5974086470058592,0.416011265703085,0.71723725567117,323
V2,-405.0,Lower quintile,0.5897584375006001,0.410643207366998,0.7177647228556264,323
V2,-402.5,Lower quintile,0.5883898701919594,0.4172241652495522,0.7179982712411901,323
V2,-400.0,Lower quintile,0.603287021578261,0.4139985971680158,0.7174344424393642,323
V2,-397.5,Lower quintile,0.599123914958943,0.4125384435870597,0.7175253972032072,323
V2,-395.0,Lower quintile,0.5965768383821342,0.41208015517969715,0.7162609305139663,323
V2,-392.5,Lower quintile,0.5943529759436385,0.4217503340075814,0.7159627490614697,323
V2,-390.0,Lower quintile,0.5918929200725692,0.41787492833882084,0.7166209943606825,323
V2,-387.5,Lower quintile,0.599123914958943,0.4138359789955518,0.7180429168540388,323
V2,-385.0,Lower quintile,0.5890720821187478,0.41120955059672426,0.7216621325960098,323
V2,-382.5,Lower quintile,0.5960450986804352,0.41083430188510794,0.7234610341205991,323
V2,-380.0,Lower quintile,0.593381329725425,0.4018062639974489,0.7200870577911322,323
V2,-377.5,Lower quintile,0.596796358047721,0.4071908653167631,0.7158698935880865,323
V2,-375.0,Lower quintile,0.5874015985864476,0.4118579106916272,0.7159767317147514,323
V2,-372.5,Lower quintile,0.584992910525709,0.4125241837028425,0.7135135301623413,323
V2,-370.0,Lower quintile,0.5819142923084416,0.4006325329475604,0.714531122755844,323
V2,-367.5,Lower quintile,0.5851725604653738,0.4127414954715186,0.715445880188164,323
V2,-365.0,Lower quintile,0.5833024898314526,0.4116456791617026,0.7148966299024095,323
V2,-362.5,Lower quintile,0.5798861233311601,0.4020006037408016,0.709056653332172,323
V2,-360.0,Lower quintile,0.5839109511543465,0.4060034892286718,0.7115275979283184,323
V2,-357.5,Lower quintile,0.585586104145077,0.4092469587131049,0.7119608376283765,323
V2,-355.0,Lower quintile,0.5853725128123788,0.4034153914584768,0.7099050804314697,323
V2,-352.5,Lower quintile,0.5899737742923369,0.4007056457803809,0.7120143043196084,323
V2,-350.0,Lower quintile,0.5820275830527221,0.40317763046617605,0.7124633341200173,323
V2,-347.5,Lower quintile,0.5853039773924531,0.4059159409135604,0.7101829320822337,323
V2,-345.0,Lower quintile,0.5848579026102595,0.39739241162908745,0.7120696653921551,323
V2,-342.5,Lower quintile,0.5884301147890354,0.39975619625434533,0.7114698373468946,323
V2,-340.0,Lower quintile,0.5853859939335094,0.40788956540296645,0.712239248428369,323
V2,-337.5,Lower quintile,0.586722314530837,0.4003080095731725,0.7126599439652065,323
V2,-335.0,Lower quintile,0.5864734114566736,0.3950411641625386,0.7121309136333331,323
V2,-332.5,Lower quintile,0.5853600916103836,0.39161338304447924,0.7115481448059255,323
V2,-330.0,Lower quintile,0.582747317000319,0.3893645737769308,0.7109854025392133,323
V2,-327.5,Lower quintile,0.5788060817526076,0.3930844974813372,0.7122695242509083,323
V2,-325.0,Lower quintile,0.5811973580006121,0.39707190428156414,0.7147709934381372,323
V2,-322.5,Lower quintile,0.5786789806163615,0.38874861796813764,0.7109544942654822,323
V2,-320.0,Lower quintile,0.5835768963993748,0.3953135290908615,0.7124661545645129,323
V2,-317.5,Lower quintile,0.5838727992145336,0.39223896870064234,0.7133045937094873,323
V2,-315.0,Lower quintile,0.5793366532275899,0.39850835960263287,0.7084789325569425,323
V2,-312.5,Lower quintile,0.5755930747193211,0.39428437189892684,0.7074633859182455,323
V2,-310.0,Lower quintile,0.5792522603704411,0.396453106526187,0.7112171013005352,323
V2,-307.5,Lower quintile,0.5782798272954575,0.3914971306376607,0.7102236728394136,323
V2,-305.0,Lower quintile,0.5793366532275899,0.38528031644631305,0.7042777029420788,323
V2,-302.5,Lower quintile,0.5793366532275899,0.390742124455041,0.7092682014303083,323
V2,-300.0,Lower quintile,0.5806562151455208,0.39145904322397385,0.7115288993476725,323
V2,-297.5,Lower quintile,0.5793366532275899,0.38734626238993985,0.7063654700064205,323
V2,-295.0,Lower quintile,0.5888623117296943,0.38977724943998737,0.7053106153212856,323
V2,-292.5,Lower quintile,0.5793366532275899,0.39074771433271194,0.7102365052663673,323
V2,-290.0,Lower quintile,0.5852208696187328,0.3910481887976429,0.7070872860259134,323
V2,-287.5,Lower quintile,0.5850705247763897,0.38703060156291347,0.7064727233157325,323
V2,-285.0,Lower quintile,0.5831338839536784,0.392646287946386,0.7071686236178777,323
V2,-282.5,Lower quintile,0.5800759959959593,0.39345358046752366,0.705452522782544,323
V2,-280.0,Lower quintile,0.5781539755510108,0.39391306292735273,0.7079899613919716,323
V2,-277.5,Lower quintile,0.5718933025478258,0.3955669275956989,0.7062901347182082,323
V2,-275.0,Lower quintile,0.57316074405516,0.39669879873823916,0.7037278707096815,323
V2,-272.5,Lower quintile,0.5660611835633768,0.3960353687820075,0.7030003195365557,323
V2,-270.0,Lower quintile,0.5678490471436642,0.3938176685522843,0.7021905247319729,323
V2,-267.5,Lower quintile,0.5659781615953464,0.3973955398365202,0.7072787909704445,323
V2,-265.0,Lower quintile,0.5724615562426051,0.39956859913855924,0.7067337221430159,323
V2,-262.5,Lower quintile,0.5745538444668198,0.4011113354964557,0.7053182987316389,323
V2,-260.0,Lower quintile,0.5707408947331237,0.39413434467767694,0.7117698513555568,323
V2,-257.5,Lower quintile,0.5738344220444124,0.3932916405134488,0.7100091583729646,323
V2,-255.0,Lower quintile,0.5740838286371482,0.39663459342758073,0.7030059083619098,323
V2,-252.5,Lower quintile,0.5723748194336118,0.39686250548489427,0.7038856196380487,323
V2,-250.0,Lower quintile,0.5690069365770286,0.40409710874811144,0.7017519760851643,323
V2,-247.5,Lower quintile,0.574875252638083,0.3960139205214882,0.7005887671992477,323
V2,-245.0,Lower quintile,0.5756588531811286,0.3955632886694631,0.7019351243428991,323
V2,-242.5,Lower quintile,0.5712628916194388,0.3994363713614073,0.7022625017896098,323
V2,-240.0,Lower quintile,0.574028292861926,0.40025539295389695,0.7021688646423422,323
V2,-237.5,Lower quintile,0.5716829856366538,0.3942506560458051,0.7066519309782795,323
V2,-235.0,Lower quintile,0.5749572830231728,0.3994317421481113,0.7087055408497138,323
V2,-232.5,Lower quintile,0.5720112390894785,0.39692088479260274,0.7070348288212974,323
V2,-230.0,Lower quintile,0.5753596660719729,0.39392165072426233,0.7050230328907509,323
V2,-227.5,Lower quintile,0.5681969674273901,0.39216679094317153,0.701455433676653,323
V2,-225.0,Lower quintile,0.5716539521531793,0.3946697585424947,0.7045057918205828,323
V2,-222.5,Lower quintile,0.568224870597598,0.3941856327338502,0.7006252953325505,323
V2,-220.0,Lower quintile,0.572905926343099,0.3939503026395248,0.7017982713560025,323
V2,-217.5,Lower quintile,0.5868225054059887,0.3978848748475972,0.7113872368869951,323
V2,-215.0,Lower quintile,0.5825475591798617,0.39769357246364034,0.7139229131141672,323
V2,-212.5,Lower quintile,0.5904174612901409,0.40477303910445805,0.7125136806256085,323
V2,-210.0,Lower quintile,0.5902588264106576,0.40311334060719883,0.7138640121359274,323
V2,-207.5,Lower quintile,0.5904914714030937,0.40369590696070695,0.7138849679733987,323
V2,-205.0,Lower quintile,0.5919876042443412,0.4028715687056954,0.7096636925068389,323
V2,-202.5,Lower quintile,0.5926922314424624,0.40310513665983216,0.704412108775178,323
V2,-200.0,Lower quintile,0.5820981309410753,0.4049866890897075,0.7085216376187498,323
V2,-197.5,Lower quintile,0.5780672396476306,0.40528563205980506,0.7109294473095646,323
V2,-195.0,Lower quintile,0.5761046761988672,0.40344098737241485,0.7102416333184698,323
V2,-192.5,Lower quintile,0.5791023884173586,0.4101344784708678,0.7116628969625447,323
V2,-190.0,Lower quintile,0.5795548347558359,0.40879136937314386,0.7142449991001019,323
V2,-187.5,Lower quintile,0.5769031384701793,0.4094490404111025,0.7111939693772413,323
V2,-185.0,Lower quintile,0.586715747162163,0.4096159730455071,0.7098378230809095,323
V2,-182.5,Lower quintile,0.5834091194894178,0.41191172660310005,0.7074901524377784,323
V2,-180.0,Lower quintile,0.5725327693413613,0.40999394087033875,0.7064692992342698,323
V2,-177.5,Lower quintile,0.5792701450060523,0.4072018143861518,0.710660312189954,323
V2,-175.0,Lower quintile,0.5791061692880907,0.40894128337902824,0.7123676584476601,323
V2,-172.5,Lower quintile,0.5829840053576723,0.41506106634890094,0.709626985909801,323
V2,-170.0,Lower quintile,0.5726343662954391,0.41714565700345707,0.7070026612359823,323
V2,-167.5,Lower quintile,0.5717322038274345,0.411424690652167,0.7057842629566013,323
V2,-165.0,Lower quintile,0.5703587931008696,0.4111444215174134,0.70702255717433,323
V2,-162.5,Lower quintile,0.5678622176813313,0.40936506120583627,0.7042117255921947,323
V2,-160.0,Lower quintile,0.5721406447676365,0.40362436869940643,0.7064474329720676,323
V2,-157.5,Lower quintile,0.570230529679098,0.41250886743178267,0.7054442950452665,323
V2,-155.0,Lower quintile,0.5669707534340958,0.4101015000603826,0.7051915897197865,323
V2,-152.5,Lower quintile,0.5601827120459262,0.4061735264539174,0.7078067290639183,323
V2,-150.0,Lower quintile,0.5635020703195602,0.39674479876096014,0.7066331911001795,323
V2,-147.5,Lower quintile,0.5618582135604777,0.3978762009124097,0.7089773782762648,323
V2,-145.0,Lower quintile,0.5569723246535568,0.40021531444844394,0.7039268228062088,323
V2,-142.5,Lower quintile,0.5608514354260078,0.3993074854044458,0.7062216283095742,323
V2,-140.0,Lower quintile,0.5599893785682871,0.40193116960576736,0.6990182815044382,323
V2,-137.5,Lower quintile,0.5593246602370826,0.39183211467281454,0.6979841730124354,323
V2,-135.0,Lower quintile,0.556409173107306,0.3928506987731645,0.6958442321754603,323
V2,-132.5,Lower quintile,0.554510517808818,0.3979525842713538,0.6974460609609696,323
V2,-130.0,Lower quintile,0.5532467213904295,0.38997710420089626,0.6901298680927461,323
V2,-127.5,Lower quintile,0.5497371374823771,0.38773489912351466,0.6882068597288862,323
V2,-125.0,Lower quintile,0.5483309643572057,0.3954474231796338,0.6863523168948047,323
V2,-122.5,Lower quintile,0.5471782350806965,0.3901340356573928,0.682658294861757,323
V2,-120.0,Lower quintile,0.5433573949581805,0.38766672928923296,0.6847078214946956,323
V2,-117.5,Lower quintile,0.5436783039838163,0.3912535600481031,0.6876835996724404,323
V2,-115.0,Lower quintile,0.5422207620759731,0.3866532781512839,0.6844239545808684,323
V2,-112.5,Lower quintile,0.5362110511584903,0.3810457430830791,0.6868187076003375,323
V2,-110.0,Lower quintile,0.5396171256054108,0.38100098065807997,0.6883405836668985,323
V2,-107.5,Lower quintile,0.536621408870009,0.38227881638696515,0.6909231269066811,323
V2,-105.0,Lower quintile,0.5355011137938098,0.3744863925194162,0.6899321587002226,323
V2,-102.5,Lower quintile,0.5373298983311705,0.37484455491700597,0.6886262201260362,323
V2,-100.0,Lower quintile,0.5371011208161104,0.3761717345705441,0.6869007388200248,323
V2,-97.5,Lower quintile,0.5350341679162797,0.37616707092589774,0.6861308855383392,323
V2,-95.0,Lower quintile,0.538396550812144,0.3800064997459393,0.6864056663402115,323
V2,-92.5,Lower quintile,0.5384681803359337,0.377376151849643,0.68536837464714,323
V2,-90.0,Lower quintile,0.5354276150656575,0.3797806932547569,0.682194558961732,323
V2,-87.5,Lower quintile,0.5401712987810914,0.37765020205538574,0.6840501706856621,323
V2,-85.0,Lower quintile,0.533470232132521,0.3776966198594728,0.6889143793746324,323
V2,-82.5,Lower quintile,0.5353019731121458,0.38264147289123907,0.6861680925042664,323
V2,-80.0,Lower quintile,0.5403854221039578,0.3771291355103753,0.6821105916710029,323
V2,-77.5,Lower quintile,0.5391761242682206,0.3794368516245094,0.6853159333019094,323
V2,-75.0,Lower quintile,0.5382241890896645,0.38469780965434486,0.6874484407479257,323
V2,-72.5,Lower quintile,0.5426032955885312,0.3817731963320308,0.6817840475111462,323
V2,-70.0,Lower quintile,0.549478146010081,0.3777298047585206,0.6812888107152923,323
V2,-67.5,Lower quintile,0.5527824776547148,0.38594786049705676,0.6877060178838734,323
V2,-65.0,Lower quintile,0.5490545827153984,0.3893557182163603,0.6851108985998702,323
V2,-62.5,Lower quintile,0.5562731921093776,0.38544458229558864,0.6873759468005468,323
V2,-60.0,Lower quintile,0.5542258177116112,0.3866403427688995,0.6901610661870132,323
V2,-57.5,Lower quintile,0.5533156318517707,0.3912396360176144,0.6918317309549424,323
V2,-55.0,Lower quintile,0.5651731266394477,0.3902596706691187,0.6922112950302688,323
V2,-52.5,Lower quintile,0.5665157083540183,0.38998011165888724,0.6983786324909447,323
V2,-50.0,Lower quintile,0.5658040308829243,0.39377512480441657,0.6973360419368002,323
V2,-47.5,Lower quintile,0.5617906157874875,0.39582518721905824,0.6982948222407183,323
V2,-45.0,Lower quintile,0.5631248407332003,0.3972554781435067,0.6996057950630123,323
V2,-42.5,Lower quintile,0.5749348643920169,0.40479653126921405,0.6998782609281107,323
V2,-40.0,Lower quintile,0.5741538297801463,0.416797679931942,0.708300735572821,323
V2,-37.5,Lower quintile,0.5915389547304619,0.41901583230174,0.7189033742854833,323
V2,-35.0,Lower quintile,0.6029548077336376,0.434082480769178,0.73709509633387,323
V2,-32.5,Lower quintile,0.6176606935076958,0.4477467540671807,0.7564427580592639,323
V2,-30.0,Lower quintile,0.65312537829381,0.4790714988284993,0.7776236412054142,323
V2,-27.5,Lower quintile,0.6983487535838356,0.5148733033871759,0.8240549026633325,323
V2,-25.0,Lower quintile,0.7442447974158717,0.5680278396455642,0.8560619269185682,323
V2,-22.5,Lower quintile,0.7780409440601948,0.622005685204921,0.9085887345967587,323
V2,-20.0,Lower quintile,0.8120918027846064,0.6647233968687412,0.9443078383791574,323
V2,-17.5,Lower quintile,0.8476233685941779,0.6951825898869199,0.9572625619889576,323
V2,-15.0,Lower quintile,0.8786894887945622,0.7336246009958509,0.9617223573141378,323
V2,-12.5,Lower quintile,0.8926459195675137,0.7404975588725637,0.9609746406659756,323
V2,-10.0,Lower quintile,0.8883153836257304,0.6742946328803605,0.971635255166512,323
V2,-7.5,Lower quintile,0.839692583112984,0.5775592887729813,0.9703899496411731,323
V2,-5.0,Lower quintile,0.7431554576549301,0.45542586066893664,0.9287746980026494,323
V2,-2.5,Lower quintile,0.6317492501605589,0.2933527166753488,0.8374280742756908,323
V2,0.0,Lower quintile,0.5143035119560075,0.1845044906545598,0.7371202906325172,323
V2,2.5,Lower quintile,0.3817788931882106,0.1321326733336595,0.5783290756170725,323
V2,5.0,Lower quintile,0.25961256161506546,0.0735240734260494,0.4483348023615062,323
V2,7.5,Lower quintile,0.15690669278718025,0.041076136215981995,0.35771780896343736,323
V2,10.0,Lower quintile,0.11510816980167751,0.030430260718408726,0.24941939631224114,323
V2,12.5,Lower quintile,0.07284465982220072,0.019246110935180576,0.21908507624573798,323
V2,15.0,Lower quintile,0.0805888491749248,0.014696467095305527,0.24327726169571312,323
V2,17.5,Lower quintile,0.1315724186479914,0.031160114066500814,0.3012165621104972,323
V2,20.0,Lower quintile,0.18861361649381733,0.07809784011996707,0.39624159263042646,323
V2,22.5,Lower quintile,0.27066377518567875,0.14352145988479464,0.47960072934627906,323
V2,25.0,Lower quintile,0.33258281757386,0.1984904539344251,0.539051870387192,323
V2,27.5,Lower quintile,0.4018470139731535,0.25905897061778804,0.5815671237049092,323
V2,30.0,Lower quintile,0.4624068678794164,0.29455209007478955,0.6111477449270041,323
V2,32.5,Lower quintile,0.4998365027251039,0.32021448971295663,0.6366629427009289,323
V2,35.0,Lower quintile,0.5249757830765224,0.33425304414812507,0.6684969104102754,323
V2,37.5,Lower quintile,0.5447470461990591,0.36143726561767875,0.6879808868591384,323
V2,40.0,Lower quintile,0.5608518364909941,0.3688245251497632,0.7029899732546561,323
V2,42.5,Lower quintile,0.571463350927587,0.3749865698095076,0.7135822545087778,323
V2,45.0,Lower quintile,0.5744192061128409,0.3834242007962281,0.716503652749366,323
V2,47.5,Lower quintile,0.5815659873043619,0.3934431873166299,0.7227312426939925,323
V2,50.0,Lower quintile,0.5811827693265365,0.3943012744544286,0.7193260614715208,323
V2,52.5,Lower quintile,0.5813488086260148,0.39724894214961126,0.721330805125123,323
V2,55.0,Lower quintile,0.5832118131096731,0.40751373276574276,0.7204361770798184,323
V2,57.5,Lower quintile,0.584992317023707,0.4135410568318406,0.7264701948660651,323
V2,60.0,Lower quintile,0.5905286789790583,0.40121959858620837,0.7269487965971678,323
V2,62.5,Lower quintile,0.5920718917358944,0.40468163218069597,0.7245731751618134,323
V2,65.0,Lower quintile,0.5942356055539703,0.39970547808767,0.7257001155863694,323
V2,67.5,Lower quintile,0.5970258437621441,0.4044279160977642,0.7292065062111746,323
V2,70.0,Lower quintile,0.5964617775874612,0.41394541640803917,0.7354458233819771,323
V2,72.5,Lower quintile,0.5958737695221655,0.41052038086608234,0.7328501724238146,323
V2,75.0,Lower quintile,0.6002010182234574,0.41983926038235264,0.7381289185123595,323
V2,77.5,Lower quintile,0.5971212504816439,0.41328220676915073,0.7376051661452486,323
V2,80.0,Lower quintile,0.5987238253259909,0.4231733150292344,0.7389613756476654,323
V2,82.5,Lower quintile,0.6021098302295879,0.42766291103056137,0.744742955421861,323
V2,85.0,Lower quintile,0.6052259723671871,0.4274817002176075,0.7441293942895788,323
V2,87.5,Lower quintile,0.609320237949768,0.4256864307048397,0.7387404356943559,323
V2,90.0,Lower quintile,0.6113143966244131,0.42799053170721607,0.750094580216712,323
V2,92.5,Lower quintile,0.608833616659799,0.4269898934612809,0.7510635024719918,323
V2,95.0,Lower quintile,0.6115237883520768,0.42796644337281525,0.7480196741834203,323
V2,97.5,Lower quintile,0.6177427705432844,0.4351710115674996,0.7483361303663596,323
V2,100.0,Lower quintile,0.6177427705432844,0.4370519923580039,0.7525918102394246,323
V2,102.5,Lower quintile,0.6119487102715001,0.4374522266280377,0.7546504533174565,323
V2,105.0,Lower quintile,0.6145355226205711,0.43355454711452435,0.7544075312351883,323
V2,107.5,Lower quintile,0.6169676705732084,0.4346565717818892,0.7620100756208084,323
V2,110.0,Lower quintile,0.6181500554077777,0.4364050932007115,0.7636379814556188,323
V2,112.5,Lower quintile,0.6149406172980753,0.4361989289498873,0.7575873677544878,323
V2,115.0,Lower quintile,0.6164098806651837,0.43695030669261187,0.7639708669698462,323
V2,117.5,Lower quintile,0.6180035368460649,0.4367377447473108,0.7643866004918132,323
V2,120.0,Lower quintile,0.6213850527646719,0.4398779271647202,0.759026981210011,323
V2,122.5,Lower quintile,0.6233525003377353,0.4381865389218016,0.7562772589598842,323
V2,125.0,Lower quintile,0.6231483104854909,0.43453235069674756,0.761876700616765,323
V2,127.5,Lower quintile,0.6249513788015705,0.43786744583814197,0.7592547672494748,323
V2,130.0,Lower quintile,0.6254407222516349,0.4498765215541888,0.7622853838257505,323
V2,132.5,Lower quintile,0.6291482739323451,0.4512103196591878,0.7662005857218557,323
V2,135.0,Lower quintile,0.6274861853004778,0.45010215182333035,0.7629945266610189,323
V2,137.5,Lower quintile,0.6288484427072647,0.45861179630720794,0.7613193329893289,323
V2,140.0,Lower quintile,0.6298670535028831,0.45973958931503345,0.7710264325114695,323
V2,142.5,Lower quintile,0.6313849521945468,0.46582739635712933,0.7721893765032102,323
V2,145.0,Lower quintile,0.6328316187644816,0.464139236936185,0.76413509994563,323
V2,147.5,Lower quintile,0.6352394486357981,0.453832039182804,0.7695115073423731,323
V2,150.0,Lower quintile,0.6380135517540043,0.4558476345959972,0.7766155396756007,323
V2,152.5,Lower quintile,0.6382493506880917,0.4623812600392523,0.774759944330164,323
V2,155.0,Lower quintile,0.6417739405539797,0.4640837746086052,0.7725834372118776,323
V2,157.5,Lower quintile,0.6471101519885241,0.46833001112183587,0.7824591917327061,323
V2,160.0,Lower quintile,0.6476078996387379,0.4657577944162523,0.7779255226443796,323
V2,162.5,Lower quintile,0.652243239924691,0.47117266610619807,0.7765805897708338,323
V2,165.0,Lower quintile,0.6520994635734699,0.4637949290798672,0.7824252373805993,323
V2,167.5,Lower quintile,0.657778312899358,0.4663433107111923,0.7844965864757221,323
V2,170.0,Lower quintile,0.6541355728939395,0.4807663653643214,0.7833455077581635,323
V2,172.5,Lower quintile,0.6594663929767421,0.4744462627135328,0.7887885205938897,323
V2,175.0,Lower quintile,0.6668657636838105,0.47978497180276714,0.7927768665053665,323
V2,177.5,Lower quintile,0.6694722226397172,0.48488013591634094,0.7914002784970682,323
V2,180.0,Lower quintile,0.6694568295701626,0.47955424107735944,0.794317245524357,323
V2,182.5,Lower quintile,0.6764061013308653,0.4831545937301245,0.7986599064184376,323
V2,185.0,Lower quintile,0.6811183187268539,0.48267190057920084,0.8048024368380915,323
V2,187.5,Lower quintile,0.6830165432141788,0.4877198694767409,0.8042096177090506,323
V2,190.0,Lower quintile,0.6839340257301175,0.4955343846781003,0.8075335727575143,323
V2,192.5,Lower quintile,0.6865596484735609,0.4988463803071762,0.8053234129363573,323
V2,195.0,Lower quintile,0.6883497649671574,0.49744396941481006,0.8063832279037746,323
V2,197.5,Lower quintile,0.6950268488824682,0.4963846080199805,0.817491222303159,323
V2,200.0,Lower quintile,0.6984738123799251,0.4997539925460077,0.827604389054388,323
V2,202.5,Lower quintile,0.6935615192292193,0.5003460067644407,0.8243291347804775,323
V2,205.0,Lower quintile,0.6980707649985239,0.5025075676232285,0.8266014757229283,323
V2,207.5,Lower quintile,0.7028164695842188,0.5019474666593153,0.8303123990661694,323
V2,210.0,Lower quintile,0.7078291763092077,0.5041313995060448,0.8359720242766966,323
V2,212.5,Lower quintile,0.709272678579412,0.504724349642597,0.8334829549569163,323
V2,215.0,Lower quintile,0.7160743998682475,0.5086241121078741,0.8409080113949419,323
V2,217.5,Lower quintile,0.7204228668341686,0.515679959718211,0.847482778529328,323
V2,220.0,Lower quintile,0.7153140903458478,0.5130312064552314,0.8523341570548024,323
V2,222.5,Lower quintile,0.7264380702283496,0.522693174815547,0.8536749843571613,323
V2,225.0,Lower quintile,0.7302098299452026,0.5321211139282509,0.8573717466244284,323
V2,227.5,Lower quintile,0.7324446691502011,0.5295342579073274,0.8579708140253415,323
V2,230.0,Lower quintile,0.7316815382115804,0.5326677445553161,0.8598957825903931,323
V2,232.5,Lower quintile,0.7319804841668316,0.5365360213166684,0.8601851808185264,323
V2,235.0,Lower quintile,0.7377220904171901,0.5386445574819787,0.8649278384966033,323
V2,237.5,Lower quintile,0.7374996921735832,0.5373917914104657,0.8721108856643149,323
V2,240.0,Lower quintile,0.7413256303063996,0.5401052136220126,0.8716836552646136,323
V2,242.5,Lower quintile,0.7346900380536703,0.53665320616609,0.8698558227603801,323
V2,245.0,Lower quintile,0.7344340964335621,0.5306746744221366,0.8719682391379675,323
V2,247.5,Lower quintile,0.7366080989517448,0.5253780199113143,0.8668019960112061,323
V2,250.0,Lower quintile,0.7351590544070509,0.5266407117825994,0.869126443658028,323
V2,252.5,Lower quintile,0.7319843880612115,0.5235625560260639,0.868313304754571,323
V2,255.0,Lower quintile,0.7295533346661596,0.5317974349816392,0.869766133192106,323
V2,257.5,Lower quintile,0.7334192357308023,0.5226362589363738,0.869573323051376,323
V2,260.0,Lower quintile,0.7342707911007803,0.5297567374359873,0.8697400338499521,323
V2,262.5,Lower quintile,0.7285013910888861,0.5308169762273298,0.8561480831387079,323
V2,265.0,Lower quintile,0.7220915754088557,0.5255488874258248,0.8592577637356571,323
V2,267.5,Lower quintile,0.7185235904226082,0.5144481119627153,0.8593862070140263,323
V2,270.0,Lower quintile,0.7131543966769629,0.5158648614438441,0.8510225160545135,323
V2,272.5,Lower quintile,0.7100045136112033,0.5098872942467519,0.8523903094829766,323
V2,275.0,Lower quintile,0.7027887727804023,0.5141450079434282,0.8519160521030085,323
V2,277.5,Lower quintile,0.6991905034084898,0.5180653770978474,0.8506395718119776,323
V2,280.0,Lower quintile,0.6987373486401033,0.5126046623971425,0.8419678107149033,323
V2,282.5,Lower quintile,0.694623230736459,0.5101649604263574,0.8347813381923808,323
V2,285.0,Lower quintile,0.6884958221822363,0.5092626116718135,0.8298576892314666,323
V2,287.5,Lower quintile,0.6833611260081763,0.5042882672326356,0.827216147272914,323
V2,290.0,Lower quintile,0.6849992698416544,0.4999943691642389,0.8238868679660251,323
V2,292.5,Lower quintile,0.6802341472689737,0.49994537646382053,0.8222543240528073,323
V2,295.0,Lower quintile,0.6746125086603872,0.4977263048063121,0.8176602098305588,323
V2,297.5,Lower quintile,0.6764969559617515,0.496026721236274,0.8141527698354849,323
V2,300.0,Lower quintile,0.672771529531279,0.4872584446945428,0.8083322277123168,323
V2,302.5,Lower quintile,0.6694256826935202,0.484585346019774,0.801644152853089,323
V2,305.0,Lower quintile,0.6676623903953285,0.47848295949206143,0.800291525846498,323
V2,307.5,Lower quintile,0.6626833834597572,0.4708975197035845,0.7968198394842636,323
V2,310.0,Lower quintile,0.6583672088756283,0.46389257037534803,0.7933150227048162,323
V2,312.5,Lower quintile,0.646077391820794,0.47049131755174706,0.7855161109303334,323
V2,315.0,Lower quintile,0.6493485035862715,0.4620159816007764,0.7803812450632197,323
V2,317.5,Lower quintile,0.647481271207858,0.4623133269014821,0.7835330607420112,323
V2,320.0,Lower quintile,0.6427449441073776,0.45814815353231464,0.773228042953208,323
V2,322.5,Lower quintile,0.6423111399856374,0.45927184298542356,0.7674577860550782,323
V2,325.0,Lower quintile,0.6386799050812094,0.45222551494580876,0.7648372687708964,323
V2,327.5,Lower quintile,0.6345712957093175,0.4478274043669004,0.7605703073039369,323
V2,330.0,Lower quintile,0.6294424407278013,0.44366871064818014,0.7586570424663388,323
V2,332.5,Lower quintile,0.6267392696928685,0.43821363058301976,0.7559180067916393,323
V2,335.0,Lower quintile,0.6255606663797619,0.43895648339177595,0.7530603489380081,323
V2,337.5,Lower quintile,0.6194612528203857,0.4415858422825225,0.7405908754549735,323
V2,340.0,Lower quintile,0.620033863583265,0.44251070018010935,0.7422164475608193,323
V2,342.5,Lower quintile,0.6133844236115977,0.4355282650610404,0.7366226914192859,323
V2,345.0,Lower quintile,0.6143319377451016,0.4299823585287663,0.7314135408802616,323
V2,347.5,Lower quintile,0.6095262608538433,0.4353544610753507,0.7304871452529973,323
V2,350.0,Lower quintile,0.605342202743026,0.42918738983688354,0.7238760942584023,323
V2,352.5,Lower quintile,0.6089149335235592,0.42575170961124675,0.723398059773662,323
V2,355.0,Lower quintile,0.6039280526685004,0.42538261906620783,0.7239756454455727,323
V2,357.5,Lower quintile,0.6005325151586309,0.42487917248721196,0.7203133579111503,323
V2,360.0,Lower quintile,0.5974086470058592,0.42529633337857464,0.7178062716976696,323
V2,362.5,Lower quintile,0.601143329999994,0.4236885812435252,0.7183624659849872,323
V2,365.0,Lower quintile,0.5969960800769611,0.42629840805890923,0.7222564308486448,323
V2,367.5,Lower quintile,0.59281744413436,0.4236548212800242,0.7210189116601683,323
V2,370.0,Lower quintile,0.5899362596201837,0.4171367283017716,0.716456693973484,323
V2,372.5,Lower quintile,0.5862595599704132,0.41943795275685025,0.716467103131849,323
V2,375.0,Lower quintile,0.589735295321433,0.4181911365193521,0.7199389994671173,323
V2,377.5,Lower quintile,0.5901654766049994,0.41737405220815843,0.7142029218720902,323
V2,380.0,Lower quintile,0.5953643720213139,0.4195441798018544,0.712868047796175,323
V2,382.5,Lower quintile,0.591230725774104,0.42148704712363727,0.7118578271938117,323
V2,385.0,Lower quintile,0.5913426062505573,0.41874856934797544,0.7068614344066846,323
V2,387.5,Lower quintile,0.5819495722575829,0.41644349440962103,0.7058279200420665,323
V2,390.0,Lower quintile,0.5809472059060725,0.41842231644556266,0.7143436931189611,323
V2,392.5,Lower quintile,0.5787528636617683,0.4153296087225802,0.7142086955532165,323
V2,395.0,Lower quintile,0.5777051758347868,0.4107056296941102,0.7095930980528401,323
V2,397.5,Lower quintile,0.5783320145630287,0.41281797065283443,0.7129851050577681,323
V2,400.0,Lower quintile,0.5798827260090753,0.4155266772537983,0.713945394256615,323
V2,402.5,Lower quintile,0.5752074709912643,0.4149055987012667,0.7142765050205968,323
V2,405.0,Lower quintile,0.5806482032419592,0.4090213253395958,0.7121150522087465,323
V2,407.5,Lower quintile,0.5800890337411396,0.40973127254197494,0.717216786658629,323
V2,410.0,Lower quintile,0.5816474295458156,0.411351310713136,0.7114852915844463,323
V2,412.5,Lower quintile,0.5805311353238274,0.4146022394827721,0.7127422737808502,323
V2,415.0,Lower quintile,0.5784214860152486,0.4151978130439291,0.717129297077233,323
V2,417.5,Lower quintile,0.5794988021032461,0.4032833950486643,0.716806163813354,323
V2,420.0,Lower quintile,0.5784911206801683,0.40344597261782256,0.7104880418871066,323
V2,422.5,Lower quintile,0.5801806382562312,0.4035646768310857,0.7079941643348345,323
V2,425.0,Lower quintile,0.5823003042605044,0.4024652892093126,0.7112182256754406,323
V2,427.5,Lower quintile,0.5843454471771592,0.4013106661743706,0.7094927486276371,323
V2,430.0,Lower quintile,0.5776555606700622,0.40797905564388703,0.7090239933656832,323
V2,432.5,Lower quintile,0.5763279992011263,0.4060429752891954,0.7108250171135565,323
V2,435.0,Lower quintile,0.5806204222674132,0.404661591687027,0.7099442893492722,323
V2,437.5,Lower quintile,0.5744744158088512,0.40269400176667425,0.7102595529458203,323
V2,440.0,Lower quintile,0.5772799555858754,0.4197933094007421,0.7123030125339775,323
V2,442.5,Lower quintile,0.5756381933943632,0.4111192128378238,0.7115343077073114,323
V2,445.0,Lower quintile,0.5744744158088512,0.41302795794054054,0.7059980627843604,323
V2,447.5,Lower quintile,0.5783808168312329,0.4162993865730735,0.7065533019178813,323
V2,450.0,Lower quintile,0.5820065850624417,0.4074194955479876,0.704509608665987,323
V2,452.5,Lower quintile,0.5753573237473003,0.411388992080859,0.7089912061059516,323
V2,455.0,Lower quintile,0.5732673631083698,0.41545752206770703,0.709762847613691,323
V2,457.5,Lower quintile,0.5722869631423131,0.4155067458760999,0.7133677012584365,323
V2,460.0,Lower quintile,0.5752963045392817,0.407108864041145,0.7109663773411392,323
V2,462.5,Lower quintile,0.5778525318810532,0.41304921550221435,0.7122225233659326,323
V2,465.0,Lower quintile,0.5759763901985457,0.41762512227392523,0.7115828626838805,323
V2,467.5,Lower quintile,0.5817952221353704,0.4209197568879971,0.7146179932779275,323
V2,470.0,Lower quintile,0.577799031883756,0.4096785665977148,0.714893482506178,323
V2,472.5,Lower quintile,0.5845432323143268,0.41210569945001196,0.7127016510909019,323
V2,475.0,Lower quintile,0.5833913689242802,0.40811493165139756,0.7148320026436954,323
V2,477.5,Lower quintile,0.5744744158088512,0.4081548533844075,0.7153376054460455,323
V2,480.0,Lower quintile,0.5775816090680931,0.4059352291894814,0.7162324428033906,323
V2,482.5,Lower quintile,0.5789058928851973,0.4079231737953921,0.7130778648092958,323
V2,485.0,Lower quintile,0.582015728882082,0.4056999997735745,0.7132776092031483,323
V2,487.5,Lower quintile,0.5848081429267159,0.4047677616901094,0.7140841503755571,323
V2,490.0,Lower quintile,0.585222592459511,0.4075296161505913,0.7127350031612756,323
V2,492.5,Lower quintile,0.581645447301929,0.4072386712392303,0.7103702390014354,323
V2,495.0,Lower quintile,0.580568218197117,0.40648984462704274,0.7088973395073108,323
V2,497.5,Lower quintile,0.5781154341673016,0.4069721709488495,0.7097711483918228,323
V3,-500.0,Lower quintile,0.5134791062548479,0.3703441393267275,0.6829257881550548,323
V3,-497.5,Lower quintile,0.5124436163959855,0.3646305751782985,0.683623401988947,323
V3,-495.0,Lower quintile,0.5047654440309439,0.3668643212020939,0.6818874751045981,323
V3,-492.5,Lower quintile,0.5023107033900256,0.36707843991545863,0.6816644374220548,323
V3,-490.0,Lower quintile,0.5070244804750897,0.36025889137730227,0.6792343333455763,323
V3,-487.5,Lower quintile,0.5063593547121223,0.36297625494907054,0.6789414879889589,323
V3,-485.0,Lower quintile,0.5119290899111929,0.36466303116462967,0.67713877767411,323
V3,-482.5,Lower quintile,0.5091588866458452,0.36564941576646337,0.6765922621233348,323
V3,-480.0,Lower quintile,0.511169872052646,0.36319015764470075,0.6745552614158845,323
V3,-477.5,Lower quintile,0.5121257562773442,0.3613960602377032,0.6752921927072466,323
V3,-475.0,Lower quintile,0.5057983000577757,0.35527512785415827,0.6686336449345072,323
V3,-472.5,Lower quintile,0.5054843554494766,0.35686017101303824,0.6698565868028231,323
V3,-470.0,Lower quintile,0.5089605644687528,0.35965765998668814,0.6739645800310458,323
V3,-467.5,Lower quintile,0.5108425233085827,0.36107183142493116,0.6739723736056,323
V3,-465.0,Lower quintile,0.5049445813765393,0.36130449045372126,0.6732723450836393,323
V3,-462.5,Lower quintile,0.4983757078143284,0.35936079721057174,0.6708865165747107,323
V3,-460.0,Lower quintile,0.49802414764152664,0.35732097312586875,0.6688938587525972,323
V3,-457.5,Lower quintile,0.5011570515021981,0.3597548870390548,0.6677485362075385,323
V3,-455.0,Lower quintile,0.4980484321179847,0.351025521252931,0.6671125965034406,323
V3,-452.5,Lower quintile,0.49975164293084945,0.34971275484650965,0.6648733613731984,323
V3,-450.0,Lower quintile,0.5016497004677292,0.3534412969580186,0.6651528377988896,323
V3,-447.5,Lower quintile,0.5049545303708737,0.3467283513815314,0.6652182470781528,323
V3,-445.0,Lower quintile,0.5015981892222905,0.3464926245368329,0.6654193821647558,323
V3,-442.5,Lower quintile,0.5095317552496464,0.3412942501349307,0.6655922803305441,323
V3,-440.0,Lower quintile,0.507417179689372,0.34663083003192374,0.6667378282076539,323
V3,-437.5,Lower quintile,0.5011399185709674,0.33532349070180345,0.6660872249957749,323
V3,-435.0,Lower quintile,0.5031407396113161,0.35008309813559757,0.6645485024528424,323
V3,-432.5,Lower quintile,0.508354482160627,0.3505751394645344,0.6647777909619632,323
V3,-430.0,Lower quintile,0.5065672490066471,0.3519806157370899,0.6630878831213718,323
V3,-427.5,Lower quintile,0.5063873342865225,0.3433021352959511,0.6603721011040362,323
V3,-425.0,Lower quintile,0.509415274615761,0.345913708328521,0.6608582418283091,323
V3,-422.5,Lower quintile,0.5058915726917892,0.34436147268276907,0.6595952076374602,323
V3,-420.0,Lower quintile,0.505191539983642,0.3424655518745785,0.6575493963923038,323
V3,-417.5,Lower quintile,0.5076719716873003,0.3389978129914559,0.6547628735140574,323
V3,-415.0,Lower quintile,0.5012407520761829,0.34755428881861516,0.6520367379230033,323
V3,-412.5,Lower quintile,0.4984280948906165,0.3421562656140348,0.6545797830326627,323
V3,-410.0,Lower quintile,0.4974418433391059,0.3458177850808798,0.656339658943446,323
V3,-407.5,Lower quintile,0.4951961247330561,0.3520073594305493,0.6546162849617667,323
V3,-405.0,Lower quintile,0.4924470654750799,0.3499938915710831,0.6542635296633128,323
V3,-402.5,Lower quintile,0.49446153904472573,0.3468322825973136,0.6519149537611965,323
V3,-400.0,Lower quintile,0.4975752208171136,0.34192116245459453,0.6530436458636928,323
V3,-397.5,Lower quintile,0.4947279870983149,0.33576518733802946,0.6546203866956952,323
V3,-395.0,Lower quintile,0.49896001818473545,0.34590613508357193,0.6545330952813282,323
V3,-392.5,Lower quintile,0.4993799736406475,0.3401906203955786,0.6570353339403292,323
V3,-390.0,Lower quintile,0.49232168333593784,0.3408433384236424,0.6590913703444188,323
V3,-387.5,Lower quintile,0.48979825411968525,0.34407318433597217,0.657614316078162,323
V3,-385.0,Lower quintile,0.49020697119705886,0.34045189688109145,0.6569480845469235,323
V3,-382.5,Lower quintile,0.4973319164392242,0.33707328318428725,0.6595429633799142,323
V3,-380.0,Lower quintile,0.4890387325224365,0.3395346541558007,0.655213373310896,323
V3,-377.5,Lower quintile,0.4871347074443912,0.3351950936081415,0.6541895600051657,323
V3,-375.0,Lower quintile,0.4874044601807318,0.33604476316946874,0.6516535891490036,323
V3,-372.5,Lower quintile,0.4864991289984665,0.33112559036852773,0.6536957169042175,323
V3,-370.0,Lower quintile,0.48848746747940275,0.33776935090756016,0.6547231648550949,323
V3,-367.5,Lower quintile,0.4894618468408894,0.3402407163834702,0.6551074742982214,323
V3,-365.0,Lower quintile,0.48916136429838364,0.3367885583269453,0.6568033646288064,323
V3,-362.5,Lower quintile,0.4846823101764894,0.3290836857000061,0.6591354756411121,323
V3,-360.0,Lower quintile,0.48811115325641546,0.3339871151397532,0.6587882640279217,323
V3,-357.5,Lower quintile,0.48988559229695405,0.33466211433670223,0.6596667919367496,323
V3,-355.0,Lower quintile,0.4896833227566912,0.3313345063555485,0.6564425726176994,323
V3,-352.5,Lower quintile,0.48878613147772676,0.3357565824813471,0.6556731025321431,323
V3,-350.0,Lower quintile,0.49256968310640314,0.3320613928444689,0.6548767369017092,323
V3,-347.5,Lower quintile,0.488932035174255,0.33156008885523724,0.6533167522635442,323
V3,-345.0,Lower quintile,0.48501181417047046,0.3318446422430019,0.656314070774536,323
V3,-342.5,Lower quintile,0.4922725434891073,0.3343720448217815,0.6575665324592754,323
V3,-340.0,Lower quintile,0.49412263407083656,0.3371963275455251,0.6560138404345328,323
V3,-337.5,Lower quintile,0.4869677780253685,0.3298044321893762,0.6565283998427547,323
V3,-335.0,Lower quintile,0.4871936328143264,0.33165107843846314,0.6588809225913688,323
V3,-332.5,Lower quintile,0.48836693109078844,0.33022004306275565,0.65435146573164,323
V3,-330.0,Lower quintile,0.48141766261686925,0.3233447058942801,0.649747531401056,323
V3,-327.5,Lower quintile,0.4822368735429143,0.32401390151967063,0.6513280541000096,323
V3,-325.0,Lower quintile,0.48191726366447835,0.33013445489207127,0.6467135500706847,323
V3,-322.5,Lower quintile,0.48501181417047046,0.3286042368703036,0.6457440713058986,323
V3,-320.0,Lower quintile,0.4815525801916294,0.3284204953563622,0.6542211069038698,323
V3,-317.5,Lower quintile,0.48412131363419064,0.32793789546541596,0.64886711595465,323
V3,-315.0,Lower quintile,0.4813789915732726,0.327844044055731,0.6481615044063556,323
V3,-312.5,Lower quintile,0.4836404938612957,0.3253528405654042,0.6464841814519493,323
V3,-310.0,Lower quintile,0.48198121378426323,0.32552619525173515,0.647854670948043,323
V3,-307.5,Lower quintile,0.4813789915732726,0.32501313239541596,0.6466272002492641,323
V3,-305.0,Lower quintile,0.480742499221147,0.32062275252114136,0.6413923576696167,323
V3,-302.5,Lower quintile,0.47895537715649467,0.31986997975811443,0.6417669734977441,323
V3,-300.0,Lower quintile,0.4801236674147814,0.32311085995207256,0.6399487653254272,323
V3,-297.5,Lower quintile,0.4813789915732726,0.32427690424332256,0.6385924626164836,323
V3,-295.0,Lower quintile,0.473477792767638,0.3214468507052623,0.6404966164215654,323
V3,-292.5,Lower quintile,0.47671495292919047,0.32199085670441774,0.6409788296384247,323
V3,-290.0,Lower quintile,0.48071616494793706,0.32197212822244825,0.6379756138356629,323
V3,-287.5,Lower quintile,0.47917880701932575,0.32116372488895184,0.6401476756116096,323
V3,-285.0,Lower quintile,0.480350091261227,0.3203951105711592,0.6410226459939912,323
V3,-282.5,Lower quintile,0.4816385038887614,0.3228613399784276,0.6373509319694415,323
V3,-280.0,Lower quintile,0.4813789915732726,0.3235639483832649,0.6379855786360242,323
V3,-277.5,Lower quintile,0.4815715956367393,0.32265959438446623,0.6397581379515966,323
V3,-275.0,Lower quintile,0.4832885808515562,0.32350501061195724,0.6389140588249883,323
V3,-272.5,Lower quintile,0.48083069829344505,0.32800739139965657,0.634955339089945,323
V3,-270.0,Lower quintile,0.47048359957517616,0.3256651906149216,0.6367591096837313,323
V3,-267.5,Lower quintile,0.4669192067978531,0.3324514307052018,0.6389659358696533,323
V3,-265.0,Lower quintile,0.47111339469264824,0.3239858280091234,0.6333155997040822,323
V3,-262.5,Lower quintile,0.4682951037717341,0.32336922726212425,0.6360198280578779,323
V3,-260.0,Lower quintile,0.4684883616491512,0.3259740541714986,0.6376030609893639,323
V3,-257.5,Lower quintile,0.47618307652357716,0.32810171026625556,0.6350030378397916,323
V3,-255.0,Lower quintile,0.47668715998007377,0.3198976932736654,0.6329672789025286,323
V3,-252.5,Lower quintile,0.4741363027795179,0.3208018900655786,0.6333462468093998,323
V3,-250.0,Lower quintile,0.47091936032987636,0.328551019797942,0.6399319891885258,323
V3,-247.5,Lower quintile,0.47230037253022805,0.325017834913899,0.6373304033991367,323
V3,-245.0,Lower quintile,0.47049831541466297,0.3173986599243449,0.6383362595401199,323
V3,-242.5,Lower quintile,0.4737334301058921,0.3244524337321463,0.6368907143670279,323
V3,-240.0,Lower quintile,0.4720147086907698,0.3199213764745255,0.6361343191381643,323
V3,-237.5,Lower quintile,0.4661986506059962,0.3215997846274033,0.6372121680270006,323
V3,-235.0,Lower quintile,0.46711433289572096,0.3227177600180431,0.6374146593537009,323
V3,-232.5,Lower quintile,0.466486136866303,0.32601444367610277,0.6377517922538221,323
V3,-230.0,Lower quintile,0.4703664552718511,0.32004555619610997,0.6436516057021435,323
V3,-227.5,Lower quintile,0.46952982210081595,0.32292537865964677,0.6448914107104082,323
V3,-225.0,Lower quintile,0.47089999204588545,0.32893322521497825,0.6394404012159539,323
V3,-222.5,Lower quintile,0.47525579622172714,0.32841350648207124,0.6366820283901369,323
V3,-220.0,Lower quintile,0.4724260620459507,0.3323997688126327,0.6360129783936911,323
V3,-217.5,Lower quintile,0.4750871752225855,0.33387960267506345,0.6317697553852663,323
V3,-215.0,Lower quintile,0.4773737199349008,0.33259039671249235,0.635039705639826,323
V3,-212.5,Lower quintile,0.4764023938701344,0.32440983242159027,0.6336815317917658,323
V3,-210.0,Lower quintile,0.48074349628773594,0.32874734462881694,0.6357472810116668,323
V3,-207.5,Lower quintile,0.4820105391309866,0.3336334709744142,0.6323527958102677,323
V3,-205.0,Lower quintile,0.48233946051248683,0.32615686921261133,0.6319212063078582,323
V3,-202.5,Lower quintile,0.4817204611240262,0.32217254298187403,0.6326541392194349,323
V3,-200.0,Lower quintile,0.48344883325929444,0.3260388708951649,0.6322590541308459,323
V3,-197.5,Lower quintile,0.48587519720692646,0.3271908717628116,0.6297558294423543,323
V3,-195.0,Lower quintile,0.48574248324455405,0.3221197295671462,0.6268998888044498,323
V3,-192.5,Lower quintile,0.4844744806524385,0.3292800529885237,0.6307787870350776,323
V3,-190.0,Lower quintile,0.4858008254372447,0.3284581794053405,0.6339791203503726,323
V3,-187.5,Lower quintile,0.48262535084372604,0.32790736161243994,0.6352641930968816,323
V3,-185.0,Lower quintile,0.4835318777824013,0.3306871158292203,0.6325655225458262,323
V3,-182.5,Lower quintile,0.4874112617018658,0.338471149808125,0.6356571980144259,323
V3,-180.0,Lower quintile,0.48458623936127554,0.3370079816761452,0.630689757641707,323
V3,-177.5,Lower quintile,0.4834626262285927,0.33574329269244096,0.6338275786372898,323
V3,-175.0,Lower quintile,0.4869677780253685,0.34077758130961017,0.6366492345008421,323
V3,-172.5,Lower quintile,0.48574248324455405,0.3425562350005338,0.6405976422258607,323
V3,-170.0,Lower quintile,0.48226200372499506,0.34039419272474536,0.642719241308936,323
V3,-167.5,Lower quintile,0.4883774926592405,0.3409235686467452,0.6473101955525327,323
V3,-165.0,Lower quintile,0.48473458298858446,0.34312521305720356,0.649261472868315,323
V3,-162.5,Lower quintile,0.4842973578360856,0.34365983218352086,0.6526045876314011,323
V3,-160.0,Lower quintile,0.48710574554337105,0.33791531212966974,0.6541506214962045,323
V3,-157.5,Lower quintile,0.4830188678131713,0.33731228870080576,0.6535307067340208,323
V3,-155.0,Lower quintile,0.4821253288919917,0.3417655618160832,0.6517864765123382,323
V3,-152.5,Lower quintile,0.4815749528432023,0.33714623972083957,0.6551321087973367,323
V3,-150.0,Lower quintile,0.48495818449636613,0.3304015995272616,0.6522247256984285,323
V3,-147.5,Lower quintile,0.48338144180688863,0.3305239448409997,0.6507685658366454,323
V3,-145.0,Lower quintile,0.48381078384611037,0.3315056447084361,0.6504851545882344,323
V3,-142.5,Lower quintile,0.48584921159534417,0.3263359850115203,0.6518456405758963,323
V3,-140.0,Lower quintile,0.48575876916735783,0.3217110279353047,0.6509720336954533,323
V3,-137.5,Lower quintile,0.4809266487443588,0.32139394770860985,0.6434243212612732,323
V3,-135.0,Lower quintile,0.4792614398914408,0.3218594916308133,0.6422733120459556,323
V3,-132.5,Lower quintile,0.4762196713446844,0.3231280175155403,0.6381373078907157,323
V3,-130.0,Lower quintile,0.4759980097076844,0.3249591918185243,0.6342297749094359,323
V3,-127.5,Lower quintile,0.4750445874930173,0.32090071187001123,0.6348651429236103,323
V3,-125.0,Lower quintile,0.4719779881310237,0.31992975513162325,0.631535423410805,323
V3,-122.5,Lower quintile,0.4684229789451195,0.3155025391334947,0.6301639446555949,323
V3,-120.0,Lower quintile,0.46709397154029453,0.3140454774386442,0.6321729225740358,323
V3,-117.5,Lower quintile,0.4641668047112266,0.31341303454034464,0.629166831897207,323
V3,-115.0,Lower quintile,0.4620630870294029,0.3108090649977738,0.6267353026226206,323
V3,-112.5,Lower quintile,0.45940652588680064,0.30992903018436135,0.6251232554410895,323
V3,-110.0,Lower quintile,0.45594836641757136,0.3014088522867325,0.6244064000129683,323
V3,-107.5,Lower quintile,0.4504711337983405,0.30965138655456664,0.6263940446176197,323
V3,-105.0,Lower quintile,0.44874327631243355,0.3086804227733913,0.6232873186990893,323
V3,-102.5,Lower quintile,0.44513132448921044,0.3120357292936964,0.6236560726661388,323
V3,-100.0,Lower quintile,0.4456489039597925,0.30851181494254665,0.6224229349130991,323
V3,-97.5,Lower quintile,0.442724244774885,0.3080348137633595,0.6216364643316679,323
V3,-95.0,Lower quintile,0.4478211060221286,0.31105733320013484,0.6230647109642914,323
V3,-92.5,Lower quintile,0.4502676769108368,0.3105257937600715,0.6249406982030031,323
V3,-90.0,Lower quintile,0.446881876633364,0.30343824080620224,0.6232189256003322,323
V3,-87.5,Lower quintile,0.4425055428903401,0.3038507710461003,0.6218608480535919,323
V3,-85.0,Lower quintile,0.4500018842547015,0.3020479449305341,0.6175530353918803,323
V3,-82.5,Lower quintile,0.4441287519287172,0.3104962361475023,0.6180576541497396,323
V3,-80.0,Lower quintile,0.44101890251643366,0.30676806197969275,0.6174982992789335,323
V3,-77.5,Lower quintile,0.44156900723476716,0.3028551240550439,0.6132318234929612,323
V3,-75.0,Lower quintile,0.44700370695276603,0.31096436997512356,0.6122246018928141,323
V3,-72.5,Lower quintile,0.4453172989949174,0.30721132235408877,0.6138574167639104,323
V3,-70.0,Lower quintile,0.45111048459260633,0.3022702409908209,0.6127301740348524,323
V3,-67.5,Lower quintile,0.45366198884539005,0.3053687563857833,0.616164252761354,323
V3,-65.0,Lower quintile,0.44507504645708434,0.30827508103709594,0.6181195940829296,323
V3,-62.5,Lower quintile,0.4479622748850337,0.30885429089145067,0.6153480659534715,323
V3,-60.0,Lower quintile,0.4638999501575587,0.3101779645975806,0.6170134972588761,323
V3,-57.5,Lower quintile,0.4706813021818114,0.3132040043095711,0.6215995378711603,323
V3,-55.0,Lower quintile,0.4666769888104768,0.31604279053956974,0.6213606896598447,323
V3,-52.5,Lower quintile,0.4718175163550248,0.3127527003748475,0.6276344701362209,323
V3,-50.0,Lower quintile,0.4676039735298159,0.31439068969186923,0.6278108017133315,323
V3,-47.5,Lower quintile,0.4749045266957463,0.3171987503296828,0.6320670407479612,323
V3,-45.0,Lower quintile,0.47181901195221276,0.3231986642310757,0.6335359584453021,323
V3,-42.5,Lower quintile,0.47526511584960335,0.325950352583843,0.6388277666316386,323
V3,-40.0,Lower quintile,0.4815390313274273,0.33492863509721577,0.6488854512223792,323
V3,-37.5,Lower quintile,0.49186300595734295,0.3445516011084916,0.6690745976468976,323
V3,-35.0,Lower quintile,0.5118176875438167,0.3624317573350027,0.6739816015601185,323
V3,-32.5,Lower quintile,0.5279687895182348,0.3832372257011785,0.7071679975460845,323
V3,-30.0,Lower quintile,0.5516599295846148,0.40535983635909634,0.7473240569265427,323
V3,-27.5,Lower quintile,0.5953370551766036,0.44204822371419283,0.7939048433327223,323
V3,-25.0,Lower quintile,0.6489858975232538,0.48353508126565264,0.826688063039114,323
V3,-22.5,Lower quintile,0.7013264867407584,0.5319413879883095,0.8693311472733255,323
V3,-20.0,Lower quintile,0.7554404977921904,0.5959461955294468,0.916009188045518,323
V3,-17.5,Lower quintile,0.8140274253851608,0.6619825314548027,0.9489359904161574,323
V3,-15.0,Lower quintile,0.8741752600105953,0.7173558027292892,0.9624287403072578,323
V3,-12.5,Lower quintile,0.897411768270176,0.7439034571119794,0.9687944944790822,323
V3,-10.0,Lower quintile,0.9062477848252439,0.7760732623718712,0.9810975324761411,323
V3,-7.5,Lower quintile,0.9075358223835276,0.7135246963446362,0.9807264648863436,323
V3,-5.0,Lower quintile,0.8314246156616525,0.6238214729938463,0.9667061615758047,323
V3,-2.5,Lower quintile,0.730458845784816,0.5039500743314973,0.917071149674852,323
V3,0.0,Lower quintile,0.6219015152371614,0.3598829816987005,0.8269532582545869,323
V3,2.5,Lower quintile,0.5018454055078722,0.23886158712140051,0.6977253553073313,323
V3,5.0,Lower quintile,0.3235535608182787,0.15247354846805017,0.5632971429189553,323
V3,7.5,Lower quintile,0.2125516911919502,0.07588980746574057,0.3956371331621255,323
V3,10.0,Lower quintile,0.125549768187403,0.028741939671368018,0.2970665054844304,323
V3,12.5,Lower quintile,0.08477449711500873,0.019636255436717015,0.21403423970023933,323
V3,15.0,Lower quintile,0.06537347304339038,0.014069923177626235,0.18119976074208596,323
V3,17.5,Lower quintile,0.06642259354122293,0.017143490877412078,0.19353254645838808,323
V3,20.0,Lower quintile,0.11318806667572613,0.03567650488333915,0.2586543818865331,323
V3,22.5,Lower quintile,0.1636274930481916,0.07194316551914764,0.32451848985267007,323
V3,25.0,Lower quintile,0.21381018565719487,0.11086853613033094,0.3874984120245064,323
V3,27.5,Lower quintile,0.2646865723683175,0.15224906433215454,0.4379605555945435,323
V3,30.0,Lower quintile,0.3119895783887056,0.19102661092912152,0.47559615920711684,323
V3,32.5,Lower quintile,0.35493607403575267,0.22378917736214504,0.5170104427171668,323
V3,35.0,Lower quintile,0.39072763386412135,0.24431787847554892,0.5439153737712815,323
V3,37.5,Lower quintile,0.4102009968545085,0.2715576017009368,0.5741785727560798,323
V3,40.0,Lower quintile,0.42794008955502605,0.2816785406268294,0.5985139085915236,323
V3,42.5,Lower quintile,0.44063323973481694,0.28873137802425647,0.6179157403469324,323
V3,45.0,Lower quintile,0.45156617631253754,0.29079487044999003,0.627352477124985,323
V3,47.5,Lower quintile,0.44974175632279717,0.2990897591491496,0.6298140750522103,323
V3,50.0,Lower quintile,0.453833954764555,0.30707335375894285,0.6317251668429599,323
V3,52.5,Lower quintile,0.457605438226075,0.3043877783857628,0.6334805323009971,323
V3,55.0,Lower quintile,0.4640389832067188,0.31054286957462585,0.6355745186900418,323
V3,57.5,Lower quintile,0.471896430864139,0.31609690563696025,0.6398608269524693,323
V3,60.0,Lower quintile,0.46923575181177235,0.31538813464968496,0.6453811137456587,323
V3,62.5,Lower quintile,0.46388990357421367,0.31680571262746615,0.6467026778076541,323
V3,65.0,Lower quintile,0.47554693371112616,0.32090647042245546,0.6519201479511918,323
V3,67.5,Lower quintile,0.4733471666869542,0.3243786816612727,0.6534134638318537,323
V3,70.0,Lower quintile,0.47862158116494236,0.32682517029425406,0.6559375212288758,323
V3,72.5,Lower quintile,0.4797036949288537,0.3287222137934513,0.6653071138394018,323
V3,75.0,Lower quintile,0.48423539997979004,0.3327726040373783,0.6699228474637471,323
V3,77.5,Lower quintile,0.4815738268199012,0.3350342837520942,0.6700548245697773,323
V3,80.0,Lower quintile,0.48576379409574094,0.3349819889468675,0.6678537208690336,323
V3,82.5,Lower quintile,0.4861019696575513,0.3419414028507897,0.6704929120200565,323
V3,85.0,Lower quintile,0.48661277861488444,0.341071394286426,0.6747938199262536,323
V3,87.5,Lower quintile,0.48423539997979004,0.34043348987007327,0.6783167194040223,323
V3,90.0,Lower quintile,0.4879892404828146,0.3404987183129244,0.6803555099025864,323
V3,92.5,Lower quintile,0.49290024784694675,0.34222738204760594,0.6808551257160451,323
V3,95.0,Lower quintile,0.4895028393585569,0.3401566307344548,0.6833146269672506,323
V3,97.5,Lower quintile,0.4932363120644899,0.34482255579803056,0.6840988467822018,323
V3,100.0,Lower quintile,0.49317729618029743,0.3451642829347394,0.6852716097319084,323
V3,102.5,Lower quintile,0.494515684449314,0.347904324482728,0.6864602988446995,323
V3,105.0,Lower quintile,0.49784193611430666,0.3474045558558664,0.6856178152790955,323
V3,107.5,Lower quintile,0.4947794720747673,0.34862040448190185,0.682719092578444,323
V3,110.0,Lower quintile,0.4968237012376433,0.34645558062293813,0.684372098719898,323
V3,112.5,Lower quintile,0.49652866143000596,0.34315585545017807,0.6851145460884699,323
V3,115.0,Lower quintile,0.496414084994718,0.3454233782975803,0.6834827903771644,323
V3,117.5,Lower quintile,0.5005545261317923,0.3493222914304211,0.6820326868953335,323
V3,120.0,Lower quintile,0.498857253117319,0.35265516257598906,0.6782790304695608,323
V3,122.5,Lower quintile,0.5049895150426288,0.3522520952997751,0.6839599440970842,323
V3,125.0,Lower quintile,0.5053644902460992,0.35223535043225973,0.6851085408859736,323
V3,127.5,Lower quintile,0.5063125847596918,0.3512794541677807,0.6799296595900935,323
V3,130.0,Lower quintile,0.504950945724562,0.35381823846209276,0.6767607875564601,323
V3,132.5,Lower quintile,0.5082689445219439,0.35574666199161775,0.6778594381728442,323
V3,135.0,Lower quintile,0.5092348198969957,0.3583654180381943,0.6823911244054273,323
V3,137.5,Lower quintile,0.5053971270024586,0.35580386338763387,0.6804678919337332,323
V3,140.0,Lower quintile,0.5067523719524528,0.3589778527839209,0.6824905080009528,323
V3,142.5,Lower quintile,0.510078501732384,0.35621831660545145,0.6870793093687385,323
V3,145.0,Lower quintile,0.5100769444913209,0.3610923249207181,0.6871974057512691,323
V3,147.5,Lower quintile,0.5097062827587302,0.3652631253043581,0.689993452008244,323
V3,150.0,Lower quintile,0.5121157496204887,0.36485638026040157,0.6979842254643751,323
V3,152.5,Lower quintile,0.5119728744050327,0.3673387078882381,0.6938063726545177,323
V3,155.0,Lower quintile,0.5136539467625449,0.3698119279471904,0.6934318819123966,323
V3,157.5,Lower quintile,0.5203810207894523,0.3739249362079947,0.7045320256176515,323
V3,160.0,Lower quintile,0.5178530378409214,0.3737373304642378,0.7043946149928535,323
V3,162.5,Lower quintile,0.5141111528176007,0.37519036833825575,0.7076913461087198,323
V3,165.0,Lower quintile,0.5211108363627849,0.376566157188488,0.7073325714907552,323
V3,167.5,Lower quintile,0.5242813933992403,0.3752016872370548,0.7100202586782511,323
V3,170.0,Lower quintile,0.5289570845977631,0.37782889145314413,0.7151864778404967,323
V3,172.5,Lower quintile,0.5337118935660775,0.3791456707334039,0.7126794791319068,323
V3,175.0,Lower quintile,0.5388040255963309,0.38211667355745205,0.7168605876706444,323
V3,177.5,Lower quintile,0.5360581748794164,0.38373893315265006,0.7212852804590291,323
V3,180.0,Lower quintile,0.5404419561124553,0.38615095099791685,0.7216951287311961,323
V3,182.5,Lower quintile,0.5473612481759118,0.39031120822966403,0.7249920823520191,323
V3,185.0,Lower quintile,0.5479097889842167,0.39183638747363225,0.7316013643460746,323
V3,187.5,Lower quintile,0.546552342767754,0.39419250085503343,0.733414789644112,323
V3,190.0,Lower quintile,0.5496270127350963,0.3936636944257663,0.7365676264196209,323
V3,192.5,Lower quintile,0.5547705581934019,0.39693700390125486,0.7397035754625803,323
V3,195.0,Lower quintile,0.5569685588350217,0.39983661748750643,0.7479785592453053,323
V3,197.5,Lower quintile,0.5618088589070076,0.39799386409245874,0.7507453122626089,323
V3,200.0,Lower quintile,0.5568974571380416,0.4073127900463838,0.7466561576110249,323
V3,202.5,Lower quintile,0.5598829639890696,0.4112105660938939,0.7485971740533066,323
V3,205.0,Lower quintile,0.5601062382257561,0.4111209804308824,0.7515288000873604,323
V3,207.5,Lower quintile,0.5689263416241876,0.4113301938175246,0.7556809472287273,323
V3,210.0,Lower quintile,0.5699438321520303,0.41311868133178176,0.7574928006439081,323
V3,212.5,Lower quintile,0.5773761437944559,0.4105018433376725,0.7571333583201181,323
V3,215.0,Lower quintile,0.584822517336162,0.41409650725647656,0.7691676192600541,323
V3,217.5,Lower quintile,0.5866021122424491,0.41542595583269215,0.7712901279452832,323
V3,220.0,Lower quintile,0.588017247227078,0.4167017746779252,0.7716115785418566,323
V3,222.5,Lower quintile,0.596750624625533,0.421393253461648,0.7775305724962736,323
V3,225.0,Lower quintile,0.6013268881246278,0.4281978572364169,0.7888997417700798,323
V3,227.5,Lower quintile,0.6040751697367279,0.4292293320053223,0.787856394941858,323
V3,230.0,Lower quintile,0.604198480243227,0.4320165546540071,0.7926410974231656,323
V3,232.5,Lower quintile,0.6096481328263917,0.43741993416616665,0.7900230113759417,323
V3,235.0,Lower quintile,0.6051214400221707,0.43615893071010337,0.7865541720959054,323
V3,237.5,Lower quintile,0.605448549386941,0.43648916712680885,0.7915838038601072,323
V3,240.0,Lower quintile,0.6047147417595554,0.4387247361795499,0.7957375845027892,323
V3,242.5,Lower quintile,0.6054931367458423,0.4430489970900915,0.7925693566416374,323
V3,245.0,Lower quintile,0.6030956081678678,0.4432401562804126,0.7862057717397795,323
V3,247.5,Lower quintile,0.6106296971567733,0.4349066604303474,0.7885742742264983,323
V3,250.0,Lower quintile,0.60175597296394,0.4362589027911147,0.7980607070196123,323
V3,252.5,Lower quintile,0.6052908880769665,0.43341351759439417,0.7908397190657864,323
V3,255.0,Lower quintile,0.6033504761868579,0.43476496249003627,0.7935041962389642,323
V3,257.5,Lower quintile,0.605127964522371,0.4353714904005656,0.7907772289733623,323
V3,260.0,Lower quintile,0.6043779440342022,0.4354951856644134,0.7861386000143833,323
V3,262.5,Lower quintile,0.6057250355921485,0.4307925106208377,0.794654413131296,323
V3,265.0,Lower quintile,0.6165437008195132,0.43141260035102696,0.7840209756898437,323
V3,267.5,Lower quintile,0.6074140685441262,0.4327762661455394,0.78177497567654,323
V3,270.0,Lower quintile,0.6060286166948086,0.4296520996405844,0.7749231184548309,323
V3,272.5,Lower quintile,0.6063620270469158,0.42538761040840123,0.7704673330310926,323
V3,275.0,Lower quintile,0.6081335997431183,0.4292198881093897,0.7742063170256529,323
V3,277.5,Lower quintile,0.6112888772569045,0.43139263305574305,0.7761761055167877,323
V3,280.0,Lower quintile,0.6103645522379273,0.42484489405268533,0.7776367693826937,323
V3,282.5,Lower quintile,0.5980957852101254,0.42976847087798453,0.7697583722868152,323
V3,285.0,Lower quintile,0.5923411027709875,0.4205823873487017,0.7711801665564277,323
V3,287.5,Lower quintile,0.5861332851217658,0.42280447157985535,0.7615692975193828,323
V3,290.0,Lower quintile,0.5845886825778454,0.41440125856640275,0.7573683911657085,323
V3,292.5,Lower quintile,0.5836735845451959,0.4088824634260647,0.7563597888266615,323
V3,295.0,Lower quintile,0.5838672652144321,0.40302758022059426,0.7438027940762035,323
V3,297.5,Lower quintile,0.5864356664704256,0.3975482130268233,0.751680791206651,323
V3,300.0,Lower quintile,0.5792334171423951,0.396977062152006,0.7484133257341705,323
V3,302.5,Lower quintile,0.5736855595662347,0.40336591617064266,0.7425239124211149,323
V3,305.0,Lower quintile,0.5679511448476025,0.405644977596239,0.7325502131729864,323
V3,307.5,Lower quintile,0.5664933457616361,0.4016005684127756,0.7259641335685347,323
V3,310.0,Lower quintile,0.5612350408508235,0.4000726448076322,0.7251850158534361,323
V3,312.5,Lower quintile,0.5561244693079084,0.4004338456226495,0.7166265957416754,323
V3,315.0,Lower quintile,0.5520000783990806,0.39613618002077855,0.7174115331377372,323
V3,317.5,Lower quintile,0.5493186200475644,0.38779010364248784,0.7122620905208207,323
V3,320.0,Lower quintile,0.5468047268744392,0.38653780519770764,0.7126857673126796,323
V3,322.5,Lower quintile,0.5496270127350963,0.3907346368856862,0.703264242067352,323
V3,325.0,Lower quintile,0.5438197571359226,0.3914021798513885,0.7013107399394463,323
V3,327.5,Lower quintile,0.5386305737971789,0.38938557291402354,0.6946066967387007,323
V3,330.0,Lower quintile,0.5382098766863855,0.38993070082030945,0.6930137038997535,323
V3,332.5,Lower quintile,0.5372683266826496,0.38251310325995785,0.6890181999853072,323
V3,335.0,Lower quintile,0.5346143212248506,0.3798270238516501,0.6823281136250738,323
V3,337.5,Lower quintile,0.5312173062269855,0.3786656448993331,0.6771005155814571,323
V3,340.0,Lower quintile,0.5360467395656929,0.3794862299116707,0.673969357522024,323
V3,342.5,Lower quintile,0.528280239294213,0.3786788321803541,0.6709170431211424,323
V3,345.0,Lower quintile,0.5258781550772496,0.3704628082222049,0.6664090696349692,323
V3,347.5,Lower quintile,0.5260375032867763,0.3759742650385519,0.6641807763860521,323
V3,350.0,Lower quintile,0.5222282134837908,0.3714894211665427,0.6636834907851463,323
V3,352.5,Lower quintile,0.5183258388799731,0.360244101201586,0.6591042733635434,323
V3,355.0,Lower quintile,0.5126537288933746,0.3592419969530018,0.6581581019992458,323
V3,357.5,Lower quintile,0.5139428339275018,0.3601763005941512,0.661944654788305,323
V3,360.0,Lower quintile,0.5106471804645755,0.35824427537454734,0.660861040790131,323
V3,362.5,Lower quintile,0.5077214959892417,0.35737383833176434,0.6572179526872015,323
V3,365.0,Lower quintile,0.5088793675128127,0.35311415827704096,0.6557070196843512,323
V3,367.5,Lower quintile,0.5082738541879505,0.35581012971801673,0.6552848519762628,323
V3,370.0,Lower quintile,0.4980913408411732,0.35543729773639304,0.6541938773663369,323
V3,372.5,Lower quintile,0.5039329120502163,0.35184975581303823,0.6566186262560196,323
V3,375.0,Lower quintile,0.5080729812379755,0.3504960242806132,0.6554762111262883,323
V3,377.5,Lower quintile,0.5050755211868048,0.3432166307104295,0.6543587321704023,323
V3,380.0,Lower quintile,0.5020733546886301,0.34828519095982424,0.6546127716688964,323
V3,382.5,Lower quintile,0.5016323735130244,0.34176702029530737,0.6526975472787506,323
V3,385.0,Lower quintile,0.5037703323929726,0.34203486162055496,0.6469840779092311,323
V3,387.5,Lower quintile,0.5009072405929674,0.3480804402747928,0.648051834064563,323
V3,390.0,Lower quintile,0.5050528972724669,0.34537758681536407,0.6467243545911888,323
V3,392.5,Lower quintile,0.5036825056140212,0.34167183317072847,0.6500366422870949,323
V3,395.0,Lower quintile,0.502927577140587,0.3431849599597463,0.6534808754516053,323
V3,397.5,Lower quintile,0.5050266814872055,0.3453622800989754,0.6531586484586415,323
V3,400.0,Lower quintile,0.5012298266368383,0.3476672282506792,0.6526953901060627,323
V3,402.5,Lower quintile,0.5006219459106618,0.3454670000040706,0.6571629388670788,323
V3,405.0,Lower quintile,0.5015983880389983,0.34548551504738,0.6593263963425231,323
V3,407.5,Lower quintile,0.5003283355415988,0.34498516122525413,0.6574605659511614,323
V3,410.0,Lower quintile,0.502581259290346,0.34002740640719953,0.659584240307169,323
V3,412.5,Lower quintile,0.4944457957364437,0.34187858756936484,0.657804424064427,323
V3,415.0,Lower quintile,0.49387929264527164,0.34783642285626065,0.6585291962740034,323
V3,417.5,Lower quintile,0.49913374586769693,0.34302586656511386,0.6569746936979273,323
V3,420.0,Lower quintile,0.49463265343436397,0.342879302944187,0.6609605668197089,323
V3,422.5,Lower quintile,0.4979719279318344,0.3492386547612335,0.6550565288079918,323
V3,425.0,Lower quintile,0.4978257212574066,0.3484126156396237,0.6526236666320415,323
V3,427.5,Lower quintile,0.49396341961711876,0.35477351276343205,0.6548339050889184,323
V3,430.0,Lower quintile,0.49414653354096416,0.35608968888549275,0.6554935991742443,323
V3,432.5,Lower quintile,0.4940156627590741,0.35484651396513645,0.6518999400677474,323
V3,435.0,Lower quintile,0.4925345511702924,0.3517420103108251,0.6516256895321071,323
V3,437.5,Lower quintile,0.48966320112429607,0.352902514425144,0.6512002071914397,323
V3,440.0,Lower quintile,0.493186465967225,0.3557459328340722,0.6497539591775692,323
V3,442.5,Lower quintile,0.4888653775649464,0.3447110940291578,0.6477834830216749,323
V3,445.0,Lower quintile,0.4886953841345715,0.3509855302232631,0.6455567907131037,323
V3,447.5,Lower quintile,0.4882761580717862,0.35559582908431764,0.6463755279169322,323
V3,450.0,Lower quintile,0.4878909864045329,0.3513128934295626,0.6454823301446516,323
V3,452.5,Lower quintile,0.488932035174255,0.34220948573033716,0.6443602825332801,323
V3,455.0,Lower quintile,0.49740597181790097,0.3503504243804211,0.6444908165257266,323
V3,457.5,Lower quintile,0.49407566845341183,0.34868017006130936,0.6473572793390037,323
V3,460.0,Lower quintile,0.4902699362637212,0.34632028734831627,0.6431744775146702,323
V3,462.5,Lower quintile,0.49509383979614474,0.34641527032737296,0.6453513960441626,323
V3,465.0,Lower quintile,0.49668573944746464,0.3456750343366757,0.6530454994339481,323
V3,467.5,Lower quintile,0.49470742525012,0.3346060915035999,0.6566081886915865,323
V3,470.0,Lower quintile,0.4943115714952658,0.33986024159966716,0.6524785301271159,323
V3,472.5,Lower quintile,0.49583202858636927,0.3504116601515126,0.6515144926863569,323
V3,475.0,Lower quintile,0.4993259762160345,0.3468601216933678,0.6516455968863628,323
V3,477.5,Lower quintile,0.4971174160482574,0.3472120057901642,0.6526590110239796,323
V3,480.0,Lower quintile,0.49436139566788134,0.3387423752956996,0.6515195743958422,323
V3,482.5,Lower quintile,0.4981120390675099,0.34515213469299466,0.6494526989260376,323
V3,485.0,Lower quintile,0.4978093751868152,0.34580739556012546,0.6462459194916563,323
V3,487.5,Lower quintile,0.49393101130806444,0.34090031624347283,0.6422215168264684,323
V3,490.0,Lower quintile,0.499028264687188,0.34306888032366006,0.6463693751669755,323
V3,492.5,Lower quintile,0.4955661299678323,0.3419443544544363,0.6496191812838723,323
V3,495.0,Lower quintile,0.49280300278263883,0.3410334839614051,0.6489705426427069,323
V3,497.5,Lower quintile,0.49468748120678124,0.3450872552290414,0.6453146842217756,323
V4,-500.0,Lower quintile,0.32796615782978233,0.184569861391071,0.47048631421908704,323
V4,-497.5,Lower quintile,0.3294634822986481,0.1850931229803188,0.4741242482734499,323
V4,-495.0,Lower quintile,0.3317172724216656,0.18540589771103916,0.47326739789874206,323
V4,-492.5,Lower quintile,0.33192890416295795,0.185073959956929,0.471200899996045,323
V4,-490.0,Lower quintile,0.3338837073487475,0.18659689312799635,0.46471899676003225,323
V4,-487.5,Lower quintile,0.33513459989780103,0.185851077287515,0.4702667196130188,323
V4,-485.0,Lower quintile,0.3350532886300126,0.18506290793561506,0.4690618281343978,323
V4,-482.5,Lower quintile,0.3333333358889027,0.18543813626545874,0.4709869036808976,323
V4,-480.0,Lower quintile,0.3327907054659334,0.18004218840668282,0.4776176885263322,323
V4,-477.5,Lower quintile,0.3382077369525825,0.1830238647285816,0.48055498701474697,323
V4,-475.0,Lower quintile,0.33353219743323576,0.18516199322447752,0.4800233337997055,323
V4,-472.5,Lower quintile,0.33122375736868387,0.18530466641569399,0.4793014454295539,323
V4,-470.0,Lower quintile,0.33185558326011066,0.18368608320769136,0.47482942433536346,323
V4,-467.5,Lower quintile,0.33163063177597457,0.18427697532023538,0.47513412031780167,323
V4,-465.0,Lower quintile,0.33772847337052764,0.18393766402875678,0.4736136741122098,323
V4,-462.5,Lower quintile,0.3363804350658015,0.1850219280896636,0.4782376073834116,323
V4,-460.0,Lower quintile,0.3365153629228481,0.18505006133399973,0.47659625454203725,323
V4,-457.5,Lower quintile,0.33838666281542396,0.18658693870417808,0.47724024274325166,323
V4,-455.0,Lower quintile,0.33203173743729714,0.18857562414817208,0.4746386823576937,323
V4,-452.5,Lower quintile,0.33111269980891883,0.1925349766433942,0.47303316238193727,323
V4,-450.0,Lower quintile,0.32890961678008396,0.19058121839734432,0.4644759438768713,323
V4,-447.5,Lower quintile,0.3263268610070933,0.1914412359052699,0.4672312162071588,323
V4,-445.0,Lower quintile,0.32736578669603167,0.1951906590997891,0.4588005572267536,323
V4,-442.5,Lower quintile,0.3284854424631853,0.18957786892538087,0.46377504815025294,323
V4,-440.0,Lower quintile,0.3279732290462324,0.19395339378389742,0.46462366646357484,323
V4,-437.5,Lower quintile,0.32910826903901697,0.19611454760446476,0.4629204807416752,323
V4,-435.0,Lower quintile,0.32798140886056265,0.19358487290462154,0.46487754035947554,323
V4,-432.5,Lower quintile,0.3284001895161326,0.19057772722332234,0.4546538680204366,323
V4,-430.0,Lower quintile,0.33175774558204413,0.19029819867772685,0.4544687831339935,323
V4,-427.5,Lower quintile,0.33197097474251813,0.1880391719089101,0.459741681451022,323
V4,-425.0,Lower quintile,0.3308169239018856,0.18715781198230608,0.45387813007876243,323
V4,-422.5,Lower quintile,0.33051412308193595,0.18419692135985125,0.4519081841615463,323
V4,-420.0,Lower quintile,0.3372754818355043,0.18314068036066017,0.45174084203101117,323
V4,-417.5,Lower quintile,0.338330186468824,0.18416822782534242,0.45271775111933826,323
V4,-415.0,Lower quintile,0.32976611821804325,0.18187960888249285,0.45478797803199733,323
V4,-412.5,Lower quintile,0.3278858004645439,0.18288416173810151,0.45072592017839785,323
V4,-410.0,Lower quintile,0.3282881220572377,0.18440178957007097,0.44681264986237834,323
V4,-407.5,Lower quintile,0.32965364501568495,0.18531476377863348,0.44588013246536595,323
V4,-405.0,Lower quintile,0.32924863121320147,0.1826855670901656,0.4436619578380611,323
V4,-402.5,Lower quintile,0.3302163037677167,0.18349201244913382,0.44354716024295276,323
V4,-400.0,Lower quintile,0.3230802755141219,0.18149538872513532,0.44343122291408954,323
V4,-397.5,Lower quintile,0.32391778007744715,0.1795675947122572,0.4432251653975505,323
V4,-395.0,Lower quintile,0.3271426600330354,0.1801266545259826,0.4438341295284516,323
V4,-392.5,Lower quintile,0.3199184144723121,0.18122290173542377,0.44691070777765307,323
V4,-390.0,Lower quintile,0.3212835274486778,0.17898497771962016,0.44377478454686115,323
V4,-387.5,Lower quintile,0.31998479954630427,0.17829429848081613,0.44378586731654507,323
V4,-385.0,Lower quintile,0.3171053392020499,0.17917434458959294,0.447756891414907,323
V4,-382.5,Lower quintile,0.3170699223372071,0.18240368751682373,0.443855422844161,323
V4,-380.0,Lower quintile,0.3180335053499711,0.18318685830450782,0.44673219604783365,323
V4,-377.5,Lower quintile,0.3169361605291504,0.18098922474152934,0.44617862590723,323
V4,-375.0,Lower quintile,0.3163779877648642,0.18136313654151331,0.4413131380111488,323
V4,-372.5,Lower quintile,0.3167386326683776,0.1803120146409808,0.4398305791701077,323
V4,-370.0,Lower quintile,0.31629161587329746,0.1804588052251231,0.4376204696793703,323
V4,-367.5,Lower quintile,0.3168108483283604,0.1799485837192169,0.4411554716082057,323
V4,-365.0,Lower quintile,0.31323194004547344,0.18199107343423782,0.4411075393560522,323
V4,-362.5,Lower quintile,0.31581875431811846,0.17979932485916617,0.4454615944907008,323
V4,-360.0,Lower quintile,0.31425034022270343,0.17906218167216384,0.4402891756171493,323
V4,-357.5,Lower quintile,0.31613713590869347,0.17372179039378205,0.4390093743490216,323
V4,-355.0,Lower quintile,0.3141915549781876,0.17680327735682447,0.44061764349978677,323
V4,-352.5,Lower quintile,0.3130728306695397,0.1746640825142014,0.4476109739847507,323
V4,-350.0,Lower quintile,0.3146549353635688,0.17589642396117453,0.4435856490679525,323
V4,-347.5,Lower quintile,0.31297281096366764,0.1755335098466313,0.4438859428532444,323
V4,-345.0,Lower quintile,0.31864548978129115,0.17505146563416557,0.4477057475597976,323
V4,-342.5,Lower quintile,0.31776091111297067,0.17260683261612209,0.4452630701906226,323
V4,-340.0,Lower quintile,0.31955036687502525,0.17292813683424646,0.441250959357225,323
V4,-337.5,Lower quintile,0.3178840462444738,0.17469003721421034,0.44603365968963404,323
V4,-335.0,Lower quintile,0.31577301043694755,0.17351980860020597,0.44530962626066994,323
V4,-332.5,Lower quintile,0.3106795055060691,0.1753579724383362,0.44389059586909846,323
V4,-330.0,Lower quintile,0.3104033251879201,0.16846698464943088,0.4436288478373814,323
V4,-327.5,Lower quintile,0.3111610072285233,0.17196234493113294,0.44506790208279035,323
V4,-325.0,Lower quintile,0.3138435849622559,0.17200135143480672,0.44429026849603453,323
V4,-322.5,Lower quintile,0.31635718115072464,0.16908300342471919,0.44307551778109394,323
V4,-320.0,Lower quintile,0.31345104421271275,0.16672772943722433,0.44322801975947906,323
V4,-317.5,Lower quintile,0.3123824371173888,0.17197462338910854,0.4441788610418096,323
V4,-315.0,Lower quintile,0.3114148206598084,0.16745208117086702,0.44169164508244324,323
V4,-312.5,Lower quintile,0.31273827924529446,0.16797743049897607,0.4405327479148043,323
V4,-310.0,Lower quintile,0.3101195705385428,0.16752203611873825,0.4416005861974055,323
V4,-307.5,Lower quintile,0.3101821226618826,0.16673366570227066,0.43970005437554255,323
V4,-305.0,Lower quintile,0.3114939659562035,0.16731862429302624,0.4405664556124006,323
V4,-302.5,Lower quintile,0.3071769702406878,0.1675459437094066,0.44378512351549315,323
V4,-300.0,Lower quintile,0.305507257021749,0.168706724210192,0.44095901888053124,323
V4,-297.5,Lower quintile,0.3090190962328884,0.16693763125997357,0.43928423490599433,323
V4,-295.0,Lower quintile,0.3085873742919815,0.1685021290237642,0.4450134970316545,323
V4,-292.5,Lower quintile,0.31086752833175035,0.16962913026563498,0.4395289145992069,323
V4,-290.0,Lower quintile,0.31099883038173365,0.16806766862948508,0.44507460300665,323
V4,-287.5,Lower quintile,0.3070975556905885,0.1692284926860818,0.44541084792174557,323
V4,-285.0,Lower quintile,0.3083833482186604,0.1759012892168839,0.4382697598209983,323
V4,-282.5,Lower quintile,0.3106795055060691,0.17527997535146028,0.44299520506905554,323
V4,-280.0,Lower quintile,0.31465330323050805,0.17555524591236754,0.44532553176855305,323
V4,-277.5,Lower quintile,0.31656199038232796,0.17515845197020274,0.44302299621494645,323
V4,-275.0,Lower quintile,0.3131127164122459,0.1773752300640234,0.4394738472367997,323
V4,-272.5,Lower quintile,0.31754040154329033,0.1770449643070685,0.43821298232405625,323
V4,-270.0,Lower quintile,0.3166760708731192,0.174328480273564,0.43903906220905525,323
V4,-267.5,Lower quintile,0.31567665928993527,0.173359021263846,0.4381394982576967,323
V4,-265.0,Lower quintile,0.3107575540850839,0.1755012561922018,0.4379105353443008,323
V4,-262.5,Lower quintile,0.3121821978512496,0.17819764296803295,0.4383640776722322,323
V4,-260.0,Lower quintile,0.31273827924529446,0.1721413285994658,0.4372428357172065,323
V4,-257.5,Lower quintile,0.3124888304001606,0.1713594690356126,0.43727864124249727,323
V4,-255.0,Lower quintile,0.3102917399776766,0.17628065855718614,0.4394323607199784,323
V4,-252.5,Lower quintile,0.31068091397423614,0.16933724954170187,0.4381824977599048,323
V4,-250.0,Lower quintile,0.3082563041249205,0.16755335681237715,0.4382702554744008,323
V4,-247.5,Lower quintile,0.30763208963432703,0.1698679930970166,0.43729547680466085,323
V4,-245.0,Lower quintile,0.3084797055028149,0.16864595921995684,0.43783755111768985,323
V4,-242.5,Lower quintile,0.3085964014627617,0.17115733233401603,0.4369016948980954,323
V4,-240.0,Lower quintile,0.3101575340873653,0.16661080092323086,0.435229145627046,323
V4,-237.5,Lower quintile,0.30788116646128383,0.16574528352243895,0.43791974227120967,323
V4,-235.0,Lower quintile,0.3044788701454772,0.1656993983436581,0.4361420038582596,323
V4,-232.5,Lower quintile,0.3042712281462454,0.16835175064433122,0.4390739721193556,323
V4,-230.0,Lower quintile,0.3045262038275405,0.16588518190498786,0.43881220060587156,323
V4,-227.5,Lower quintile,0.30377197861727356,0.16813471458434395,0.44288594677641024,323
V4,-225.0,Lower quintile,0.30495264365049646,0.1684654055710093,0.4427171212534645,323
V4,-222.5,Lower quintile,0.30686781125476253,0.1699164696127429,0.4428950489663051,323
V4,-220.0,Lower quintile,0.3040468140719558,0.17185000518064847,0.4390662819998736,323
V4,-217.5,Lower quintile,0.3067519768361546,0.1731888857683075,0.4418282160045752,323
V4,-215.0,Lower quintile,0.30816552654674784,0.1708022259957298,0.4427254559608732,323
V4,-212.5,Lower quintile,0.3075659220327658,0.17258106905747977,0.44817199094553983,323
V4,-210.0,Lower quintile,0.3077828004136438,0.1742489052427118,0.44768997188014503,323
V4,-207.5,Lower quintile,0.3101383801581713,0.1745043391128859,0.4447178238600269,323
V4,-205.0,Lower quintile,0.3122741443385879,0.1825112943041406,0.45060896067088907,323
V4,-202.5,Lower quintile,0.31273827924529446,0.1833597932533948,0.45139357510304623,323
V4,-200.0,Lower quintile,0.31335151064866085,0.18484227319473986,0.4502522364456981,323
V4,-197.5,Lower quintile,0.3144184655645195,0.18306958663987816,0.4494220846535854,323
V4,-195.0,Lower quintile,0.3151157475270948,0.1830244239183939,0.4494397115140426,323
V4,-192.5,Lower quintile,0.3160986506026803,0.18434369607478857,0.44993384772290546,323
V4,-190.0,Lower quintile,0.3160986506026803,0.18588458799451751,0.45319232864438397,323
V4,-187.5,Lower quintile,0.3165415651494502,0.18531176841672456,0.45198557230958103,323
V4,-185.0,Lower quintile,0.3179860118558701,0.19373034388343432,0.45117248568374185,323
V4,-182.5,Lower quintile,0.3184737046897424,0.19417180417783425,0.4516540629633011,323
V4,-180.0,Lower quintile,0.31663355771622653,0.19636102967042188,0.44877207703989536,323
V4,-177.5,Lower quintile,0.31477743772295386,0.1948802676173178,0.4493702998580077,323
V4,-175.0,Lower quintile,0.315876817661175,0.195518177641904,0.45090396622993895,323
V4,-172.5,Lower quintile,0.31635671060345527,0.19689782472641126,0.4557191473502257,323
V4,-170.0,Lower quintile,0.3194709401506353,0.19580015719411398,0.45440423196907065,323
V4,-167.5,Lower quintile,0.31811018709284644,0.19046433306447655,0.46238894880703746,323
V4,-165.0,Lower quintile,0.32518776821311873,0.19383070338914343,0.4654391244960675,323
V4,-162.5,Lower quintile,0.32462903003689925,0.19455207338569397,0.4654253866174779,323
V4,-160.0,Lower quintile,0.3238312433499855,0.19484352885354111,0.4656762416539406,323
V4,-157.5,Lower quintile,0.3260962059893078,0.19509432192467663,0.4644593389703888,323
V4,-155.0,Lower quintile,0.3272705596814516,0.19611436400141424,0.46415214953446193,323
V4,-152.5,Lower quintile,0.3265844301980361,0.19601516650147696,0.46581916562899517,323
V4,-150.0,Lower quintile,0.3263396845529379,0.19457584261442643,0.46423573094337445,323
V4,-147.5,Lower quintile,0.3246593722294482,0.194661998835983,0.45836811341799355,323
V4,-145.0,Lower quintile,0.3255863542222179,0.19202461461175313,0.461065774696865,323
V4,-142.5,Lower quintile,0.3244995783556127,0.18942068240569604,0.4627974781800388,323
V4,-140.0,Lower quintile,0.32380951592335283,0.18814828487137253,0.4577751141015765,323
V4,-137.5,Lower quintile,0.32069158123043534,0.18716658170339556,0.4581561260262773,323
V4,-135.0,Lower quintile,0.31873350800361644,0.1877024529141347,0.4554067217492367,323
V4,-132.5,Lower quintile,0.32022380518855853,0.18744447708779505,0.4543995516690884,323
V4,-130.0,Lower quintile,0.31665250588217203,0.18527969244121537,0.452869765848679,323
V4,-127.5,Lower quintile,0.3155208605656112,0.18323294118586347,0.4493010689206919,323
V4,-125.0,Lower quintile,0.31425034022270343,0.18406467448015243,0.44297972920501705,323
V4,-122.5,Lower quintile,0.3127374720298889,0.18307728227789943,0.44751267539216866,323
V4,-120.0,Lower quintile,0.31183499974659906,0.18081184551395857,0.4433106532250259,323
V4,-117.5,Lower quintile,0.3116532881122584,0.17772576029266346,0.44018853424089976,323
V4,-115.0,Lower quintile,0.3079039771251632,0.17597260912998114,0.4366593265956552,323
V4,-112.5,Lower quintile,0.3029232088209513,0.17725738040016215,0.4343873685790237,323
V4,-110.0,Lower quintile,0.30044475523843944,0.17622624424082067,0.43496214286915946,323
V4,-107.5,Lower quintile,0.30112450672400953,0.1745403957762089,0.4309437524134213,323
V4,-105.0,Lower quintile,0.30394120020306686,0.17438605310338018,0.4296021046934528,323
V4,-102.5,Lower quintile,0.30251692883945347,0.1708639229798663,0.4279044701135635,323
V4,-100.0,Lower quintile,0.30196079122879543,0.17200384630116639,0.4258602451018275,323
V4,-97.5,Lower quintile,0.29663055519021003,0.1762146371856943,0.4256525795863988,323
V4,-95.0,Lower quintile,0.29656137631734875,0.16985568177751276,0.4277786237123443,323
V4,-92.5,Lower quintile,0.2969242914554325,0.16577507061244717,0.4250776746480762,323
V4,-90.0,Lower quintile,0.2945038804898821,0.16877814785605993,0.422697025153521,323
V4,-87.5,Lower quintile,0.2938399558001189,0.16537855081771474,0.42309591740990105,323
V4,-85.0,Lower quintile,0.2912386530352168,0.1636680886449212,0.4238600422778065,323
V4,-82.5,Lower quintile,0.29036286702624786,0.1650464114825695,0.42595727415831286,323
V4,-80.0,Lower quintile,0.29268053380486464,0.16350838218340757,0.42300463250420706,323
V4,-77.5,Lower quintile,0.291760936299516,0.1645276273162194,0.42502251840319205,323
V4,-75.0,Lower quintile,0.2914794819036115,0.16469433333318115,0.4250506942183754,323
V4,-72.5,Lower quintile,0.2898431788290659,0.16505113845958147,0.4221052722690187,323
V4,-70.0,Lower quintile,0.2913299369037741,0.16186177254380202,0.4226237823770935,323
V4,-67.5,Lower quintile,0.290950272512526,0.1638653977732614,0.4264245694735417,323
V4,-65.0,Lower quintile,0.28781251949220726,0.16395535388707094,0.42586884854072543,323
V4,-62.5,Lower quintile,0.2909272593868825,0.16311905410450694,0.42375456645932963,323
V4,-60.0,Lower quintile,0.29192044458782007,0.1643024721557672,0.4314029276480613,323
V4,-57.5,Lower quintile,0.29323598771297416,0.16476224732679007,0.43176748078349514,323
V4,-55.0,Lower quintile,0.2928493255945997,0.16447806329629747,0.4332878689737123,323
V4,-52.5,Lower quintile,0.299134244986191,0.16619081100243435,0.43162192409641353,323
V4,-50.0,Lower quintile,0.2984818977776745,0.16522379629191064,0.440609408460876,323
V4,-47.5,Lower quintile,0.2979532798366104,0.16190352978230257,0.4366400154644511,323
V4,-45.0,Lower quintile,0.2987133740364724,0.16570969996106444,0.43727444589511977,323
V4,-42.5,Lower quintile,0.30197439399479564,0.16854141088513544,0.43959075665064407,323
V4,-40.0,Lower quintile,0.3013858241988192,0.16745717188776627,0.4360562595440806,323
V4,-37.5,Lower quintile,0.30912012452754767,0.1700565927819338,0.44413352035379605,323
V4,-35.0,Lower quintile,0.31797542295303455,0.1853629348264549,0.45267646002895223,323
V4,-32.5,Lower quintile,0.322206769120463,0.1976117102649757,0.4547510267445609,323
V4,-30.0,Lower quintile,0.3396665757648747,0.21529168782144922,0.47024156383093196,323
V4,-27.5,Lower quintile,0.3699536397657069,0.24397423572728716,0.5052780658991056,323
V4,-25.0,Lower quintile,0.42316387512028475,0.29015575356763257,0.5644758177229003,323
V4,-22.5,Lower quintile,0.4818198667297709,0.34531961382048426,0.6335372577130227,323
V4,-20.0,Lower quintile,0.5593697762792388,0.4106048086812875,0.7166337895663565,323
V4,-17.5,Lower quintile,0.6371769632017578,0.4924961826053358,0.8021250447577908,323
V4,-15.0,Lower quintile,0.7322804047609874,0.5942617955531609,0.8880742023741579,323
V4,-12.5,Lower quintile,0.8145990377567018,0.671256740789538,0.9310287424259183,323
V4,-10.0,Lower quintile,0.8833237138909092,0.7453151108873064,0.9669491684091461,323
V4,-7.5,Lower quintile,0.9205980305302112,0.7757857495929189,0.9844048461931272,323
V4,-5.0,Lower quintile,0.9268210180418945,0.7629749546927367,0.9916492577378075,323
V4,-2.5,Lower quintile,0.8879636446835274,0.6683411603219114,0.9727459498441215,323
V4,0.0,Lower quintile,0.7717830983839387,0.5553600299051755,0.9226288387189296,323
V4,2.5,Lower quintile,0.6271342894297389,0.4217958305022222,0.8122801942196101,323
V4,5.0,Lower quintile,0.4611408029078506,0.2637613457045851,0.6665185054914133,323
V4,7.5,Lower quintile,0.32002326906684625,0.15916405175266884,0.513751255786747,323
V4,10.0,Lower quintile,0.17937925729086587,0.07226966050279378,0.37526206304547105,323
V4,12.5,Lower quintile,0.10534648443771297,0.03007047660464909,0.25013464011466735,323
V4,15.0,Lower quintile,0.06064349185475237,0.01244716633575466,0.15953219097737004,323
V4,17.5,Lower quintile,0.04231511059604613,0.008910574772817662,0.13129147715299666,323
V4,20.0,Lower quintile,0.05361489404413764,0.014278740674358893,0.13497831247179526,323
V4,22.5,Lower quintile,0.08312566431513105,0.026403462098391443,0.1774204872327009,323
V4,25.0,Lower quintile,0.1218297331451152,0.05198286403231199,0.2213878627225896,323
V4,27.5,Lower quintile,0.14493587962803037,0.07505283812957701,0.25439033646196396,323
V4,30.0,Lower quintile,0.16437937517590331,0.09836458714021044,0.29168515318222055,323
V4,32.5,Lower quintile,0.20080270650677676,0.11325905474817541,0.3159387467232154,323
V4,35.0,Lower quintile,0.21152449031039627,0.12724319350628882,0.3484344848356049,323
V4,37.5,Lower quintile,0.2255657637977025,0.13772186968790084,0.3663022887005157,323
V4,40.0,Lower quintile,0.24165494993582298,0.1411217134782367,0.3833936650573282,323
V4,42.5,Lower quintile,0.2531984561274127,0.14798705769381093,0.38943534848399586,323
V4,45.0,Lower quintile,0.25139500155195965,0.15019914712642038,0.3938895184452569,323
V4,47.5,Lower quintile,0.2581125172297365,0.15124437907329283,0.4004367778323694,323
V4,50.0,Lower quintile,0.2576753340247486,0.1530843668783083,0.4053950976301263,323
V4,52.5,Lower quintile,0.25780020387389285,0.15371013950826254,0.40118305653442726,323
V4,55.0,Lower quintile,0.25663646713297655,0.15302107487360672,0.4096620558260059,323
V4,57.5,Lower quintile,0.26556966409839944,0.15549774402972555,0.41482540817454566,323
V4,60.0,Lower quintile,0.2653186119350232,0.15736389160834754,0.41431092404901104,323
V4,62.5,Lower quintile,0.2703053189815631,0.15667296055278485,0.4169548636698321,323
V4,65.0,Lower quintile,0.2766343816095392,0.1572476011455748,0.4269253328886517,323
V4,67.5,Lower quintile,0.27965027265495207,0.15719527490618768,0.42724902614800303,323
V4,70.0,Lower quintile,0.2818668610765329,0.15732177382599907,0.42995953011192833,323
V4,72.5,Lower quintile,0.28291361349915073,0.1577589978026396,0.436681009592118,323
V4,75.0,Lower quintile,0.287140194036651,0.15903498529337512,0.4383199929890925,323
V4,77.5,Lower quintile,0.28453261101728167,0.160872537205065,0.4403950010170074,323
V4,80.0,Lower quintile,0.28777336432187567,0.16102163273966685,0.4414597476782185,323
V4,82.5,Lower quintile,0.2927452612900471,0.16409493957335755,0.4420198290026454,323
V4,85.0,Lower quintile,0.30075827269510147,0.16388391415463543,0.442665512057819,323
V4,87.5,Lower quintile,0.3000749688083279,0.16458145483641246,0.443301775759535,323
V4,90.0,Lower quintile,0.3011890831645541,0.16807153871464806,0.4449292246264661,323
V4,92.5,Lower quintile,0.3036505206295577,0.16931438300555568,0.4498229000956135,323
V4,95.0,Lower quintile,0.30522383440292356,0.16907972372948638,0.4490661964470877,323
V4,97.5,Lower quintile,0.3067904878418105,0.17486818671247853,0.4512239465727991,323
V4,100.0,Lower quintile,0.3082608823555573,0.18025537517203322,0.45354397603714824,323
V4,102.5,Lower quintile,0.3071196399682825,0.17940124414560654,0.45206548594557805,323
V4,105.0,Lower quintile,0.30682484360447143,0.18016073576717312,0.45562903794756804,323
V4,107.5,Lower quintile,0.30748225120873784,0.17981250864726567,0.45610325031537546,323
V4,110.0,Lower quintile,0.3076832601329421,0.1776150822746636,0.4581371699145782,323
V4,112.5,Lower quintile,0.3046783048032406,0.1770464026893997,0.45886404300651595,323
V4,115.0,Lower quintile,0.30768957491183174,0.1843671682056628,0.4599602086333052,323
V4,117.5,Lower quintile,0.3156999943747141,0.18509251844503358,0.46166555282373295,323
V4,120.0,Lower quintile,0.30889103712488003,0.18044324950002744,0.46008925035608406,323
V4,122.5,Lower quintile,0.31404095046081376,0.1837355150356562,0.46289355260798715,323
V4,125.0,Lower quintile,0.31672177802927376,0.18459747579635505,0.4646514405019163,323
V4,127.5,Lower quintile,0.3133689425619616,0.1832066043307124,0.4677807813078894,323
V4,130.0,Lower quintile,0.3171954684665766,0.18201387943669212,0.47017223777900097,323
V4,132.5,Lower quintile,0.32142220627746937,0.1849672524260703,0.4722627698641825,323
V4,135.0,Lower quintile,0.3205048333525502,0.18639383744246568,0.474060276735891,323
V4,137.5,Lower quintile,0.32274429153390616,0.18849539340848245,0.4755679756226725,323
V4,140.0,Lower quintile,0.32390634832054926,0.1899688496054696,0.4762157838995529,323
V4,142.5,Lower quintile,0.32445517747931996,0.18955436085991095,0.4761650430135891,323
V4,145.0,Lower quintile,0.3247149769113521,0.190798383802411,0.4778375071519634,323
V4,147.5,Lower quintile,0.32563436001468016,0.18980074085811652,0.47979246531704245,323
V4,150.0,Lower quintile,0.3265753999295546,0.1919579080744167,0.47931583369368824,323
V4,152.5,Lower quintile,0.3243434732710949,0.1930150560683837,0.47984491442396204,323
V4,155.0,Lower quintile,0.327162525161199,0.19278672400479296,0.4816745785007455,323
V4,157.5,Lower quintile,0.32743747667937484,0.19454327548885453,0.48230766098814837,323
V4,160.0,Lower quintile,0.32808802174675733,0.19731162234863733,0.4846645079658185,323
V4,162.5,Lower quintile,0.3265100885510632,0.19863084119050126,0.48615946118758746,323
V4,165.0,Lower quintile,0.33068600195156317,0.20095647154433377,0.4851360644749347,323
V4,167.5,Lower quintile,0.33422884084605453,0.2038089996889797,0.48767930819390637,323
V4,170.0,Lower quintile,0.33189036327472604,0.2036446833132737,0.4883941580748698,323
V4,172.5,Lower quintile,0.33359307126009463,0.20366153017238459,0.49008950922571465,323
V4,175.0,Lower quintile,0.3352875974472274,0.20526853536834522,0.4911003386705681,323
V4,177.5,Lower quintile,0.333486473380224,0.20649158924912936,0.49295745752761433,323
V4,180.0,Lower quintile,0.3376888185661752,0.20785628733188727,0.49737000455977903,323
V4,182.5,Lower quintile,0.34191717056051146,0.20864398411645343,0.49837694189374815,323
V4,185.0,Lower quintile,0.3429099043567663,0.21219544147629432,0.5028455241075669,323
V4,187.5,Lower quintile,0.34592406368425876,0.2113051250575275,0.5035684329592173,323
V4,190.0,Lower quintile,0.34544557402014486,0.2159438247581498,0.5089966190802796,323
V4,192.5,Lower quintile,0.3498739775918475,0.22356415426687665,0.5159248593392228,323
V4,195.0,Lower quintile,0.3537655071351187,0.22438856786724076,0.5254414067855198,323
V4,197.5,Lower quintile,0.3579415457650195,0.22664815764326607,0.5235847013983109,323
V4,200.0,Lower quintile,0.35860315099645024,0.2341346684063217,0.5198290228583433,323
V4,202.5,Lower quintile,0.3596581153326754,0.22931787508674706,0.5308260154341937,323
V4,205.0,Lower quintile,0.36706617611654374,0.23734739848287528,0.5232558153311171,323
V4,207.5,Lower quintile,0.37016958994270754,0.24736845062388124,0.5268070177710886,323
V4,210.0,Lower quintile,0.3714558576522325,0.24587711204707036,0.5201601414323305,323
V4,212.5,Lower quintile,0.3710109980396546,0.248863511079982,0.5342993552275295,323
V4,215.0,Lower quintile,0.3774609141261768,0.255287608781935,0.540924364074254,323
V4,217.5,Lower quintile,0.37324081666429093,0.258939641217158,0.535949697225717,323
V4,220.0,Lower quintile,0.3745187195063135,0.26496190044134904,0.5332800461900327,323
V4,222.5,Lower quintile,0.3781175313512456,0.26757759468187703,0.5360277934658274,323
V4,225.0,Lower quintile,0.38233115190264505,0.2697201500038894,0.5448500168183277,323
V4,227.5,Lower quintile,0.3807578102187447,0.26995544706586305,0.5456344456375491,323
V4,230.0,Lower quintile,0.38498625510217177,0.2735143379160717,0.5524584975282101,323
V4,232.5,Lower quintile,0.388228379681964,0.27663102455182176,0.5563243560001973,323
V4,235.0,Lower quintile,0.39022570687891384,0.27666624369452797,0.5532077102637947,323
V4,237.5,Lower quintile,0.39249448270276155,0.27990865643572294,0.5592304977153628,323
V4,240.0,Lower quintile,0.39796549984313223,0.2846086419767238,0.5669890483297091,323
V4,242.5,Lower quintile,0.39823688410539154,0.2789547321383151,0.5652390800450914,323
V4,245.0,Lower quintile,0.398219824205845,0.27963781363590684,0.5682716767141538,323
V4,247.5,Lower quintile,0.3999677048172471,0.2726119783859581,0.5683336884986359,323
V4,250.0,Lower quintile,0.4065218572148684,0.27062413003427277,0.569240489283475,323
V4,252.5,Lower quintile,0.4057240367980653,0.2753301696270858,0.5744407128505632,323
V4,255.0,Lower quintile,0.4025023494101338,0.27151419326088666,0.5757485846020315,323
V4,257.5,Lower quintile,0.40833289890801233,0.27680773283721716,0.5742241532041741,323
V4,260.0,Lower quintile,0.40365790622121367,0.2720662574360829,0.5739120294955318,323
V4,262.5,Lower quintile,0.4076419240512894,0.2715691932496902,0.5663454059885982,323
V4,265.0,Lower quintile,0.4075174142629288,0.2756248315625255,0.567181893672438,323
V4,267.5,Lower quintile,0.40425604077466887,0.2730711086548754,0.5626513458779445,323
V4,270.0,Lower quintile,0.39994034647263565,0.2744581876284858,0.5559453937970755,323
V4,272.5,Lower quintile,0.40419936059025086,0.2744039036494323,0.5565330238604285,323
V4,275.0,Lower quintile,0.4052549183679813,0.27410085822178465,0.556010719139977,323
V4,277.5,Lower quintile,0.3992791476177405,0.27605065725146594,0.5526825721948351,323
V4,280.0,Lower quintile,0.3949513073163652,0.27510321040855434,0.552219146948164,323
V4,282.5,Lower quintile,0.3921568691058349,0.2726661843777104,0.5504808433288738,323
V4,285.0,Lower quintile,0.38608059366285197,0.27391109777122025,0.5453884756175441,323
V4,287.5,Lower quintile,0.3935712122803941,0.2682692419007978,0.5450928487885311,323
V4,290.0,Lower quintile,0.38687221926956733,0.27330295658244097,0.5416745153512785,323
V4,292.5,Lower quintile,0.3845149224225132,0.27413788827716723,0.5382005359211303,323
V4,295.0,Lower quintile,0.3797314773287768,0.2709373746661483,0.5359012050921117,323
V4,297.5,Lower quintile,0.38278772475375095,0.26899848040539276,0.525847345379304,323
V4,300.0,Lower quintile,0.38237923468739293,0.26804191506183167,0.5239766122052176,323
V4,302.5,Lower quintile,0.37947958641801766,0.26264665509349716,0.5232882817944216,323
V4,305.0,Lower quintile,0.3781335405444647,0.26356703361982015,0.5197085045519947,323
V4,307.5,Lower quintile,0.3735620402155976,0.2623029454850391,0.5148627348402699,323
V4,310.0,Lower quintile,0.3746305424866161,0.2602331305281807,0.5096516861826188,323
V4,312.5,Lower quintile,0.37366030950098944,0.25840723966635315,0.5064100314457467,323
V4,315.0,Lower quintile,0.36965982170780215,0.25206971217076307,0.5063733545496202,323
V4,317.5,Lower quintile,0.36484669750976106,0.2476077406980205,0.5056713179013894,323
V4,320.0,Lower quintile,0.35955140193429275,0.24115023360340776,0.5005406216476529,323
V4,322.5,Lower quintile,0.3579896583847601,0.2379829530316261,0.5009315084334052,323
V4,325.0,Lower quintile,0.3529096322398151,0.2327328625812316,0.4971154679601253,323
V4,327.5,Lower quintile,0.35272180623717003,0.22995619790404925,0.49135512756846134,323
V4,330.0,Lower quintile,0.3581427615546787,0.2260682150123558,0.48419700040232416,323
V4,332.5,Lower quintile,0.35566215908899795,0.2248023654231126,0.48054044830108944,323
V4,335.0,Lower quintile,0.34959180789545297,0.2203227828660807,0.47723641859635113,323
V4,337.5,Lower quintile,0.3481241562168043,0.2156964113930862,0.4737760726834874,323
V4,340.0,Lower quintile,0.3452053908374838,0.21636666989176284,0.473479207643674,323
V4,342.5,Lower quintile,0.3425927018820012,0.21591096512342178,0.47194435136323054,323
V4,345.0,Lower quintile,0.3360936027559301,0.2082721463348553,0.4651954777548597,323
V4,347.5,Lower quintile,0.33009910612267457,0.2049610751664459,0.4632716508773188,323
V4,350.0,Lower quintile,0.33531638132741515,0.2079904724628378,0.46055304499145466,323
V4,352.5,Lower quintile,0.3316203614301049,0.20709815557504713,0.45834584841278025,323
V4,355.0,Lower quintile,0.3314235987965469,0.2074891458749186,0.45497886008785066,323
V4,357.5,Lower quintile,0.33135065840333056,0.2066782131464308,0.4530046974814157,323
V4,360.0,Lower quintile,0.3308696243087581,0.20644684464772506,0.45466913125228936,323
V4,362.5,Lower quintile,0.3337366362316317,0.2025036072476693,0.44972848294862466,323
V4,365.0,Lower quintile,0.330322759309915,0.2032757813492843,0.44732163837870254,323
V4,367.5,Lower quintile,0.3313841138009315,0.2038849169145882,0.4461044057496444,323
V4,370.0,Lower quintile,0.32930390414090815,0.19893360425124298,0.445649589914263,323
V4,372.5,Lower quintile,0.3263949589701227,0.19542076300096056,0.4474561535092939,323
V4,375.0,Lower quintile,0.32653213777809975,0.19636745493977698,0.4458678009582862,323
V4,377.5,Lower quintile,0.3252950093345199,0.1916773634369356,0.44193875292557994,323
V4,380.0,Lower quintile,0.3228132306774068,0.18900439333384123,0.44497968723452674,323
V4,382.5,Lower quintile,0.31861413506978326,0.18765954953532374,0.4451968519344126,323
V4,385.0,Lower quintile,0.3222797946181665,0.1883290631458041,0.44738182112441566,323
V4,387.5,Lower quintile,0.3175334902170582,0.18720663695286305,0.44415511549983655,323
V4,390.0,Lower quintile,0.3184166875833919,0.1893764417808512,0.4497559932863515,323
V4,392.5,Lower quintile,0.31775117658508006,0.18707490298707172,0.4503202326110939,323
V4,395.0,Lower quintile,0.3179943474366579,0.18290437962002715,0.4503432113822822,323
V4,397.5,Lower quintile,0.3196855075741252,0.18599328735745146,0.44979451251291835,323
V4,400.0,Lower quintile,0.31843451579886745,0.1853782304342823,0.4512774634989203,323
V4,402.5,Lower quintile,0.3158037183246181,0.18522572104215096,0.4517502873297532,323
V4,405.0,Lower quintile,0.3158037183246181,0.18307762994076238,0.4539264080114909,323
V4,407.5,Lower quintile,0.32204819990672023,0.181790443323434,0.45503890028638994,323
V4,410.0,Lower quintile,0.31840705991847223,0.18298008873778462,0.45219190219477895,323
V4,412.5,Lower quintile,0.3160415135761738,0.18317688496463308,0.45134042096190735,323
V4,415.0,Lower quintile,0.3136288093022199,0.1823750484941956,0.4514542529599383,323
V4,417.5,Lower quintile,0.3133140911523591,0.18291931187272326,0.4555452078345469,323
V4,420.0,Lower quintile,0.3160415135761738,0.180848741311509,0.45490983543979724,323
V4,422.5,Lower quintile,0.3142195534134709,0.18141143000589366,0.45816758810488156,323
V4,425.0,Lower quintile,0.313475598840469,0.18064789526234348,0.45920617593241,323
V4,427.5,Lower quintile,0.31549583316300067,0.18097812270177738,0.4561093313143456,323
V4,430.0,Lower quintile,0.3115491576500526,0.18061911216666188,0.45627212271021805,323
V4,432.5,Lower quintile,0.3111682630217894,0.18338557719721452,0.4565902854012496,323
V4,435.0,Lower quintile,0.31435107475555146,0.1840328944148768,0.4530397348684857,323
V4,437.5,Lower quintile,0.31203473825252964,0.18281021061552385,0.4493934755206511,323
V4,440.0,Lower quintile,0.3099859195296975,0.1825600130742929,0.44597291757707147,323
V4,442.5,Lower quintile,0.30952002224784086,0.18356141769260986,0.4486559151673202,323
V4,445.0,Lower quintile,0.30837940882068077,0.1844629387086687,0.44494302598343793,323
V4,447.5,Lower quintile,0.3078278469584397,0.1829478665416354,0.4417060695477414,323
V4,450.0,Lower quintile,0.30844144411411484,0.18345419630987353,0.4416485445889292,323
V4,452.5,Lower quintile,0.3098975613823508,0.18323815152920503,0.44321756092950465,323
V4,455.0,Lower quintile,0.3091495088845585,0.18121797235991263,0.44494973115172354,323
V4,457.5,Lower quintile,0.30990631567340576,0.18164609122805403,0.4474316957534534,323
V4,460.0,Lower quintile,0.3108661870959012,0.18270262831643475,0.4445424255005461,323
V4,462.5,Lower quintile,0.3114988994735092,0.18313459150471692,0.4462867182017803,323
V4,465.0,Lower quintile,0.31150924085788495,0.1826330013505987,0.44272619798403806,323
V4,467.5,Lower quintile,0.311611790704917,0.1832415756861635,0.4442425788817107,323
V4,470.0,Lower quintile,0.3120430603277201,0.18441101739163626,0.4504927398843538,323
V4,472.5,Lower quintile,0.3114118588390917,0.18390818052143698,0.4557470869441803,323
V4,475.0,Lower quintile,0.3110580942071337,0.18602872540452364,0.4541049617846129,323
V4,477.5,Lower quintile,0.30829869470813487,0.1872802912618294,0.45377043782471754,323
V4,480.0,Lower quintile,0.31006614086430534,0.18554125901512047,0.4498484733928202,323
V4,482.5,Lower quintile,0.3098722375153579,0.18512354547561422,0.45228900773214653,323
V4,485.0,Lower quintile,0.31150924085788495,0.18495936399310675,0.4542694842271462,323
V4,487.5,Lower quintile,0.31150924085788495,0.1848702470360609,0.45483526521036866,323
V4,490.0,Lower quintile,0.3106060252710165,0.1842186207772294,0.4527460339606434,323
V4,492.5,Lower quintile,0.3097046055426355,0.18359046169098603,0.4494683813150591,323
V4,495.0,Lower quintile,0.3091495088845585,0.18440599733873386,0.45002150701581956,323
V4,497.5,Lower quintile,0.3106292405503935,0.1844456089922059,0.4493444569788465,323
V5,-500.0,Lower quintile,0.22497337473940796,0.13270235635629113,0.3519038578065337,323
V5,-497.5,Lower quintile,0.22171566441375645,0.13224219008898147,0.3490192719238053,323
V5,-495.0,Lower quintile,0.22523797551668004,0.1329998910984436,0.3448670591645155,323
V5,-492.5,Lower quintile,0.22552047812550502,0.1304225146901073,0.3446370130306209,323
V5,-490.0,Lower quintile,0.2287339041349301,0.12884820223668184,0.34508200298874936,323
V5,-487.5,Lower quintile,0.2260607817499466,0.12973379042233268,0.3444216371282123,323
V5,-485.0,Lower quintile,0.22841221967749298,0.13139801861607764,0.3462704208602551,323
V5,-482.5,Lower quintile,0.2320804807506484,0.13197890182993716,0.34179184071939456,323
V5,-480.0,Lower quintile,0.22768969296741942,0.12952175265022325,0.3407751967764179,323
V5,-477.5,Lower quintile,0.23069222773739234,0.12875454768283418,0.3371818655950671,323
V5,-475.0,Lower quintile,0.235321228841539,0.12664170762924631,0.3334150273401414,323
V5,-472.5,Lower quintile,0.23329884308855686,0.12810248365249055,0.33584159207396547,323
V5,-470.0,Lower quintile,0.23111941642731268,0.12649419388262864,0.3319874783639987,323
V5,-467.5,Lower quintile,0.23323914907551896,0.12679448071926885,0.33358557539213507,323
V5,-465.0,Lower quintile,0.23381291530682205,0.12423344607825201,0.3327137954474004,323
V5,-462.5,Lower quintile,0.226985598371526,0.1242945427618096,0.33088747637399457,323
V5,-460.0,Lower quintile,0.22962427614035252,0.12070085707756306,0.3296507722554751,323
V5,-457.5,Lower quintile,0.23054215491401345,0.12209574259541983,0.3315308587286384,323
V5,-455.0,Lower quintile,0.22642941623994206,0.12259376843304315,0.34519551270114057,323
V5,-452.5,Lower quintile,0.22604520448509877,0.12221250139798681,0.3391197923756595,323
V5,-450.0,Lower quintile,0.22778086390419638,0.12246018394685212,0.34542284470094536,323
V5,-447.5,Lower quintile,0.22472057705476708,0.12351669195080464,0.33552659507691995,323
V5,-445.0,Lower quintile,0.22482844073386296,0.12255921521776683,0.33794529455628214,323
V5,-442.5,Lower quintile,0.22396838191559887,0.11866077652387344,0.34739095129352193,323
V5,-440.0,Lower quintile,0.2206307409819613,0.11880735405609152,0.34687750296149866,323
V5,-437.5,Lower quintile,0.2217547407173741,0.12201902112990534,0.35027726241795254,323
V5,-435.0,Lower quintile,0.22469674328442032,0.12129754826405535,0.3458452303094132,323
V5,-432.5,Lower quintile,0.22249414118975863,0.1195223284539115,0.35010529025183235,323
V5,-430.0,Lower quintile,0.2212886537941603,0.12270693251249667,0.34754090762703826,323
V5,-427.5,Lower quintile,0.22204369951972747,0.12110319503249098,0.34599361470815526,323
V5,-425.0,Lower quintile,0.22156401526578903,0.120876306189137,0.3502113140059969,323
V5,-422.5,Lower quintile,0.2224672611249542,0.12149357177250718,0.34651916596105603,323
V5,-420.0,Lower quintile,0.22117382983186823,0.11995044694073428,0.3399739567491254,323
V5,-417.5,Lower quintile,0.2232005377706626,0.12215307842441528,0.3379394820873783,323
V5,-415.0,Lower quintile,0.223398151549231,0.11896287716653701,0.33907754666516565,323
V5,-412.5,Lower quintile,0.2208182176980369,0.11583135592937144,0.33140983250619366,323
V5,-410.0,Lower quintile,0.21989691405568665,0.12138126969901632,0.33270505053369354,323
V5,-407.5,Lower quintile,0.219554462721544,0.12279784817620915,0.32810774342865556,323
V5,-405.0,Lower quintile,0.22087021560960887,0.11742504242761098,0.3229251788380485,323
V5,-402.5,Lower quintile,0.21575501837653344,0.1208546996599763,0.32603169283628053,323
V5,-400.0,Lower quintile,0.21796392080669116,0.1193153494180693,0.32762961838385596,323
V5,-397.5,Lower quintile,0.2174588807669933,0.12071325562434443,0.32514506429212087,323
V5,-395.0,Lower quintile,0.21519815784817467,0.11777862200723652,0.3266727923000696,323
V5,-392.5,Lower quintile,0.21567594396202305,0.11665487187525841,0.32516828193061237,323
V5,-390.0,Lower quintile,0.21327885737789384,0.12122135382891927,0.32639744034762946,323
V5,-387.5,Lower quintile,0.21083728138170846,0.11668474177648513,0.32766100545532073,323
V5,-385.0,Lower quintile,0.21450233525087797,0.11908718063235041,0.3251519421527481,323
V5,-382.5,Lower quintile,0.21593058407447246,0.11587594177321833,0.32798159541447147,323
V5,-380.0,Lower quintile,0.20879279112279966,0.1180228890979981,0.32430939331040665,323
V5,-377.5,Lower quintile,0.20871172923799314,0.11961528991427059,0.3183751939039713,323
V5,-375.0,Lower quintile,0.21215240249787928,0.11940466876514993,0.3191293103321546,323
V5,-372.5,Lower quintile,0.211124607444785,0.1159519950443168,0.31724854856800494,323
V5,-370.0,Lower quintile,0.20759084726750698,0.11661288137573442,0.3161683895994559,323
V5,-367.5,Lower quintile,0.21468724882650633,0.11877613251980074,0.3145696583911054,323
V5,-365.0,Lower quintile,0.2097057300715241,0.11966170912303745,0.3144346704057127,323
V5,-362.5,Lower quintile,0.20475989317328405,0.11535861146116069,0.3199786468740443,323
V5,-360.0,Lower quintile,0.2126743498145892,0.1212560127943163,0.31787850640847304,323
V5,-357.5,Lower quintile,0.20846638064378964,0.11986557355397565,0.3179647475554092,323
V5,-355.0,Lower quintile,0.21114894435544754,0.11655637100777458,0.3227915520433601,323
V5,-352.5,Lower quintile,0.21436709379646987,0.11577690664898677,0.31840331902832963,323
V5,-350.0,Lower quintile,0.21517098721283617,0.11485931672206301,0.31468101616211575,323
V5,-347.5,Lower quintile,0.21436193484300634,0.1125395609821841,0.31247579492273514,323
V5,-345.0,Lower quintile,0.20789975113816836,0.11344885936537263,0.3160606619132132,323
V5,-342.5,Lower quintile,0.20972310634179758,0.1124721450414726,0.3203604879441935,323
V5,-340.0,Lower quintile,0.20670391671611532,0.11208991303502928,0.31640070673168086,323
V5,-337.5,Lower quintile,0.2036545678601342,0.10745494333660943,0.31604552211045245,323
V5,-335.0,Lower quintile,0.2030331059732561,0.11159750235895541,0.3146334146699853,323
V5,-332.5,Lower quintile,0.20545338362436502,0.11104875063805116,0.316256847077108,323
V5,-330.0,Lower quintile,0.21180188797720756,0.11094311841758067,0.31525130990522,323
V5,-327.5,Lower quintile,0.20682847384610956,0.10953329091840003,0.3111364568562091,323
V5,-325.0,Lower quintile,0.20858544906788942,0.11160027816938094,0.3129691988834727,323
V5,-322.5,Lower quintile,0.2083465264303266,0.10920251229954121,0.3130577084480432,323
V5,-320.0,Lower quintile,0.20767443393499035,0.11006691701448622,0.31432513438511983,323
V5,-317.5,Lower quintile,0.2083374012510282,0.10878103163618205,0.3161626719106304,323
V5,-315.0,Lower quintile,0.20764980532836208,0.10756293131478256,0.3177697784236649,323
V5,-312.5,Lower quintile,0.20568425290627904,0.1069016798421833,0.31772561071429395,323
V5,-310.0,Lower quintile,0.20557434179646072,0.10601399852230758,0.31451754650650554,323
V5,-307.5,Lower quintile,0.20943727226496583,0.10584600804002678,0.3156012160155836,323
V5,-305.0,Lower quintile,0.2066580185605295,0.10337938814435266,0.31581289233364307,323
V5,-302.5,Lower quintile,0.20640747355418804,0.1050680073792504,0.3129265539438296,323
V5,-300.0,Lower quintile,0.20221919838340527,0.10863750334036998,0.31510090371464194,323
V5,-297.5,Lower quintile,0.20384405762735774,0.10800100869079513,0.3187077266210878,323
V5,-295.0,Lower quintile,0.2051457310810647,0.10723713814070353,0.3168004042382962,323
V5,-292.5,Lower quintile,0.20147663992746054,0.11271095622661059,0.3158536662870316,323
V5,-290.0,Lower quintile,0.20139106656078035,0.10898957132980466,0.3149731604251881,323
V5,-287.5,Lower quintile,0.2012593057022658,0.10805261179007838,0.31607286005977375,323
V5,-285.0,Lower quintile,0.20304597035215752,0.10950349716883256,0.3135316646167827,323
V5,-282.5,Lower quintile,0.2024829590458585,0.10872533935792689,0.31378128835106006,323
V5,-280.0,Lower quintile,0.20213918029366537,0.10508066866750744,0.3123182053282635,323
V5,-277.5,Lower quintile,0.20568246123467784,0.1091285130120358,0.31283054548513356,323
V5,-275.0,Lower quintile,0.2042033532824415,0.10998625266079795,0.3143845208047281,323
V5,-272.5,Lower quintile,0.20570062918052037,0.1077084285483774,0.3173432881627096,323
V5,-270.0,Lower quintile,0.2065397051497228,0.11029667964348308,0.317134834031083,323
V5,-267.5,Lower quintile,0.20625883829145295,0.1136925265530355,0.3169997031609825,323
V5,-265.0,Lower quintile,0.20472130071799638,0.11344782350185334,0.31864311726303063,323
V5,-262.5,Lower quintile,0.20443395292804473,0.11451417828717037,0.3164108255621775,323
V5,-260.0,Lower quintile,0.20716464753788438,0.11556150804949639,0.31442110179714833,323
V5,-257.5,Lower quintile,0.20553411730887516,0.11482654768486879,0.31629096201823165,323
V5,-255.0,Lower quintile,0.20554943568601344,0.11357748314852681,0.31668083168947636,323
V5,-252.5,Lower quintile,0.20480454233606396,0.1137028150317793,0.3177378953063564,323
V5,-250.0,Lower quintile,0.20636617756559003,0.11545369843292716,0.3207914383385789,323
V5,-247.5,Lower quintile,0.20195215840326053,0.11328333642761387,0.32027821132240863,323
V5,-245.0,Lower quintile,0.20546778046047962,0.11698564748203295,0.3186577546162924,323
V5,-242.5,Lower quintile,0.20411588294460678,0.1194330009588076,0.3174464586892732,323
V5,-240.0,Lower quintile,0.2027770874513577,0.11892855347693707,0.3186607138144033,323
V5,-237.5,Lower quintile,0.20310171255298248,0.11698098315540964,0.32045315430899,323
V5,-235.0,Lower quintile,0.2044659566548887,0.12122679988826476,0.3194946816710783,323
V5,-232.5,Lower quintile,0.2069733043127374,0.11839780801273994,0.3223770098219108,323
V5,-230.0,Lower quintile,0.20483700711152963,0.1184304547444297,0.32626461544044566,323
V5,-227.5,Lower quintile,0.20528232929379012,0.1196665516373226,0.3286971588957738,323
V5,-225.0,Lower quintile,0.20701436233289236,0.12100729667347185,0.32700840516347074,323
V5,-222.5,Lower quintile,0.20926255609376038,0.11888336867063956,0.31990098770650166,323
V5,-220.0,Lower quintile,0.2052787698834085,0.12130113050222628,0.3287928113689125,323
V5,-217.5,Lower quintile,0.2097709678954038,0.1204115829630305,0.32509712874036184,323
V5,-215.0,Lower quintile,0.20738282383404288,0.12214984218347533,0.32933138763477254,323
V5,-212.5,Lower quintile,0.2081091600343523,0.1209881667912616,0.32675909828081806,323
V5,-210.0,Lower quintile,0.21128300308246317,0.12320717746125442,0.32932133605093133,323
V5,-207.5,Lower quintile,0.2104270412461951,0.12405353996317933,0.33478018588522257,323
V5,-205.0,Lower quintile,0.20585880784510088,0.12107771544503622,0.33506694297181233,323
V5,-202.5,Lower quintile,0.21175576413917033,0.12582204458142998,0.3341924418043464,323
V5,-200.0,Lower quintile,0.21155524471753087,0.1287526227159792,0.3343310643184025,323
V5,-197.5,Lower quintile,0.20409442789847854,0.126784704797751,0.3377420925068973,323
V5,-195.0,Lower quintile,0.20793147457133893,0.12568421100678123,0.33708442508935654,323
V5,-192.5,Lower quintile,0.21205973483493917,0.1286361027479916,0.33561453358422744,323
V5,-190.0,Lower quintile,0.21193015548475214,0.12673549957007713,0.3400174461554251,323
V5,-187.5,Lower quintile,0.21332168774074967,0.12559152955164557,0.3383421598982034,323
V5,-185.0,Lower quintile,0.21592883944697683,0.12315408712025881,0.33773860685935514,323
V5,-182.5,Lower quintile,0.2169167709393522,0.12724971395402854,0.3426887555478814,323
V5,-180.0,Lower quintile,0.21683025448840873,0.12782417600664675,0.3430771197865491,323
V5,-177.5,Lower quintile,0.22071134304145423,0.1273342113701726,0.34033288245657634,323
V5,-175.0,Lower quintile,0.22324041871236827,0.13125094184701627,0.33855521715632886,323
V5,-172.5,Lower quintile,0.22084326090700643,0.13017591963648578,0.3335711385367425,323
V5,-170.0,Lower quintile,0.22149235693270494,0.1330279056865945,0.33484439512388087,323
V5,-167.5,Lower quintile,0.22746336823134466,0.13640580927413332,0.33651647828576614,323
V5,-165.0,Lower quintile,0.22813034625385753,0.1335599270559394,0.33469389421253215,323
V5,-162.5,Lower quintile,0.22628236963246934,0.13216026373055906,0.33155021032119825,323
V5,-160.0,Lower quintile,0.23079859730337196,0.1338213967590054,0.333618633044933,323
V5,-157.5,Lower quintile,0.2306683475147746,0.13179787770067086,0.3357598358052174,323
V5,-155.0,Lower quintile,0.2291623153667995,0.13559723570211474,0.34371042516364436,323
V5,-152.5,Lower quintile,0.22948034694077069,0.13636534338098577,0.34552499041453744,323
V5,-150.0,Lower quintile,0.23258914962308294,0.13612011551590897,0.3458535575337332,323
V5,-147.5,Lower quintile,0.23035571617370504,0.13935709014729375,0.3437391896942112,323
V5,-145.0,Lower quintile,0.2257211001965638,0.14051575747280276,0.33695310288166747,323
V5,-142.5,Lower quintile,0.22741893681038713,0.13712718175936595,0.33881676028303376,323
V5,-140.0,Lower quintile,0.22494907471898878,0.13841246202699253,0.34026770836483033,323
V5,-137.5,Lower quintile,0.2226224570368898,0.1390995161263014,0.3319657897903463,323
V5,-135.0,Lower quintile,0.2184391072221851,0.13689492207031326,0.3337651778789579,323
V5,-132.5,Lower quintile,0.21812731399383403,0.13856008943879145,0.3371028781858413,323
V5,-130.0,Lower quintile,0.21796119748790752,0.13863694035246057,0.3348987762439448,323
V5,-127.5,Lower quintile,0.21708761497737541,0.13816470816538373,0.32872966763278283,323
V5,-125.0,Lower quintile,0.21827818167888302,0.1352536651825594,0.3255939888255226,323
V5,-122.5,Lower quintile,0.21744349989537579,0.1307673426214931,0.3262209405266844,323
V5,-120.0,Lower quintile,0.21642995937765735,0.12830401398771327,0.32591567787917497,323
V5,-117.5,Lower quintile,0.21381868355920264,0.12649347963446805,0.3291765350535677,323
V5,-115.0,Lower quintile,0.21304649924374763,0.1243944881164957,0.3267507243471046,323
V5,-112.5,Lower quintile,0.20915375432326602,0.12357003541847808,0.3147985263338493,323
V5,-110.0,Lower quintile,0.2094509604501144,0.12207670084733273,0.31674124189246267,323
V5,-107.5,Lower quintile,0.21000934650796063,0.12210052583469756,0.31742137788876695,323
V5,-105.0,Lower quintile,0.20777442458393314,0.11876500005282198,0.31368090361077433,323
V5,-102.5,Lower quintile,0.20547617911344826,0.11059411547939549,0.31574206317014974,323
V5,-100.0,Lower quintile,0.20590842206334,0.11684916057804323,0.3178600336463847,323
V5,-97.5,Lower quintile,0.20567375924875714,0.1128086293162088,0.31909241831164764,323
V5,-95.0,Lower quintile,0.204755164365072,0.11038026987795475,0.31385837281457535,323
V5,-92.5,Lower quintile,0.20233268255314724,0.11095408248611723,0.3145783991451066,323
V5,-90.0,Lower quintile,0.20154429487147654,0.11143147486180616,0.30840536767467697,323
V5,-87.5,Lower quintile,0.20121110523457889,0.1113214706866073,0.306662444337006,323
V5,-85.0,Lower quintile,0.19619602470684813,0.10863341946066257,0.3055028255952298,323
V5,-82.5,Lower quintile,0.19560438764010638,0.10969635977125627,0.3047685221683033,323
V5,-80.0,Lower quintile,0.19339313755120927,0.11080465608825643,0.3050625122497393,323
V5,-77.5,Lower quintile,0.19463553388293228,0.10834960154191439,0.30227357883975103,323
V5,-75.0,Lower quintile,0.19438915793625314,0.10813951061041789,0.2994800549980041,323
V5,-72.5,Lower quintile,0.1948805025540766,0.10574385912243947,0.29323621730883254,323
V5,-70.0,Lower quintile,0.18422977376965763,0.09974175635777839,0.29233246792997625,323
V5,-67.5,Lower quintile,0.1836140941048093,0.10286926893067533,0.2991479495129594,323
V5,-65.0,Lower quintile,0.19159692811751514,0.10466496547585247,0.30578174132577235,323
V5,-62.5,Lower quintile,0.18970901350728658,0.10412041449208284,0.2986478771454214,323
V5,-60.0,Lower quintile,0.19324993016201508,0.10490663493345276,0.30282516781150065,323
V5,-57.5,Lower quintile,0.1933534606873982,0.10437101278246863,0.30620020846282703,323
V5,-55.0,Lower quintile,0.19018290925549144,0.09987265703442666,0.30188610161751717,323
V5,-52.5,Lower quintile,0.19254238661042894,0.10026278750903747,0.2998022556273469,323
V5,-50.0,Lower quintile,0.19225523132230976,0.10373556529801803,0.3079505283256703,323
V5,-47.5,Lower quintile,0.19600161648234984,0.10367267817405906,0.3097548468341168,323
V5,-45.0,Lower quintile,0.19572535435647964,0.10328155410866285,0.3079411526344137,323
V5,-42.5,Lower quintile,0.20578704488111588,0.09777380973211,0.31165980453857844,323
V5,-40.0,Lower quintile,0.20482973942877397,0.10182923538251538,0.3275890506782574,323
V5,-37.5,Lower quintile,0.20348289078272352,0.09847562092988621,0.3282524993119654,323
V5,-35.0,Lower quintile,0.20123467566347678,0.1031120884852729,0.33585929370213696,323
V5,-32.5,Lower quintile,0.2068108108487415,0.1089758463691039,0.34627828316421955,323
V5,-30.0,Lower quintile,0.21420693790428244,0.12709721600078613,0.3495690058930047,323
V5,-27.5,Lower quintile,0.24206202757774312,0.152736289720114,0.37114360372007094,323
V5,-25.0,Lower quintile,0.2899363202041477,0.1771731085543854,0.4298408802420757,323
V5,-22.5,Lower quintile,0.356214874192171,0.21557590585764952,0.5164865300373263,323
V5,-20.0,Lower quintile,0.43005619763354436,0.2679449390051175,0.6090137470366026,323
V5,-17.5,Lower quintile,0.5238646730875022,0.3554723877970687,0.7150107744836134,323
V5,-15.0,Lower quintile,0.6302376685806222,0.45996054532830477,0.8189618039268676,323
V5,-12.5,Lower quintile,0.7582469132795737,0.5616286756944642,0.9047932281670847,323
V5,-10.0,Lower quintile,0.843120855096822,0.664732669341301,0.9506121039636473,323
V5,-7.5,Lower quintile,0.906289339121922,0.7499745363202326,0.9783143216150714,323
V5,-5.0,Lower quintile,0.9248420428580193,0.7904972159412591,0.9879652176482986,323
V5,-2.5,Lower quintile,0.9124038892533461,0.7607506012268568,0.977564783426944,323
V5,0.0,Lower quintile,0.8274595924791802,0.6293967029827302,0.9474585761866998,323
V5,2.5,Lower quintile,0.7154565959469142,0.47771790380433365,0.8732620235822608,323
V5,5.0,Lower quintile,0.558356545684769,0.3347323113846299,0.7817419834837469,323
V5,7.5,Lower quintile,0.3950642647521493,0.20940914322118054,0.6257534371068879,323
V5,10.0,Lower quintile,0.25638004944570114,0.11378477601245962,0.476674927255893,323
V5,12.5,Lower quintile,0.15470126536253645,0.05556466991861059,0.31789732470547993,323
V5,15.0,Lower quintile,0.08637920553764229,0.0198881291035172,0.20048305091600702,323
V5,17.5,Lower quintile,0.048893651844829966,0.00812998139947589,0.1371100012146847,323
V5,20.0,Lower quintile,0.04649997788561701,0.010123147325158439,0.11787978950901752,323
V5,22.5,Lower quintile,0.05219410455804545,0.019164604363394025,0.12140209658141554,323
V5,25.0,Lower quintile,0.07456473141722611,0.029166529968322398,0.15293441275153835,323
V5,27.5,Lower quintile,0.09447743033766215,0.04302241616571368,0.17504035075625307,323
V5,30.0,Lower quintile,0.1116801977686563,0.0580917134315244,0.19423537180512296,323
V5,32.5,Lower quintile,0.12648741120359736,0.06969538893256039,0.20814974769908767,323
V5,35.0,Lower quintile,0.14384562769414724,0.07784641211851699,0.22290500504163002,323
V5,37.5,Lower quintile,0.15619073344666853,0.08011431364269483,0.23627459728057953,323
V5,40.0,Lower quintile,0.16369288444915941,0.08172047540801554,0.25036215484030955,323
V5,42.5,Lower quintile,0.1722281475797428,0.08427550300206613,0.2627822607543267,323
V5,45.0,Lower quintile,0.1760813157681166,0.08888788098626535,0.27120568976942677,323
V5,47.5,Lower quintile,0.17696327564672107,0.09472023346113008,0.27387180622021207,323
V5,50.0,Lower quintile,0.17591888788814694,0.09181891005101964,0.2750489317007373,323
V5,52.5,Lower quintile,0.17833367018929502,0.09021897989140126,0.2754520992291378,323
V5,55.0,Lower quintile,0.17844685021074055,0.09066428742236023,0.27530699377324086,323
V5,57.5,Lower quintile,0.1902490642196522,0.08933196899149393,0.27974488628557653,323
V5,60.0,Lower quintile,0.19226434859525118,0.08980502717196151,0.2774241543396444,323
V5,62.5,Lower quintile,0.18503484726295494,0.09255084165133204,0.277717905654985,323
V5,65.0,Lower quintile,0.19044899159427842,0.0909432564096902,0.2821730269185148,323
V5,67.5,Lower quintile,0.19264042145261023,0.09125262081245367,0.2873973914830814,323
V5,70.0,Lower quintile,0.1929952555649362,0.09586049258067011,0.2965899296166076,323
V5,72.5,Lower quintile,0.19475183061104967,0.10109323115066857,0.301164866170035,323
V5,75.0,Lower quintile,0.19923090051377718,0.10431109272353098,0.30076736563873946,323
V5,77.5,Lower quintile,0.1993673317453004,0.10857264074705228,0.3018312404752088,323
V5,80.0,Lower quintile,0.1969746746979713,0.11060620753108515,0.30055291110534893,323
V5,82.5,Lower quintile,0.2027206996430429,0.1122550556723045,0.3045719210167833,323
V5,85.0,Lower quintile,0.20396502460220145,0.11177966220692395,0.30517036400854997,323
V5,87.5,Lower quintile,0.20491309530291796,0.11208863841983852,0.3001686326284655,323
V5,90.0,Lower quintile,0.20277190894755415,0.11325876889244063,0.3157060684172163,323
V5,92.5,Lower quintile,0.20382041684947214,0.11216143876706197,0.31734216759083433,323
V5,95.0,Lower quintile,0.19969910251316478,0.1112576202385407,0.3182840330449897,323
V5,97.5,Lower quintile,0.20198605162267327,0.11057535590859321,0.32006554052529423,323
V5,100.0,Lower quintile,0.2054060308173883,0.1147783463334055,0.3237288986593231,323
V5,102.5,Lower quintile,0.20360450464452595,0.11332852027534161,0.32081012432415634,323
V5,105.0,Lower quintile,0.20322121342577418,0.1108348235136538,0.32047370341155945,323
V5,107.5,Lower quintile,0.20486083055980922,0.11333813488429906,0.31774775569591773,323
V5,110.0,Lower quintile,0.20498987514587108,0.11491543755815756,0.31782442665102284,323
V5,112.5,Lower quintile,0.20618833046359994,0.11390950069390049,0.323227752543311,323
V5,115.0,Lower quintile,0.20663852612260694,0.11322206412499472,0.3183853804454274,323
V5,117.5,Lower quintile,0.21093148942879,0.11549008942134795,0.3202463755499464,323
V5,120.0,Lower quintile,0.21236181098536228,0.11923195688373456,0.3274891611124303,323
V5,122.5,Lower quintile,0.2120235296602932,0.12070271898494314,0.3254634020049223,323
V5,125.0,Lower quintile,0.21245809773919902,0.11922436457751395,0.32754587773343846,323
V5,127.5,Lower quintile,0.21054376241666323,0.1199016098287776,0.3258497643323899,323
V5,130.0,Lower quintile,0.21138487341912068,0.12217956479465991,0.32812459263146354,323
V5,132.5,Lower quintile,0.21480266650400098,0.1246030954040297,0.3311637949577848,323
V5,135.0,Lower quintile,0.21701394495045956,0.12563056182865268,0.32874804572023836,323
V5,137.5,Lower quintile,0.21683943418626014,0.12780116938234087,0.3278415346431863,323
V5,140.0,Lower quintile,0.2147188956663898,0.1260219781869344,0.32795119135688233,323
V5,142.5,Lower quintile,0.2160234533461216,0.13005450955061176,0.33194037578060004,323
V5,145.0,Lower quintile,0.21659945620796126,0.12581204054612577,0.32868796396064753,323
V5,147.5,Lower quintile,0.21584535608408342,0.12711135833714815,0.33556932773921205,323
V5,150.0,Lower quintile,0.215191889601528,0.12575896352082575,0.32949695481358765,323
V5,152.5,Lower quintile,0.21685155077698112,0.12572942948166105,0.328974682286279,323
V5,155.0,Lower quintile,0.21729085643431342,0.1255921054966246,0.3346989094955669,323
V5,157.5,Lower quintile,0.21931077178868988,0.12804445197066394,0.3371002735021296,323
V5,160.0,Lower quintile,0.21970632496444573,0.1291565842066751,0.33784131956509234,323
V5,162.5,Lower quintile,0.2212358196715323,0.12986623853704238,0.3432543669231877,323
V5,165.0,Lower quintile,0.2244943923023855,0.13317043384423538,0.34784645755761356,323
V5,167.5,Lower quintile,0.22526113153350996,0.13425454044281254,0.3464740276503133,323
V5,170.0,Lower quintile,0.22328812686193208,0.13356719428828087,0.3477373305585839,323
V5,172.5,Lower quintile,0.22757713969507234,0.13618345389637648,0.34676125790592527,323
V5,175.0,Lower quintile,0.229301052600855,0.14045466180873376,0.3510464174541398,323
V5,177.5,Lower quintile,0.23071952889212927,0.14213994561810228,0.3494817696240861,323
V5,180.0,Lower quintile,0.2317147484573165,0.14484147877525927,0.35702495946254287,323
V5,182.5,Lower quintile,0.2369819707184733,0.1457550233098122,0.35070106131751705,323
V5,185.0,Lower quintile,0.24009818565231625,0.15028700802795536,0.35437612598869106,323
V5,187.5,Lower quintile,0.24475068318318108,0.1518301968220405,0.3640769974974738,323
V5,190.0,Lower quintile,0.248358551688974,0.1529411087083662,0.3632682236994854,323
V5,192.5,Lower quintile,0.25194159656386833,0.1537442802049978,0.36682726183171116,323
V5,195.0,Lower quintile,0.2513966802610889,0.15788008017764493,0.37226628935269157,323
V5,197.5,Lower quintile,0.25493186235668885,0.1609619018486123,0.37166768622927226,323
V5,200.0,Lower quintile,0.25756569775660887,0.15820316692012895,0.3786225865244885,323
V5,202.5,Lower quintile,0.25993236537377123,0.16307459816850772,0.3825539967492908,323
V5,205.0,Lower quintile,0.260290593075058,0.16540727417590761,0.3852776677667696,323
V5,207.5,Lower quintile,0.26565343285849063,0.16786921547043548,0.3848758542623587,323
V5,210.0,Lower quintile,0.26636905254384163,0.16871504301317986,0.39002679170299104,323
V5,212.5,Lower quintile,0.2690902108558778,0.16944343201116796,0.3954287063341589,323
V5,215.0,Lower quintile,0.26981090060017204,0.17069826350719364,0.3981182589332836,323
V5,217.5,Lower quintile,0.2734045349739326,0.17384406040198,0.3995213243347606,323
V5,220.0,Lower quintile,0.27660511403671767,0.18102901713690622,0.40180893513840843,323
V5,222.5,Lower quintile,0.2810279234632755,0.18154008094209867,0.41279181415409955,323
V5,225.0,Lower quintile,0.28703218407612385,0.1861789036346444,0.40743729669083895,323
V5,227.5,Lower quintile,0.29021605262285727,0.18894132427012994,0.40743589858412993,323
V5,230.0,Lower quintile,0.2950655925775529,0.18811796965281208,0.4105557720404256,323
V5,232.5,Lower quintile,0.3025387377501674,0.19215703673141382,0.4190561891720509,323
V5,235.0,Lower quintile,0.30664929553352493,0.19390333548861022,0.4242923861446879,323
V5,237.5,Lower quintile,0.30871773078679665,0.20147820792040955,0.4279445140092266,323
V5,240.0,Lower quintile,0.3122493937543029,0.20421054563935986,0.43268010772492593,323
V5,242.5,Lower quintile,0.31545250097547334,0.20196845058385265,0.4358548067615784,323
V5,245.0,Lower quintile,0.31388253884974127,0.20763424296360244,0.42988466018626714,323
V5,247.5,Lower quintile,0.31857917568678545,0.20932874082289676,0.4354252722247415,323
V5,250.0,Lower quintile,0.3243280904084757,0.21123406850507986,0.44100041360249664,323
V5,252.5,Lower quintile,0.31868556994737113,0.21759494537957763,0.43959959901571943,323
V5,255.0,Lower quintile,0.3173874429686427,0.21912234865761304,0.4415445789405883,323
V5,257.5,Lower quintile,0.3233843047847875,0.22143162716819337,0.4433110792786827,323
V5,260.0,Lower quintile,0.3215067781347191,0.22102271747799518,0.44406985393100457,323
V5,262.5,Lower quintile,0.31643847628271515,0.2211293912605552,0.4471613155510238,323
V5,265.0,Lower quintile,0.31810096253796044,0.22054434656942223,0.4485507321068728,323
V5,267.5,Lower quintile,0.32026687286322586,0.21898039186583934,0.44834807977139446,323
V5,270.0,Lower quintile,0.31580051977596635,0.21691541877667764,0.4452371083781731,323
V5,272.5,Lower quintile,0.31998459106338084,0.21884529997252522,0.4435059048788835,323
V5,275.0,Lower quintile,0.32087206463737056,0.21802928476252997,0.44132138804669424,323
V5,277.5,Lower quintile,0.3193244846260295,0.21619278124709418,0.4404374303142233,323
V5,280.0,Lower quintile,0.3210417872639947,0.20699094243970764,0.4415149797496697,323
V5,282.5,Lower quintile,0.32428568715643774,0.21369012553870886,0.4399390735376991,323
V5,285.0,Lower quintile,0.3213318673387041,0.21091822329253107,0.4377682231737655,323
V5,287.5,Lower quintile,0.31675307446113915,0.20198704254927596,0.4338164875385896,323
V5,290.0,Lower quintile,0.31399818925356326,0.1951903402262286,0.4324429938103527,323
V5,292.5,Lower quintile,0.308168433789534,0.1981007505993762,0.4274524416763237,323
V5,295.0,Lower quintile,0.3051282333076624,0.19392931260364032,0.42283567215783957,323
V5,297.5,Lower quintile,0.3045309495479789,0.19616881145515905,0.41623005077392294,323
V5,300.0,Lower quintile,0.2990616747341339,0.1963124677987491,0.4182663372111461,323
V5,302.5,Lower quintile,0.2963631984461012,0.19412276762294978,0.4151790080394425,323
V5,305.0,Lower quintile,0.2908072069839247,0.18939698739872887,0.41292833178600175,323
V5,307.5,Lower quintile,0.29025492182988855,0.19257489572810935,0.40842429137468406,323
V5,310.0,Lower quintile,0.285454215701907,0.19177109894712335,0.40591098933430636,323
V5,312.5,Lower quintile,0.2806420309582298,0.18658697751869713,0.4045158480834301,323
V5,315.0,Lower quintile,0.2758100566183438,0.1846480985347525,0.40009931213827077,323
V5,317.5,Lower quintile,0.27093104658470063,0.18504008662167576,0.3962544295335889,323
V5,320.0,Lower quintile,0.2664010124601788,0.17881565801288946,0.3971457141934174,323
V5,322.5,Lower quintile,0.26359940741557786,0.17932425185502576,0.39193347235921305,323
V5,325.0,Lower quintile,0.261974693566537,0.17291546211936965,0.3912358019512938,323
V5,327.5,Lower quintile,0.2590817968519176,0.1659227538029634,0.38046394411107654,323
V5,330.0,Lower quintile,0.2560720064575435,0.16349894870970372,0.37913589235421474,323
V5,332.5,Lower quintile,0.2545730504782562,0.16476479273326505,0.37879992942343904,323
V5,335.0,Lower quintile,0.252031660020776,0.16244099819892321,0.37354998702014686,323
V5,337.5,Lower quintile,0.25005884823446695,0.15639910762213388,0.3619447387716423,323
V5,340.0,Lower quintile,0.24716056319130203,0.15409795053920788,0.35974107231113783,323
V5,342.5,Lower quintile,0.24485630293516544,0.15276076519380788,0.3615042877399568,323
V5,345.0,Lower quintile,0.24608939220323234,0.15015983597555918,0.3522631580145415,323
V5,347.5,Lower quintile,0.244331135492433,0.1499204690596519,0.353606066586996,323
V5,350.0,Lower quintile,0.2415084112707479,0.14611163046400974,0.35511476023201216,323
V5,352.5,Lower quintile,0.2402114215580964,0.1431577904192139,0.3509226554425793,323
V5,355.0,Lower quintile,0.23754389033063658,0.14332004607080362,0.3462737657834265,323
V5,357.5,Lower quintile,0.23757712512899182,0.13965938951164947,0.349358391561201,323
V5,360.0,Lower quintile,0.23442089511614514,0.13850068516201058,0.34452972553404554,323
V5,362.5,Lower quintile,0.23404255143693609,0.1383914390158789,0.34168429408547657,323
V5,365.0,Lower quintile,0.23366153934869724,0.13595735065349618,0.34478875366971384,323
V5,367.5,Lower quintile,0.23313623632771782,0.13568736264804138,0.3431046428513411,323
V5,370.0,Lower quintile,0.23010037025632496,0.1315338290804124,0.33970082912103705,323
V5,372.5,Lower quintile,0.22866956562386892,0.13360353369535247,0.3400386391577924,323
V5,375.0,Lower quintile,0.2299739083020171,0.13065891115572928,0.3419567845348418,323
V5,377.5,Lower quintile,0.22487681121505265,0.1268762998697423,0.3369039724513717,323
V5,380.0,Lower quintile,0.22458372726052803,0.12616779029341957,0.3394312684930302,323
V5,382.5,Lower quintile,0.2229603190922117,0.12861817048388252,0.34637447714735203,323
V5,385.0,Lower quintile,0.22734130873912092,0.12681856939673392,0.3419811311945239,323
V5,387.5,Lower quintile,0.22471122445785557,0.12330530917329532,0.339625621639456,323
V5,390.0,Lower quintile,0.22206145510594658,0.12695419461492738,0.3397063952068431,323
V5,392.5,Lower quintile,0.2230940773409388,0.12794417507680889,0.3367914668103546,323
V5,395.0,Lower quintile,0.22403258642521362,0.1263225894332094,0.3357326770216974,323
V5,397.5,Lower quintile,0.22021387467299283,0.12366894035967775,0.3367587698766509,323
V5,400.0,Lower quintile,0.22207995586888707,0.12246711103380467,0.3371278699226833,323
V5,402.5,Lower quintile,0.21960352975760888,0.12017407296055901,0.3399970284059812,323
V5,405.0,Lower quintile,0.22004484094242371,0.12359459810212317,0.34001585337697454,323
V5,407.5,Lower quintile,0.21960352975760888,0.12772804121717168,0.3426294780736977,323
V5,410.0,Lower quintile,0.22395768494793653,0.12836799079730715,0.34627468673548323,323
V5,412.5,Lower quintile,0.222291057386638,0.12187364231749725,0.3510233705724673,323
V5,415.0,Lower quintile,0.22323614079506185,0.12614177738273405,0.351887572806538,323
V5,417.5,Lower quintile,0.22441312049758955,0.12409103681002073,0.3457593590761876,323
V5,420.0,Lower quintile,0.22143781304801252,0.12133962210204832,0.34047634146811817,323
V5,422.5,Lower quintile,0.22196668736439298,0.12194057308613643,0.3439428959656433,323
V5,425.0,Lower quintile,0.22667359887893296,0.12429808587429167,0.34044879438431164,323
V5,427.5,Lower quintile,0.22696820472848328,0.12163309689103632,0.33911782565968335,323
V5,430.0,Lower quintile,0.22264608717952816,0.12040158543978023,0.3403638522333781,323
V5,432.5,Lower quintile,0.22340425284551643,0.12534959594228168,0.3426844376741107,323
V5,435.0,Lower quintile,0.22412642933371268,0.1245672861316318,0.34227382201230494,323
V5,437.5,Lower quintile,0.2227046570737531,0.123862132314835,0.3408870295373506,323
V5,440.0,Lower quintile,0.22301514013713886,0.12656911336709448,0.3409835273791311,323
V5,442.5,Lower quintile,0.22340425284551643,0.12325180911168382,0.33692739775708336,323
V5,445.0,Lower quintile,0.22342488743236857,0.12175369516769025,0.33600530849119703,323
V5,447.5,Lower quintile,0.2228601742591366,0.12143941582452683,0.3382027102692652,323
V5,450.0,Lower quintile,0.21960352975760888,0.12256630589860293,0.33713803636661555,323
V5,452.5,Lower quintile,0.2217547407173741,0.11933495110603902,0.3357928910302935,323
V5,455.0,Lower quintile,0.21941460475290092,0.11836789650610902,0.33632235114089215,323
V5,457.5,Lower quintile,0.21659157563322629,0.11905122103624166,0.3394054754572192,323
V5,460.0,Lower quintile,0.21671131204264005,0.11800153655039702,0.33840786015756275,323
V5,462.5,Lower quintile,0.21970189456529018,0.11739166973244136,0.33478697001994256,323
V5,465.0,Lower quintile,0.21960352975760888,0.1194281685096719,0.3350726504595597,323
V5,467.5,Lower quintile,0.21960352975760888,0.11932534687594655,0.3321033060805128,323
V5,470.0,Lower quintile,0.21960352975760888,0.11912784267695324,0.3278608873141645,323
V5,472.5,Lower quintile,0.2183947376810516,0.12104694945951396,0.3289886777064648,323
V5,475.0,Lower quintile,0.21944473447135296,0.12129088374340499,0.33012367533160814,323
V5,477.5,Lower quintile,0.21536911088315816,0.12133519166302527,0.3341920793680858,323
V5,480.0,Lower quintile,0.2178743477716094,0.12034568615340802,0.33359970045101617,323
V5,482.5,Lower quintile,0.2167224999984259,0.12122810104015407,0.32910301104152667,323
V5,485.0,Lower quintile,0.21576464305288215,0.11895104957688639,0.33286008438472314,323
V5,487.5,Lower quintile,0.21778899861005904,0.11658016888787295,0.33068466853528694,323
V5,490.0,Lower quintile,0.21691675364735247,0.11862841574622222,0.33133292683858506,323
V5,492.5,Lower quintile,0.21694704148461996,0.12282398568235918,0.33315790365384346,323
V5,495.0,Lower quintile,0.21958146789079183,0.12183304947135407,0.33250179256944673,323
V5,497.5,Lower quintile,0.21707158622250156,0.11933777030249898,0.3328183421548134,323
V6,-500.0,Lower quintile,0.16719182140990915,0.09640121913792685,0.29235951514016106,323
V6,-497.5,Lower quintile,0.16495264102885485,0.10042795059815496,0.2996753524730596,323
V6,-495.0,Lower quintile,0.1674349220257676,0.09738311721904827,0.3021249376548176,323
V6,-492.5,Lower quintile,0.16582564779114267,0.09629902160384943,0.30346257411761723,323
V6,-490.0,Lower quintile,0.16387593359132377,0.09723626986777226,0.3006794020589628,323
V6,-487.5,Lower quintile,0.161163224749056,0.09427321282015541,0.30199370584370056,323
V6,-485.0,Lower quintile,0.1583718553777877,0.09522538614629181,0.29325763563155005,323
V6,-482.5,Lower quintile,0.1627995320885415,0.09364519757869466,0.29442778783016077,323
V6,-480.0,Lower quintile,0.1565833108312899,0.09176594712034791,0.2962705816751514,323
V6,-477.5,Lower quintile,0.15706996226931483,0.09141824044649507,0.2975119200484196,323
V6,-475.0,Lower quintile,0.16053584308683436,0.08987490746692697,0.29602781484899254,323
V6,-472.5,Lower quintile,0.15491335755267563,0.09032123280309298,0.29049826903328924,323
V6,-470.0,Lower quintile,0.15687114004906497,0.08889904594431557,0.28414642120674016,323
V6,-467.5,Lower quintile,0.16588744300601216,0.09177237049312188,0.29780620904950783,323
V6,-465.0,Lower quintile,0.1629782278562433,0.08851495821370184,0.2946631023315457,323
V6,-462.5,Lower quintile,0.16328611914217198,0.08620386576425643,0.29677639882249396,323
V6,-460.0,Lower quintile,0.16593583342457446,0.08803185677300829,0.2972347270584573,323
V6,-457.5,Lower quintile,0.16475639772825135,0.08814432869361077,0.2920781477197255,323
V6,-455.0,Lower quintile,0.16111776647194165,0.08783357186146201,0.289489202556796,323
V6,-452.5,Lower quintile,0.15923872946309223,0.09005608091063586,0.28568006576765814,323
V6,-450.0,Lower quintile,0.16294071888717288,0.08794653897337643,0.28950806974690757,323
V6,-447.5,Lower quintile,0.15886601412634402,0.08641700198200966,0.2823490935247208,323
V6,-445.0,Lower quintile,0.15831073125071615,0.0842413957486936,0.28436224036746266,323
V6,-442.5,Lower quintile,0.1619395608255834,0.0829453439422027,0.28196735780804155,323
V6,-440.0,Lower quintile,0.16055107361408166,0.08162381029258153,0.2862001467492648,323
V6,-437.5,Lower quintile,0.15753281109019548,0.0821658511902972,0.2862529841782836,323
V6,-435.0,Lower quintile,0.1597474628418139,0.08412252861050351,0.28358557330195777,323
V6,-432.5,Lower quintile,0.15877094194524055,0.08227318856516594,0.2819381999603614,323
V6,-430.0,Lower quintile,0.15454939194075815,0.08089125016886504,0.28051662624221285,323
V6,-427.5,Lower quintile,0.15671217674903856,0.08074544030289606,0.27958081269243035,323
V6,-425.0,Lower quintile,0.16336346255745893,0.08152446590451759,0.2830256247517836,323
V6,-422.5,Lower quintile,0.15750647146160898,0.07959913940984158,0.2787861379343183,323
V6,-420.0,Lower quintile,0.15286478166991904,0.07865118188758574,0.27751850701309133,323
V6,-417.5,Lower quintile,0.153256546884622,0.08088909628470632,0.2768404370990729,323
V6,-415.0,Lower quintile,0.15181905489106093,0.07848715019377925,0.2722808737060517,323
V6,-412.5,Lower quintile,0.1486377735679283,0.07714539428518191,0.2708008596360827,323
V6,-410.0,Lower quintile,0.15273529727050575,0.07978274526253634,0.2701816881732136,323
V6,-407.5,Lower quintile,0.15309570410974263,0.07570507834614196,0.27246418316121623,323
V6,-405.0,Lower quintile,0.14919815846937165,0.07582479437995723,0.2690079880306536,323
V6,-402.5,Lower quintile,0.15016248705297472,0.07737852647687166,0.2674810709010643,323
V6,-400.0,Lower quintile,0.15016248705297472,0.07826258829616553,0.2662537228399641,323
V6,-397.5,Lower quintile,0.14779336472118149,0.07683622860690811,0.2660580012830379,323
V6,-395.0,Lower quintile,0.15016248705297472,0.07398251507797417,0.263522771821048,323
V6,-392.5,Lower quintile,0.15087936826599724,0.07765301028286103,0.26328179104506005,323
V6,-390.0,Lower quintile,0.14767570821706252,0.07553152632624335,0.264576958671163,323
V6,-387.5,Lower quintile,0.14349130169949864,0.07572612612932524,0.2630042514781217,323
V6,-385.0,Lower quintile,0.14764924738188978,0.07484920134748119,0.26136011260629954,323
V6,-382.5,Lower quintile,0.14594911664995378,0.07604162015395355,0.2605736493324062,323
V6,-380.0,Lower quintile,0.14297606521622117,0.07452314960344504,0.2622054608804937,323
V6,-377.5,Lower quintile,0.14274518844254905,0.07516353280989076,0.2624904878005321,323
V6,-375.0,Lower quintile,0.14611443821040973,0.07599256789516337,0.26031708386420727,323
V6,-372.5,Lower quintile,0.14043605224192524,0.07314259687268633,0.2545897656232158,323
V6,-370.0,Lower quintile,0.1429982851354433,0.07288696499389148,0.25269492550438644,323
V6,-367.5,Lower quintile,0.14564745033270213,0.07634159764789289,0.2552691393991935,323
V6,-365.0,Lower quintile,0.1471094001582883,0.07396619781771796,0.25262638896932965,323
V6,-362.5,Lower quintile,0.14536805006243392,0.07420942942685918,0.24722387667023354,323
V6,-360.0,Lower quintile,0.14700207225086456,0.07520723845211824,0.2571978174930888,323
V6,-357.5,Lower quintile,0.14527021429388332,0.0761723226366973,0.254548629988934,323
V6,-355.0,Lower quintile,0.143744349866377,0.0759247070972612,0.25495896162742215,323
V6,-352.5,Lower quintile,0.14514443884207867,0.07616092299970131,0.2531396210837746,323
V6,-350.0,Lower quintile,0.1461068250343648,0.07555926465424773,0.25604335711593784,323
V6,-347.5,Lower quintile,0.14216024132561783,0.07482836505697607,0.25702533064862726,323
V6,-345.0,Lower quintile,0.1426560940360736,0.07689422591040099,0.2526605997148539,323
V6,-342.5,Lower quintile,0.14464112575026744,0.07739452457475765,0.24900236376026647,323
V6,-340.0,Lower quintile,0.1427117153897834,0.07827006363513103,0.25980647856499206,323
V6,-337.5,Lower quintile,0.14118045039349789,0.07599985425002362,0.25491688816413727,323
V6,-335.0,Lower quintile,0.14135399872889573,0.07759455098410206,0.2558557529991801,323
V6,-332.5,Lower quintile,0.14269801416477096,0.07879255713820285,0.2615823758212677,323
V6,-330.0,Lower quintile,0.13510800201039644,0.07953941695897065,0.2517236764388011,323
V6,-327.5,Lower quintile,0.13735511570029066,0.07913393277469369,0.2539856582967409,323
V6,-325.0,Lower quintile,0.14088287383653997,0.08151338007043993,0.2596950327525312,323
V6,-322.5,Lower quintile,0.13742366921729318,0.08065714142833078,0.25024827941859706,323
V6,-320.0,Lower quintile,0.13941520957324496,0.08151979750134795,0.25257213734649525,323
V6,-317.5,Lower quintile,0.1417329326057517,0.08072061418634133,0.25369895501278295,323
V6,-315.0,Lower quintile,0.14030553446024335,0.07886391221518482,0.2555677220089362,323
V6,-312.5,Lower quintile,0.1365820154838686,0.07743133031533089,0.24840227971245724,323
V6,-310.0,Lower quintile,0.14003841196900665,0.07932409098817694,0.24472300337447783,323
V6,-307.5,Lower quintile,0.1409084222705283,0.07748041119852436,0.2517390311366601,323
V6,-305.0,Lower quintile,0.13645371382756546,0.07779322432672817,0.24965158463245693,323
V6,-302.5,Lower quintile,0.1384348843613008,0.07898454916628588,0.24273989321217815,323
V6,-300.0,Lower quintile,0.137754893585125,0.08004417280010484,0.2493274784277298,323
V6,-297.5,Lower quintile,0.1357651116003749,0.07890991090180277,0.2505490770221944,323
V6,-295.0,Lower quintile,0.13803493289854302,0.08046242288658002,0.24887920652054407,323
V6,-292.5,Lower quintile,0.14158676618862562,0.081133275294459,0.24565495646449953,323
V6,-290.0,Lower quintile,0.14122463534530877,0.08343288217267607,0.2520405462208764,323
V6,-287.5,Lower quintile,0.13734506573252575,0.0841444667053245,0.24327439512321153,323
V6,-285.0,Lower quintile,0.13969632522651554,0.08369426421036957,0.24241439978974944,323
V6,-282.5,Lower quintile,0.1379978138523185,0.08300184126998912,0.24630440097581513,323
V6,-280.0,Lower quintile,0.13907237360207614,0.08196228646768733,0.24222778772070946,323
V6,-277.5,Lower quintile,0.14029308355712675,0.08207530414125402,0.2449527174744751,323
V6,-275.0,Lower quintile,0.14185018584316245,0.08130784359671908,0.2514884913563106,323
V6,-272.5,Lower quintile,0.13748862710122575,0.08176397169668795,0.24880022369472926,323
V6,-270.0,Lower quintile,0.13796747868975923,0.08067476295753419,0.2451535811995661,323
V6,-267.5,Lower quintile,0.1410029580082028,0.08064225625011848,0.24659937109984642,323
V6,-265.0,Lower quintile,0.14053225206545275,0.08240717498124783,0.24188169356633704,323
V6,-262.5,Lower quintile,0.14010381156870463,0.08198750296439648,0.2427222499530379,323
V6,-260.0,Lower quintile,0.14499504614074527,0.08342085520230721,0.24648726298002055,323
V6,-257.5,Lower quintile,0.14704136101591292,0.08315931789927924,0.24804154716585855,323
V6,-255.0,Lower quintile,0.14369354715846455,0.08523275455135859,0.25384409491132454,323
V6,-252.5,Lower quintile,0.14642848616474036,0.08495865155866344,0.25473528688177577,323
V6,-250.0,Lower quintile,0.14700207225086456,0.08562845854140598,0.2583839301659919,323
V6,-247.5,Lower quintile,0.14357060081395212,0.08344106321748548,0.25652478147193064,323
V6,-245.0,Lower quintile,0.13708145577576153,0.08558935040383348,0.26150073999711754,323
V6,-242.5,Lower quintile,0.1436827207441492,0.08599510469243701,0.25466629852439826,323
V6,-240.0,Lower quintile,0.14234497731557885,0.08334435346822319,0.2532659876798629,323
V6,-237.5,Lower quintile,0.14032236060904013,0.08310349907129855,0.2408874884283712,323
V6,-235.0,Lower quintile,0.14209686136612823,0.08246385512740242,0.24724764483678224,323
V6,-232.5,Lower quintile,0.1420382059067497,0.08528516055560025,0.25198340212049297,323
V6,-230.0,Lower quintile,0.14014134277578189,0.08283010003862666,0.24515509842853023,323
V6,-227.5,Lower quintile,0.14158367393310653,0.08294192950382981,0.2499908977439595,323
V6,-225.0,Lower quintile,0.14588740993631438,0.08546020303665425,0.2568398564423235,323
V6,-222.5,Lower quintile,0.1441308384543173,0.08501911951093355,0.2523957554419959,323
V6,-220.0,Lower quintile,0.146334643915195,0.08391341159613774,0.23887497733886617,323
V6,-217.5,Lower quintile,0.14593103520090966,0.08432763822654248,0.24721037874174004,323
V6,-215.0,Lower quintile,0.14900232236207003,0.08389323925627251,0.2480592193165093,323
V6,-212.5,Lower quintile,0.14811573589391122,0.08320891301706856,0.2512527275045365,323
V6,-210.0,Lower quintile,0.14775245472911902,0.08422748177972818,0.2512878086862835,323
V6,-207.5,Lower quintile,0.14937309091974088,0.08403351255701959,0.25468769462904284,323
V6,-205.0,Lower quintile,0.15016248705297472,0.08451364254533825,0.251844888141733,323
V6,-202.5,Lower quintile,0.1505326266545769,0.08745516880129517,0.25485013459451455,323
V6,-200.0,Lower quintile,0.15215647315493083,0.08723799659330567,0.25860362019193406,323
V6,-197.5,Lower quintile,0.15204942962033435,0.08533571911825028,0.2560587937637778,323
V6,-195.0,Lower quintile,0.1548057359511516,0.08563968996000533,0.25279927444014694,323
V6,-192.5,Lower quintile,0.15374440555106766,0.08819994050255803,0.25305631916461346,323
V6,-190.0,Lower quintile,0.15455864288468976,0.08755314253438862,0.256311578826255,323
V6,-187.5,Lower quintile,0.15622538836542374,0.08571479740015112,0.25914054846511336,323
V6,-185.0,Lower quintile,0.1552998460966834,0.0900717508591178,0.2594599067560177,323
V6,-182.5,Lower quintile,0.15491453533424587,0.0909189160627653,0.25791807591941385,323
V6,-180.0,Lower quintile,0.1578677774208771,0.09060867478472667,0.26887665868097776,323
V6,-177.5,Lower quintile,0.16067922912991148,0.09081682688098287,0.2697555001953649,323
V6,-175.0,Lower quintile,0.16148418557140537,0.09376966647270482,0.26569378545992794,323
V6,-172.5,Lower quintile,0.16144874397972506,0.09364468443813176,0.2659896646884624,323
V6,-170.0,Lower quintile,0.1588121825737064,0.0953553750510567,0.2696541292272229,323
V6,-167.5,Lower quintile,0.16224201464236784,0.09814143139610607,0.2687169625235889,323
V6,-165.0,Lower quintile,0.1612339489493553,0.09723592662809384,0.2698762033791007,323
V6,-162.5,Lower quintile,0.1614373897454765,0.10002060856935797,0.27608434906107404,323
V6,-160.0,Lower quintile,0.16568091157038253,0.1006638883719017,0.2699559728457258,323
V6,-157.5,Lower quintile,0.1659529535653879,0.1027419289151143,0.27289747179230867,323
V6,-155.0,Lower quintile,0.16197336965057896,0.10364274643436719,0.2745951574110198,323
V6,-152.5,Lower quintile,0.16781801769413177,0.10523566558614159,0.27609348046613147,323
V6,-150.0,Lower quintile,0.16932949643054185,0.1041601470424498,0.2802459386814784,323
V6,-147.5,Lower quintile,0.16719182140990915,0.10117231133399308,0.28357523298892295,323
V6,-145.0,Lower quintile,0.16572133551869705,0.1043728234045933,0.28470930246991094,323
V6,-142.5,Lower quintile,0.1650740890348847,0.10370081196151615,0.2807696548196375,323
V6,-140.0,Lower quintile,0.16573495922835774,0.10256880845085159,0.28144612498048305,323
V6,-137.5,Lower quintile,0.16744517257909905,0.1029661380575427,0.2838898391063087,323
V6,-135.0,Lower quintile,0.16773136827004415,0.10398156074233582,0.28295313156130264,323
V6,-132.5,Lower quintile,0.17172250377572046,0.1025596068575704,0.2815602426033864,323
V6,-130.0,Lower quintile,0.17192186843986387,0.10003280834052485,0.2809453608152477,323
V6,-127.5,Lower quintile,0.16922586660795214,0.10303133450937851,0.2808166845499823,323
V6,-125.0,Lower quintile,0.16754951957223466,0.1017594824037231,0.28524957894961567,323
V6,-122.5,Lower quintile,0.1642490807040977,0.09895119534163084,0.274634499309351,323
V6,-120.0,Lower quintile,0.16519872168826114,0.09626454250333193,0.28177908983823097,323
V6,-117.5,Lower quintile,0.16595510596734642,0.09706650109055294,0.2762692227158239,323
V6,-115.0,Lower quintile,0.16141292344131228,0.09522311601859698,0.28235681069123686,323
V6,-112.5,Lower quintile,0.1585823694586333,0.0946176085642146,0.27483308283578783,323
V6,-110.0,Lower quintile,0.15519716891457166,0.09534010340239506,0.26999492831685334,323
V6,-107.5,Lower quintile,0.15247842280185628,0.09425091461453183,0.2656286384515165,323
V6,-105.0,Lower quintile,0.14938533323077996,0.09038324983185977,0.26680484044025066,323
V6,-102.5,Lower quintile,0.14751687171998737,0.08950296396970044,0.269214414813543,323
V6,-100.0,Lower quintile,0.14642308942030252,0.08898024200506828,0.25832180266624466,323
V6,-97.5,Lower quintile,0.13896413410488825,0.08141860533434656,0.258430787087634,323
V6,-95.0,Lower quintile,0.14060636918940936,0.07910296294675354,0.25182891375346605,323
V6,-92.5,Lower quintile,0.14034666088825198,0.0762453921480219,0.24680676917639466,323
V6,-90.0,Lower quintile,0.13669064140479634,0.07225246086860526,0.24338169373543783,323
V6,-87.5,Lower quintile,0.13163740626166914,0.06946031457788633,0.2423424357975721,323
V6,-85.0,Lower quintile,0.1320849316101646,0.06987142048145051,0.2457111812225639,323
V6,-82.5,Lower quintile,0.12987150255206634,0.06848688773991918,0.24587754840430845,323
V6,-80.0,Lower quintile,0.12370197904002048,0.06603315188701794,0.23763141023240744,323
V6,-77.5,Lower quintile,0.11916123049662444,0.06701459938998391,0.2440149397651125,323
V6,-75.0,Lower quintile,0.12176161052564977,0.06523054896032542,0.25046897147492664,323
V6,-72.5,Lower quintile,0.11969705706400846,0.0635922989849923,0.24063007920639767,323
V6,-70.0,Lower quintile,0.1186302749662243,0.06681063832277381,0.2354998194847474,323
V6,-67.5,Lower quintile,0.12250173635561869,0.06492372046391387,0.23902834106705187,323
V6,-65.0,Lower quintile,0.11624062219069282,0.0631719684040424,0.2424887254946897,323
V6,-62.5,Lower quintile,0.11596976180495007,0.06345019019510911,0.2481594657782014,323
V6,-60.0,Lower quintile,0.11824671315511161,0.06671080381702713,0.2502614474826653,323
V6,-57.5,Lower quintile,0.1229921980118351,0.06471308308177864,0.2546994787899959,323
V6,-55.0,Lower quintile,0.12243211059527981,0.06570913718513499,0.25457529927111405,323
V6,-52.5,Lower quintile,0.12189052761008085,0.06593190149416776,0.2603185886364463,323
V6,-50.0,Lower quintile,0.12334587922091596,0.06694191586811989,0.2554423652524541,323
V6,-47.5,Lower quintile,0.12530630156335967,0.06687860264955897,0.26039816927920123,323
V6,-45.0,Lower quintile,0.12242247786892727,0.06697065375959763,0.2589786135437497,323
V6,-42.5,Lower quintile,0.12571133160720288,0.06638880212235429,0.25581239509401865,323
V6,-40.0,Lower quintile,0.12239862748220752,0.05780315624892233,0.26726312797093166,323
V6,-37.5,Lower quintile,0.11843542604768952,0.05147959784003052,0.2641239194358316,323
V6,-35.0,Lower quintile,0.11588005621384982,0.051582031826626504,0.26755613641783693,323
V6,-32.5,Lower quintile,0.12269327460958392,0.049031430220077485,0.269189002092936,323
V6,-30.0,Lower quintile,0.13840941345573002,0.051419253771543924,0.2754405225574643,323
V6,-27.5,Lower quintile,0.16451244125846765,0.07035550416497689,0.31091061797823893,323
V6,-25.0,Lower quintile,0.20762316461663102,0.08979695403952793,0.35428823563860773,323
V6,-22.5,Lower quintile,0.2689110448499691,0.12396149113250204,0.44145465042531296,323
V6,-20.0,Lower quintile,0.33933304931940556,0.18331493113754416,0.5437394554367115,323
V6,-17.5,Lower quintile,0.4392347790724153,0.25537526900401397,0.6468412996306188,323
V6,-15.0,Lower quintile,0.5582568077999259,0.3502478042975736,0.7502575036673382,323
V6,-12.5,Lower quintile,0.6734979520587219,0.4838822884002226,0.8626876359629896,323
V6,-10.0,Lower quintile,0.7887400751452956,0.5911256211910431,0.9390369268798229,323
V6,-7.5,Lower quintile,0.8782431411576851,0.6935105949958507,0.9728337558282447,323
V6,-5.0,Lower quintile,0.9252326867425538,0.7434908954830393,0.981026109684637,323
V6,-2.5,Lower quintile,0.9198663466181533,0.7700931858138551,0.9842253469786632,323
V6,0.0,Lower quintile,0.8724978858270193,0.6910457214183201,0.9666046717032274,323
V6,2.5,Lower quintile,0.7707116781051754,0.5641156304152073,0.9251869181826187,323
V6,5.0,Lower quintile,0.6299074906294265,0.41926511276849976,0.838168647333676,323
V6,7.5,Lower quintile,0.4729799898160053,0.2653347924969302,0.7209394132560663,323
V6,10.0,Lower quintile,0.3308280337328789,0.15284628403497874,0.575083267281669,323
V6,12.5,Lower quintile,0.2173732038175797,0.09641095586345516,0.4367315366253363,323
V6,15.0,Lower quintile,0.13249631180844135,0.05287946652642403,0.334569683507839,323
V6,17.5,Lower quintile,0.0861020176413939,0.024460799203954414,0.23136017170007941,323
V6,20.0,Lower quintile,0.06317646242265304,0.015388251119885522,0.17323005291529217,323
V6,22.5,Lower quintile,0.06371230669668124,0.017660525247195323,0.1536418877085019,323
V6,25.0,Lower quintile,0.06858433650376286,0.026602599915099,0.14078740036688253,323
V6,27.5,Lower quintile,0.07471512530856819,0.03520782410343054,0.15115254714056978,323
V6,30.0,Lower quintile,0.08364093150723183,0.044334951260292736,0.15094193188262411,323
V6,32.5,Lower quintile,0.09474285809014775,0.05243324644869361,0.16043251932677677,323
V6,35.0,Lower quintile,0.09810214918409932,0.05825108857877474,0.16545211093724,323
V6,37.5,Lower quintile,0.10085506935535939,0.06169810476969387,0.1722458087902577,323
V6,40.0,Lower quintile,0.10389768859386089,0.06295416185815589,0.18136196422889322,323
V6,42.5,Lower quintile,0.10574354750853232,0.06440080735126871,0.19403408611751582,323
V6,45.0,Lower quintile,0.11146935836831912,0.0634248251205042,0.19972860121060249,323
V6,47.5,Lower quintile,0.10704492107343695,0.06375341415238492,0.19924474486039592,323
V6,50.0,Lower quintile,0.11321855415928013,0.06702170593052437,0.20700246596086636,323
V6,52.5,Lower quintile,0.11381619599195662,0.06480027517479459,0.20091376684555767,323
V6,55.0,Lower quintile,0.11162752510854493,0.06364548380022028,0.20236633750849528,323
V6,57.5,Lower quintile,0.11393613395735878,0.06386068894672763,0.200700171350021,323
V6,60.0,Lower quintile,0.11591703863198118,0.0656254177892571,0.19997333884582724,323
V6,62.5,Lower quintile,0.110618139622181,0.0656611563296697,0.210002457506001,323
V6,65.0,Lower quintile,0.11622934209574261,0.06522401530465191,0.2071444770433596,323
V6,67.5,Lower quintile,0.11687501340453438,0.06139887684909532,0.20441364273810186,323
V6,70.0,Lower quintile,0.11881921008742154,0.06289736213413452,0.20634083208659862,323
V6,72.5,Lower quintile,0.12367195060134227,0.06501269500857125,0.21945583854078007,323
V6,75.0,Lower quintile,0.12547583057349845,0.06638002678192997,0.2135039729268154,323
V6,77.5,Lower quintile,0.12294342281922417,0.06441001381117245,0.2133972169101359,323
V6,80.0,Lower quintile,0.12488317212993028,0.06678009019404393,0.2176906314035204,323
V6,82.5,Lower quintile,0.12982658209345874,0.06687225728558199,0.22294261703564705,323
V6,85.0,Lower quintile,0.12422621807158546,0.06741288403850586,0.2274981603577504,323
V6,87.5,Lower quintile,0.12181366472471586,0.0674386068318264,0.22921529906061433,323
V6,90.0,Lower quintile,0.12783089748643517,0.06803860134234732,0.23112359736528393,323
V6,92.5,Lower quintile,0.12904360078336868,0.06745943086874337,0.23686880934602272,323
V6,95.0,Lower quintile,0.12322160350862531,0.0691456813870697,0.23324510789701802,323
V6,97.5,Lower quintile,0.12753240633337112,0.0708419889222496,0.23124554900731725,323
V6,100.0,Lower quintile,0.12916943299381556,0.07138243977288222,0.22959782656660588,323
V6,102.5,Lower quintile,0.1268143967044854,0.07154444774667235,0.23076793242062288,323
V6,105.0,Lower quintile,0.13116053617704304,0.0728460409553573,0.2287107457079863,323
V6,107.5,Lower quintile,0.13483854058928316,0.07326545743342862,0.23230656113864112,323
V6,110.0,Lower quintile,0.13397861645115536,0.071717965619277,0.23690747537143975,323
V6,112.5,Lower quintile,0.1327505787393815,0.07027052663033814,0.23988660740634854,323
V6,115.0,Lower quintile,0.13364547815491418,0.07407677102749333,0.23916562192288676,323
V6,117.5,Lower quintile,0.13375608247189158,0.07171740142912128,0.23905762239195444,323
V6,120.0,Lower quintile,0.1322671970802195,0.07114774842376573,0.24419225684756574,323
V6,122.5,Lower quintile,0.13633369443177523,0.07190016583599516,0.24284520588462544,323
V6,125.0,Lower quintile,0.13841847377877564,0.07087215808380867,0.2467172354785505,323
V6,127.5,Lower quintile,0.1359062928418701,0.07395809672164291,0.24433657722815277,323
V6,130.0,Lower quintile,0.13936581757314473,0.07557739187927465,0.2448235952486352,323
V6,132.5,Lower quintile,0.142346167087719,0.07634590155102494,0.24911184171381784,323
V6,135.0,Lower quintile,0.13889538813706287,0.07358744539636537,0.25032943859506307,323
V6,137.5,Lower quintile,0.1399079363458028,0.0718118211034119,0.2556056326119293,323
V6,140.0,Lower quintile,0.1430281512937333,0.07576237532957553,0.25250397060661817,323
V6,142.5,Lower quintile,0.14389266210805357,0.07794405791383771,0.25363160737088186,323
V6,145.0,Lower quintile,0.14215614316481198,0.07344502705413267,0.2538449707243593,323
V6,147.5,Lower quintile,0.14695761501542853,0.07818901516124009,0.2533516367509391,323
V6,150.0,Lower quintile,0.15101866907424585,0.08016314027254928,0.2573908100891137,323
V6,152.5,Lower quintile,0.15082076274039094,0.0788314697811233,0.25339039464168833,323
V6,155.0,Lower quintile,0.15267584949410423,0.08052747253877246,0.25534228616032706,323
V6,157.5,Lower quintile,0.15176609415716874,0.08318531964642709,0.2581153976225531,323
V6,160.0,Lower quintile,0.14947097655581398,0.0826827426410014,0.24898366088980928,323
V6,162.5,Lower quintile,0.15079195065606493,0.08308194297058893,0.25183332871728903,323
V6,165.0,Lower quintile,0.1527341292569702,0.08418553908673942,0.2557395698470181,323
V6,167.5,Lower quintile,0.15196265687807184,0.08482295417781648,0.25930327163897815,323
V6,170.0,Lower quintile,0.1530406352645785,0.08264060177650145,0.26040118759702297,323
V6,172.5,Lower quintile,0.15905347447076373,0.0837157256643554,0.2602124706582998,323
V6,175.0,Lower quintile,0.1608148958344436,0.08592005193258764,0.26314239082299873,323
V6,177.5,Lower quintile,0.1622346788570789,0.08869260824564805,0.27352352522709944,323
V6,180.0,Lower quintile,0.16820298174150902,0.09078989050040293,0.2750950209719445,323
V6,182.5,Lower quintile,0.17216922907901794,0.09147335644911353,0.27082642053902994,323
V6,185.0,Lower quintile,0.16883098648093128,0.09351140909138075,0.2804601034002852,323
V6,187.5,Lower quintile,0.16909635201558182,0.09508275293063748,0.28329066291264204,323
V6,190.0,Lower quintile,0.17300373683566167,0.10055660350254228,0.28974630841639637,323
V6,192.5,Lower quintile,0.17676040636693227,0.10251753715055548,0.29325946513212775,323
V6,195.0,Lower quintile,0.17604875328249636,0.10041109364564685,0.2917484491371932,323
V6,197.5,Lower quintile,0.1802754489557319,0.10485758261574606,0.3051320451988052,323
V6,200.0,Lower quintile,0.1804541517785689,0.10802745986029505,0.3042441555146108,323
V6,202.5,Lower quintile,0.18070408118005987,0.1085109819885045,0.30418683869019014,323
V6,205.0,Lower quintile,0.1823045540350519,0.11376397759582477,0.3039681247102667,323
V6,207.5,Lower quintile,0.1905413206616775,0.1141812012746463,0.30405422579318686,323
V6,210.0,Lower quintile,0.19239601093548578,0.11598093778376123,0.3057067842546092,323
V6,212.5,Lower quintile,0.19641815010022462,0.11580545928401945,0.308154413412999,323
V6,215.0,Lower quintile,0.20352373159061285,0.1198142659780348,0.30978247503063505,323
V6,217.5,Lower quintile,0.20200610777410993,0.12034127832657104,0.3158163096120984,323
V6,220.0,Lower quintile,0.20151636016862912,0.1231809720549654,0.31657244211404933,323
V6,222.5,Lower quintile,0.20721078349330171,0.1288099187734886,0.31856575395714565,323
V6,225.0,Lower quintile,0.21199410293440044,0.1308314188245206,0.3350851532737057,323
V6,227.5,Lower quintile,0.21216003608312642,0.13312090247465153,0.3359443673335194,323
V6,230.0,Lower quintile,0.2180516870872769,0.13583243177108653,0.34207611262323334,323
V6,232.5,Lower quintile,0.22059917587901648,0.13797118788925336,0.34637210295273513,323
V6,235.0,Lower quintile,0.22463643723637206,0.14223294373023718,0.3486772485708274,323
V6,237.5,Lower quintile,0.23025501482456784,0.14701564244044185,0.3500744227288315,323
V6,240.0,Lower quintile,0.23567775591063664,0.1501102962836254,0.36399997485244784,323
V6,242.5,Lower quintile,0.24035515555448878,0.1528372199779599,0.3651900510942986,323
V6,245.0,Lower quintile,0.24556263766548422,0.1526743662617413,0.3673044776749426,323
V6,247.5,Lower quintile,0.24708310325900634,0.1586294283337567,0.374864868353054,323
V6,250.0,Lower quintile,0.2517934038433438,0.1630869746882158,0.37987681798468065,323
V6,252.5,Lower quintile,0.2529595702225998,0.16303012161141356,0.3785853854936213,323
V6,255.0,Lower quintile,0.25394583288366146,0.16307614897793804,0.38100143214359905,323
V6,257.5,Lower quintile,0.25629235019218316,0.16642715694565186,0.3791149128881576,323
V6,260.0,Lower quintile,0.254200137584163,0.1691200860802728,0.38706811372515015,323
V6,262.5,Lower quintile,0.2573253469139889,0.1711896443463653,0.3910207994895567,323
V6,265.0,Lower quintile,0.2586427274319988,0.17195029518077418,0.3881212744875363,323
V6,267.5,Lower quintile,0.2609930808785072,0.17764327076917455,0.38704558576294223,323
V6,270.0,Lower quintile,0.2612860912313198,0.17738516290001582,0.38708660026030695,323
V6,272.5,Lower quintile,0.26462144872324944,0.18016228085288583,0.385094871668421,323
V6,275.0,Lower quintile,0.2647457912558287,0.1797244700970536,0.393337214523943,323
V6,277.5,Lower quintile,0.2645870186231886,0.17343083400644943,0.38666858636809764,323
V6,280.0,Lower quintile,0.2657578344734291,0.17455341748902659,0.3879757468417736,323
V6,282.5,Lower quintile,0.2636314363420039,0.17268536213623054,0.3937273973606419,323
V6,285.0,Lower quintile,0.26478245414464524,0.16855722120858244,0.3888719764288262,323
V6,287.5,Lower quintile,0.25771297145499533,0.1625509639063077,0.3881079581285588,323
V6,290.0,Lower quintile,0.25653490489841246,0.15733237829003865,0.38024855411844216,323
V6,292.5,Lower quintile,0.25028639892759785,0.15835362087881036,0.38794586699733546,323
V6,295.0,Lower quintile,0.24386990313333207,0.15167212829009857,0.3805027981705936,323
V6,297.5,Lower quintile,0.24110308070146735,0.15095934840705844,0.37784229224365606,323
V6,300.0,Lower quintile,0.24359813097581706,0.1502461613160782,0.3721729847191103,323
V6,302.5,Lower quintile,0.24020955469721028,0.1473910262117484,0.37039530454455033,323
V6,305.0,Lower quintile,0.23744680891160908,0.14471003278788513,0.368450694804325,323
V6,307.5,Lower quintile,0.23096510382775443,0.14228120341065947,0.3566168366840741,323
V6,310.0,Lower quintile,0.2292112484672507,0.13875820865512362,0.3527488648053271,323
V6,312.5,Lower quintile,0.22360167771839531,0.13579620193371414,0.3455009787536127,323
V6,315.0,Lower quintile,0.22380727493841154,0.1352561582045373,0.3422921746140539,323
V6,317.5,Lower quintile,0.21594892758632356,0.1333126315935793,0.34167479389769007,323
V6,320.0,Lower quintile,0.20723712466998667,0.12866070071054422,0.3406107280537548,323
V6,322.5,Lower quintile,0.20641488730418556,0.12808822276251858,0.33217254091023424,323
V6,325.0,Lower quintile,0.20223598452586114,0.12327482431594686,0.3266195163353618,323
V6,327.5,Lower quintile,0.19431374592093584,0.122053845619025,0.3191337195863494,323
V6,330.0,Lower quintile,0.19294504663228035,0.11958719430012874,0.3205884441803356,323
V6,332.5,Lower quintile,0.18903301624122235,0.11814842818933541,0.31504520235559974,323
V6,335.0,Lower quintile,0.18783998075384858,0.11539720442440454,0.30916714922714894,323
V6,337.5,Lower quintile,0.18299813354375438,0.11155500394491139,0.31067756530608787,323
V6,340.0,Lower quintile,0.1870986188446829,0.11173336681754968,0.31010638934684076,323
V6,342.5,Lower quintile,0.18723722931256498,0.10840967261653356,0.30657031475702085,323
V6,345.0,Lower quintile,0.18447970827425664,0.10470275551959549,0.3065573567395048,323
V6,347.5,Lower quintile,0.17944516051531342,0.10317627581382863,0.3093765972848602,323
V6,350.0,Lower quintile,0.1785552922048475,0.10050030175953778,0.30649119642886735,323
V6,352.5,Lower quintile,0.17680227272034238,0.09907166079768616,0.3006558113053292,323
V6,355.0,Lower quintile,0.16910001147483503,0.0976793605999593,0.3000106760179251,323
V6,357.5,Lower quintile,0.16920617241894548,0.09465441270442079,0.3001994633684163,323
V6,360.0,Lower quintile,0.1667886952341515,0.09240702871790152,0.29806682868001666,323
V6,362.5,Lower quintile,0.1658326263781264,0.09368794314941929,0.29237056493185076,323
V6,365.0,Lower quintile,0.1685308888653993,0.09078383929660241,0.28336379301889025,323
V6,367.5,Lower quintile,0.16448424812029963,0.09236118236280494,0.2808129153008361,323
V6,370.0,Lower quintile,0.16146475875777375,0.09283021550372245,0.28237658074952743,323
V6,372.5,Lower quintile,0.16055107361408166,0.08662796697201194,0.2818863527246641,323
V6,375.0,Lower quintile,0.1592567940981817,0.08737823541907169,0.2821759579909747,323
V6,377.5,Lower quintile,0.15003467148552133,0.08528928072252315,0.2777231022066422,323
V6,380.0,Lower quintile,0.15028869349839144,0.08314415624455981,0.27743544371078743,323
V6,382.5,Lower quintile,0.1537420420510615,0.08552824072551579,0.2752549502608461,323
V6,385.0,Lower quintile,0.1519970040117995,0.08551972975804678,0.2721919131776165,323
V6,387.5,Lower quintile,0.15308758157443617,0.08251471510813069,0.27708957758232855,323
V6,390.0,Lower quintile,0.15645551961434184,0.08182075845067038,0.2769332178949964,323
V6,392.5,Lower quintile,0.15254547486231312,0.08302024531384156,0.2774593170659691,323
V6,395.0,Lower quintile,0.15016248705297472,0.08181063810440195,0.2743441867267229,323
V6,397.5,Lower quintile,0.15562124064106386,0.07990468102203273,0.27430397103547643,323
V6,400.0,Lower quintile,0.15462232022804948,0.07984599420009653,0.2775917586496933,323
V6,402.5,Lower quintile,0.1465957885430411,0.07891065002357063,0.2789455373690237,323
V6,405.0,Lower quintile,0.14318717812438245,0.07681839043670433,0.2726486554996772,323
V6,407.5,Lower quintile,0.15008234958529795,0.08039506762189297,0.2809593105077311,323
V6,410.0,Lower quintile,0.14947010283221052,0.07930195518229535,0.28476819253259167,323
V6,412.5,Lower quintile,0.15254259691405625,0.07576127060675966,0.27631296589438925,323
V6,415.0,Lower quintile,0.15111001202312496,0.0778106194092568,0.27592008825064895,323
V6,417.5,Lower quintile,0.14719285249841374,0.0792587173131592,0.27722050301487355,323
V6,420.0,Lower quintile,0.1458610184334,0.0782756486726622,0.2731235235185673,323
V6,422.5,Lower quintile,0.14867417449323322,0.08012379635764322,0.2712932595642277,323
V6,425.0,Lower quintile,0.1501779628965107,0.08442391137412797,0.27407630932371363,323
V6,427.5,Lower quintile,0.14632574191194403,0.08193533383283638,0.27160734645517154,323
V6,430.0,Lower quintile,0.14748594530520923,0.08174249223490965,0.26746852277340405,323
V6,432.5,Lower quintile,0.15139104647633325,0.08219916803193672,0.2739545105364388,323
V6,435.0,Lower quintile,0.14767570821706252,0.08099569810736426,0.27139783999512307,323
V6,437.5,Lower quintile,0.14676105758272942,0.07892070897173781,0.2807271319301424,323
V6,440.0,Lower quintile,0.15048315711249627,0.08167432167460173,0.27409286625918405,323
V6,442.5,Lower quintile,0.14775003285454466,0.08084263699765423,0.2761918728201741,323
V6,445.0,Lower quintile,0.14767570821706252,0.07800086807480855,0.281131776838678,323
V6,447.5,Lower quintile,0.14977064280057167,0.07905569473550392,0.2738889914489602,323
V6,450.0,Lower quintile,0.14992016095002453,0.07977107247403749,0.27742959857387345,323
V6,452.5,Lower quintile,0.14486128870166234,0.07873423519497813,0.2711817318906287,323
V6,455.0,Lower quintile,0.14554591988529522,0.07821145254233375,0.2734310311549446,323
V6,457.5,Lower quintile,0.14754768990373687,0.08033791791092518,0.27415147570763143,323
V6,460.0,Lower quintile,0.14647703211982852,0.07990820424488505,0.27661706838666944,323
V6,462.5,Lower quintile,0.14357060081395212,0.07986703325763626,0.27601043441832696,323
V6,465.0,Lower quintile,0.1460347929577128,0.07933399475018935,0.27817407842292485,323
V6,467.5,Lower quintile,0.14743974973918825,0.07871699337241628,0.2791389075084969,323
V6,470.0,Lower quintile,0.1450815645370243,0.07662220767245767,0.26635018026136303,323
V6,472.5,Lower quintile,0.14683975308036118,0.08025552193783461,0.2649545539946043,323
V6,475.0,Lower quintile,0.14838954775710195,0.08184538480700781,0.2683439502038413,323
V6,477.5,Lower quintile,0.14518279160721848,0.08237765593553976,0.2657819380297243,323
V6,480.0,Lower quintile,0.14388488395706522,0.08170634118771236,0.26012788350621174,323
V6,482.5,Lower quintile,0.14789319270363413,0.08193919861456508,0.26361107628043234,323
V6,485.0,Lower quintile,0.14643301287305077,0.08169337244806707,0.26532487377060743,323
V6,487.5,Lower quintile,0.14275827617104456,0.07852265423884885,0.2683637150158049,323
V6,490.0,Lower quintile,0.1452037400429138,0.08181556223370787,0.2712095929915864,323
V6,492.5,Lower quintile,0.1463577235659766,0.08187519897174597,0.2718028409040659,323
V6,495.0,Lower quintile,0.14578294167842082,0.08089999726725161,0.26810157816740443,323
V6,497.5,Lower quintile,0.14432919016915918,0.08272719473098189,0.2648563218739323,323
I,-500.0,Upper quintile,0.2854761524715791,0.1547891854580536,0.5182632823789091,324
I,-497.5,Upper quintile,0.2882620431721433,0.150714827747017,0.515338268256361,324
I,-495.0,Upper quintile,0.2935823345194952,0.15501526362879098,0.510638129655636,324
I,-492.5,Upper quintile,0.2899761186330322,0.15507251462210234,0.5154731963317154,324
I,-490.0,Upper quintile,0.2889990918672548,0.15061728505440053,0.5143388892533192,324
I,-487.5,Upper quintile,0.29015672335410925,0.15118092166616426,0.5128332810403705,324
I,-485.0,Upper quintile,0.29157754489410664,0.1494938582643134,0.508618381549326,324
I,-482.5,Upper quintile,0.2925525215940312,0.14897512941388574,0.5133857336091905,324
I,-480.0,Upper quintile,0.2943180723903731,0.15283209644625378,0.5138482544807309,324
I,-477.5,Upper quintile,0.29842932003945294,0.1533318798761102,0.5075766191084977,324
I,-475.0,Upper quintile,0.29502266715485237,0.1548189367774298,0.511933797012993,324
I,-472.5,Upper quintile,0.2929305343022155,0.15899729286123995,0.5079993786744789,324
I,-470.0,Upper quintile,0.2940148289473691,0.15794849676359077,0.5109452636154728,324
I,-467.5,Upper quintile,0.292269840199147,0.15931544282996546,0.5110491586149064,324
I,-465.0,Upper quintile,0.2885562150403649,0.16259170377227403,0.5115154162816843,324
I,-462.5,Upper quintile,0.28617685814987326,0.16350956440382067,0.5145425910028046,324
I,-460.0,Upper quintile,0.28325529093999335,0.1657811936054729,0.516605295894996,324
I,-457.5,Upper quintile,0.29150294115020015,0.16482797787927506,0.5187140091031324,324
I,-455.0,Upper quintile,0.2914983662267381,0.16479663961983712,0.5143892567739533,324
I,-452.5,Upper quintile,0.28198946348417936,0.16159052386375147,0.5137550987676307,324
I,-450.0,Upper quintile,0.2834582407863975,0.15812721403728464,0.5077173365556767,324
I,-447.5,Upper quintile,0.2834755596758191,0.15549805871707384,0.5104118665464217,324
I,-445.0,Upper quintile,0.2887266588983184,0.15224788282245572,0.5064555601680477,324
I,-442.5,Upper quintile,0.29059232482763264,0.15227687859706632,0.502129489163268,324
I,-440.0,Upper quintile,0.27890467979407785,0.1504282731563913,0.5059986928398129,324
I,-437.5,Upper quintile,0.2793335209210843,0.1512671838944878,0.5078664001243496,324
I,-435.0,Upper quintile,0.2832262202111667,0.15393206411409804,0.5041435687716648,324
I,-432.5,Upper quintile,0.28560454092317733,0.15809851062790864,0.5067509560388045,324
I,-430.0,Upper quintile,0.28751627504474664,0.15482464166393908,0.5099569115086011,324
I,-427.5,Upper quintile,0.292039609313099,0.16190197101359236,0.514066854882399,324
I,-425.0,Upper quintile,0.2853691824592323,0.16269032502793246,0.5121215300461375,324
I,-422.5,Upper quintile,0.28553487093233315,0.16440925998471628,0.5072782909974501,324
I,-420.0,Upper quintile,0.2828988489445996,0.16346940889621506,0.5018628051058247,324
I,-417.5,Upper quintile,0.28846094844813686,0.16091526591637445,0.4982413705379929,324
I,-415.0,Upper quintile,0.28501371180199025,0.1624533702457295,0.49415664692957867,324
I,-412.5,Upper quintile,0.2816880515808453,0.16448088133738856,0.49763953287272095,324
I,-410.0,Upper quintile,0.28019055414633587,0.1574198264485577,0.5032859772881854,324
I,-407.5,Upper quintile,0.2841476613661247,0.15757508433003228,0.5045045670079085,324
I,-405.0,Upper quintile,0.28584150942171616,0.1598932457381298,0.4978017411193103,324
I,-402.5,Upper quintile,0.2883581694829459,0.15773697667210637,0.501753456011115,324
I,-400.0,Upper quintile,0.2890212306156776,0.1560425569800841,0.4981734052491193,324
I,-397.5,Upper quintile,0.2873423449389102,0.15505487375818455,0.4942771044424653,324
I,-395.0,Upper quintile,0.28856984204116254,0.15361486917282874,0.4911323204618041,324
I,-392.5,Upper quintile,0.28864652201985863,0.15134963009578445,0.4969774141113223,324
I,-390.0,Upper quintile,0.2857164114193811,0.15418718813886667,0.4964169797691247,324
I,-387.5,Upper quintile,0.2902771064003122,0.15302281064479953,0.4962122310789256,324
I,-385.0,Upper quintile,0.28399477447953436,0.16039795354766107,0.49305258830965093,324
I,-382.5,Upper quintile,0.28452820902868425,0.16131664272675345,0.4866862608770394,324
I,-380.0,Upper quintile,0.28367335488968926,0.1624661638914457,0.48150039329927985,324
I,-377.5,Upper quintile,0.2825264835412078,0.15996872152934127,0.4789877293031113,324
I,-375.0,Upper quintile,0.28487524499165284,0.15924554785184733,0.48077175173142717,324
I,-372.5,Upper quintile,0.2901245132116237,0.1596357637325449,0.48138197321578735,324
I,-370.0,Upper quintile,0.2879531124525563,0.15593782922126664,0.48058956332023517,324
I,-367.5,Upper quintile,0.29117511833219234,0.1590830714230334,0.4813879703646918,324
I,-365.0,Upper quintile,0.284622930805794,0.15965975744098032,0.4807778245885423,324
I,-362.5,Upper quintile,0.28344512162337354,0.1568806172632574,0.48490730816753946,324
I,-360.0,Upper quintile,0.2861545939645691,0.15673840160905808,0.482801840804231,324
I,-357.5,Upper quintile,0.2824855309536718,0.15296617676352608,0.4819302550981937,324
I,-355.0,Upper quintile,0.2834407176111453,0.1573770051721509,0.48422552265264435,324
I,-352.5,Upper quintile,0.28560960966320215,0.15691487995227119,0.48379462430111747,324
I,-350.0,Upper quintile,0.28248896815229346,0.1594193611605932,0.47494954658249633,324
I,-347.5,Upper quintile,0.27729658162597115,0.1605701894382353,0.4776100185122558,324
I,-345.0,Upper quintile,0.27857303919995213,0.15994754507820919,0.471779868802352,324
I,-342.5,Upper quintile,0.2767811845414534,0.16101895346942302,0.48015758152474775,324
I,-340.0,Upper quintile,0.2766641209327725,0.16073620701529637,0.47482448406803845,324
I,-337.5,Upper quintile,0.2777012801266011,0.15219826449749246,0.4755592820198733,324
I,-335.0,Upper quintile,0.27560087225964314,0.15354301500154516,0.47306961734919534,324
I,-332.5,Upper quintile,0.2790584387758491,0.1480317340323114,0.479955714196846,324
I,-330.0,Upper quintile,0.2769925490131913,0.14510651619168188,0.4783934652787635,324
I,-327.5,Upper quintile,0.27851317724537744,0.14274328652788454,0.4781582333689252,324
I,-325.0,Upper quintile,0.27930628685761316,0.1398223712504025,0.48320891645127534,324
I,-322.5,Upper quintile,0.2805385522421733,0.14517735785301752,0.4878302232018153,324
I,-320.0,Upper quintile,0.28604257677920536,0.14862511780560939,0.4915617448623688,324
I,-317.5,Upper quintile,0.2820938298583603,0.1467752991496391,0.49102129766891606,324
I,-315.0,Upper quintile,0.28258117533636995,0.15455479473577324,0.4894458864303772,324
I,-312.5,Upper quintile,0.2870416881733514,0.15158791485300604,0.48899801247162156,324
I,-310.0,Upper quintile,0.28687659726171644,0.155693681331874,0.48559648861688365,324
I,-307.5,Upper quintile,0.2890143207820045,0.15590836385410667,0.4897622048774771,324
I,-305.0,Upper quintile,0.28694175560051216,0.15665101678906668,0.48663943948115385,324
I,-302.5,Upper quintile,0.29638863663380854,0.15521336572840985,0.47832340490742337,324
I,-300.0,Upper quintile,0.29851271761856135,0.15128996591041266,0.4839873271538341,324
I,-297.5,Upper quintile,0.2901046040290268,0.14864455162256485,0.4811638741270732,324
I,-295.0,Upper quintile,0.2890646927323013,0.1502126293576017,0.48597176859358,324
I,-292.5,Upper quintile,0.28986743333586545,0.15172757260980818,0.4877658771524729,324
I,-290.0,Upper quintile,0.2895236828910021,0.15245547977599427,0.4919843672152952,324
I,-287.5,Upper quintile,0.2879434773061691,0.15401201932361908,0.4903540166314229,324
I,-285.0,Upper quintile,0.29096289478432313,0.15680356511454296,0.49078357216827484,324
I,-282.5,Upper quintile,0.3022579285035713,0.15685022193166948,0.4872775015962909,324
I,-280.0,Upper quintile,0.2985511766912379,0.15619955420189946,0.48862195593322755,324
I,-277.5,Upper quintile,0.2969035682871749,0.15495147592202552,0.48811395712398453,324
I,-275.0,Upper quintile,0.29298092337426074,0.15397890186034108,0.4971238239864487,324
I,-272.5,Upper quintile,0.29804038860976106,0.15792556153659873,0.48543910637910814,324
I,-270.0,Upper quintile,0.301082715719606,0.15508998915832803,0.48975145166439343,324
I,-267.5,Upper quintile,0.30037803845441274,0.15604638590546066,0.48562993692181655,324
I,-265.0,Upper quintile,0.2976970105443193,0.16169439386904802,0.4906069367278926,324
I,-262.5,Upper quintile,0.3003525830874548,0.16431639028446535,0.489979091390204,324
I,-260.0,Upper quintile,0.3018681254494565,0.16702593296542528,0.48701104738467815,324
I,-257.5,Upper quintile,0.3037779761755265,0.16577090235128253,0.4887696446643335,324
I,-255.0,Upper quintile,0.30388238597386763,0.16264575020816868,0.4961959150644669,324
I,-252.5,Upper quintile,0.3067931157794863,0.16333330499904994,0.4996476913546366,324
I,-250.0,Upper quintile,0.30174298992929527,0.16667563528444607,0.5021113397403936,324
I,-247.5,Upper quintile,0.3027718372066822,0.16855492408956607,0.49432106443297685,324
I,-245.0,Upper quintile,0.3012271042127266,0.17026713257366693,0.5000677089560388,324
I,-242.5,Upper quintile,0.3045081334847396,0.17113164842488182,0.5005086604139934,324
I,-240.0,Upper quintile,0.31184872972809297,0.1737902947046624,0.5118501887375844,324
I,-237.5,Upper quintile,0.31318718826769065,0.168094035164166,0.5045054896440515,324
I,-235.0,Upper quintile,0.3139774186343255,0.16626487952137936,0.508082541446616,324
I,-232.5,Upper quintile,0.31572133158358495,0.1690073148560295,0.5142850807137347,324
I,-230.0,Upper quintile,0.3204107237606667,0.17080411111849692,0.509818301137497,324
I,-227.5,Upper quintile,0.3148398343706977,0.1702140037589799,0.5114307952648418,324
I,-225.0,Upper quintile,0.31793151346467485,0.16791113405661873,0.5057735087664923,324
I,-222.5,Upper quintile,0.3191973929807924,0.16819083933020454,0.5086542234276995,324
I,-220.0,Upper quintile,0.3161209125006399,0.1722396402689641,0.5124083050545898,324
I,-217.5,Upper quintile,0.3151471931349602,0.17610860498668512,0.5109056323877725,324
I,-215.0,Upper quintile,0.31883288657751574,0.1703433843590306,0.5122827662167329,324
I,-212.5,Upper quintile,0.32275993786377544,0.16475410575095967,0.5205456639575702,324
I,-210.0,Upper quintile,0.32467694053906426,0.16617528244398921,0.5176427787601247,324
I,-207.5,Upper quintile,0.3175670912692258,0.16863815751768052,0.5234558230977918,324
I,-205.0,Upper quintile,0.3189297342570284,0.16927562379558322,0.5240404868535812,324
I,-202.5,Upper quintile,0.31791481290598766,0.17294405135497234,0.5155174182910367,324
I,-200.0,Upper quintile,0.31783264796579586,0.17762014434494036,0.5113155946120145,324
I,-197.5,Upper quintile,0.317035944510359,0.18129958216082007,0.513577549343091,324
I,-195.0,Upper quintile,0.31434296123554933,0.18138461080232857,0.5182894370720925,324
I,-192.5,Upper quintile,0.3157118581232552,0.18713397840698096,0.5221738306040451,324
I,-190.0,Upper quintile,0.3208897891828427,0.1899720952747222,0.5238555981812187,324
I,-187.5,Upper quintile,0.32550939226367254,0.18776456526714386,0.5263382249919715,324
I,-185.0,Upper quintile,0.32286585917296234,0.18797996160839134,0.5259054876247331,324
I,-182.5,Upper quintile,0.32951519685650893,0.18239978970794207,0.5237302471649767,324
I,-180.0,Upper quintile,0.3183135164392702,0.18211099303014552,0.5203222972898311,324
I,-177.5,Upper quintile,0.315641133968717,0.18082471039187975,0.5202538987567366,324
I,-175.0,Upper quintile,0.3158520858303755,0.18069616559498528,0.5181416204120652,324
I,-172.5,Upper quintile,0.3184037209537749,0.1819350037367088,0.5216901599414662,324
I,-170.0,Upper quintile,0.3141396841821265,0.17904924102002753,0.5207188918493584,324
I,-167.5,Upper quintile,0.3215215795127039,0.1782238846065273,0.5164960986071663,324
I,-165.0,Upper quintile,0.3249523980204575,0.1759485240700664,0.5215380946537257,324
I,-162.5,Upper quintile,0.3202992097740359,0.17535562092540322,0.5233192932293336,324
I,-160.0,Upper quintile,0.3197651715243195,0.17932014807354363,0.5208672969400052,324
I,-157.5,Upper quintile,0.3127175405675734,0.1775974908243794,0.518338990216442,324
I,-155.0,Upper quintile,0.3128218806259434,0.1770621156012019,0.521463282622031,324
I,-152.5,Upper quintile,0.3186465002329555,0.17898607936235117,0.5239260621311033,324
I,-150.0,Upper quintile,0.3143819630237102,0.1781614640399503,0.5181302391730842,324
I,-147.5,Upper quintile,0.31178912200079356,0.17540491588597096,0.5280897796970645,324
I,-145.0,Upper quintile,0.30708983486216324,0.17372138938760784,0.5272265976705401,324
I,-142.5,Upper quintile,0.3043644234004145,0.17319355718809426,0.517886285001857,324
I,-140.0,Upper quintile,0.3095783418587774,0.1739262724166946,0.5208198408399785,324
I,-137.5,Upper quintile,0.30713579576820677,0.17593392314505082,0.522334780988013,324
I,-135.0,Upper quintile,0.30124480599344183,0.17332949248476082,0.5212159647946727,324
I,-132.5,Upper quintile,0.2937888816018238,0.1776992654694957,0.5148270168490923,324
I,-130.0,Upper quintile,0.2970093650763933,0.17598616019707616,0.5194907618773685,324
I,-127.5,Upper quintile,0.29585076974528063,0.16635989667118548,0.5123533694006265,324
I,-125.0,Upper quintile,0.2953685435249478,0.16655129293454835,0.5101311858158539,324
I,-122.5,Upper quintile,0.29298780572634453,0.16884219969536657,0.5100423501456766,324
I,-120.0,Upper quintile,0.2923317420442456,0.15997850837004968,0.4999937635575242,324
I,-117.5,Upper quintile,0.29236782962882957,0.1623904408975112,0.49507434930159233,324
I,-115.0,Upper quintile,0.2892298370050097,0.16114266902621924,0.482424173494638,324
I,-112.5,Upper quintile,0.2775019879466788,0.15704006009024452,0.4838312355248903,324
I,-110.0,Upper quintile,0.2776958884223808,0.14964437023912136,0.48743255072015684,324
I,-107.5,Upper quintile,0.27779546393432186,0.1493488706507278,0.47768426205003,324
I,-105.0,Upper quintile,0.2869853679889295,0.1495462437142601,0.47526001470287205,324
I,-102.5,Upper quintile,0.2912752980867267,0.1509538526351148,0.48175705936042507,324
I,-100.0,Upper quintile,0.29270236267263106,0.1512936074366732,0.4812135175585923,324
I,-97.5,Upper quintile,0.29220890325408244,0.14352429228812633,0.4790606324788399,324
I,-95.0,Upper quintile,0.2967553422955177,0.14651013316578468,0.4772926264131689,324
I,-92.5,Upper quintile,0.2877418689244611,0.14568499203867702,0.46919736717966254,324
I,-90.0,Upper quintile,0.28602223781212427,0.1466197745469849,0.4694619818856782,324
I,-87.5,Upper quintile,0.2893410738524317,0.1427368981923102,0.471716560450984,324
I,-85.0,Upper quintile,0.2874986152551109,0.1330332914108831,0.4730567353360512,324
I,-82.5,Upper quintile,0.29237815503741854,0.13610662405796767,0.4684301499686976,324
I,-80.0,Upper quintile,0.2967174175819842,0.1377406701155422,0.4744959477072014,324
I,-77.5,Upper quintile,0.3035525778970545,0.14802615561547988,0.49033185506468824,324
I,-75.0,Upper quintile,0.3090499012735036,0.1468588211763191,0.489910974781468,324
I,-72.5,Upper quintile,0.3158606870245432,0.14868174251823577,0.5194870319331676,324
I,-70.0,Upper quintile,0.3187540396752119,0.15021879423279047,0.535860328420086,324
I,-67.5,Upper quintile,0.31554213216384086,0.15474386523698055,0.5405707333335972,324
I,-65.0,Upper quintile,0.32002777865025145,0.14840566175239406,0.5676951226986764,324
I,-62.5,Upper quintile,0.32592757605191236,0.13700310404802743,0.5808101429245367,324
I,-60.0,Upper quintile,0.3247829450011528,0.13460675328311908,0.5921329920659364,324
I,-57.5,Upper quintile,0.32946386120198634,0.14305834320911978,0.5978497016134978,324
I,-55.0,Upper quintile,0.3385753846054021,0.1338857160942664,0.600822317290484,324
I,-52.5,Upper quintile,0.3408695406762865,0.1348257454302946,0.625114358240892,324
I,-50.0,Upper quintile,0.35363509737702625,0.13491395811958654,0.6208683143066875,324
I,-47.5,Upper quintile,0.3803409612861328,0.16545598113920487,0.6156193212017367,324
I,-45.0,Upper quintile,0.38967774036145697,0.181299612627884,0.6365543399459724,324
I,-42.5,Upper quintile,0.42118498879752264,0.19709499385450885,0.6427461347419461,324
I,-40.0,Upper quintile,0.43751917634755855,0.21358101747807032,0.645019369693175,324
I,-37.5,Upper quintile,0.44465451113620647,0.23208383311582992,0.6785353418399648,324
I,-35.0,Upper quintile,0.4539521990802121,0.2499452660503922,0.6966250564485739,324
I,-32.5,Upper quintile,0.47701962854053664,0.26563966923507576,0.7173544964835379,324
I,-30.0,Upper quintile,0.49351254518341425,0.28475974881436183,0.729648759025914,324
I,-27.5,Upper quintile,0.5314725794905577,0.2969027832910433,0.772881872922229,324
I,-25.0,Upper quintile,0.5530631671838254,0.3283383407782329,0.7747465606341994,324
I,-22.5,Upper quintile,0.578894216307787,0.3662000302652942,0.8020275065039588,324
I,-20.0,Upper quintile,0.6282977896093049,0.37833841303148275,0.8400741980387499,324
I,-17.5,Upper quintile,0.6655865305830709,0.43016807086616804,0.8665641664568902,324
I,-15.0,Upper quintile,0.7254894623439307,0.46771655362320624,0.8948165109087004,324
I,-12.5,Upper quintile,0.7841967191593802,0.48688959650977864,0.9152657061786389,324
I,-10.0,Upper quintile,0.8239538828687352,0.42700963983985846,0.9294903758900463,324
I,-7.5,Upper quintile,0.8830012742522494,0.37837292054960625,0.960314307637585,324
I,-5.0,Upper quintile,0.9254011424819063,0.3802921291591572,0.9790501937856486,324
I,-2.5,Upper quintile,0.9431658582765565,0.35925726439770844,0.9900808836008234,324
I,0.0,Upper quintile,0.9419648209874281,0.3683890069728898,0.9921982889039558,324
I,2.5,Upper quintile,0.9032821803298205,0.39848014548759625,0.9721115513371945,324
I,5.0,Upper quintile,0.8417056172227793,0.4024197935641843,0.9337011283207126,324
I,7.5,Upper quintile,0.7728280843192576,0.4024529009973846,0.8829423089219854,324
I,10.0,Upper quintile,0.6971319799494592,0.40121553186492703,0.8336644404620048,324
I,12.5,Upper quintile,0.6265556528458871,0.292808225555017,0.7736311876504325,324
I,15.0,Upper quintile,0.5678479234981921,0.2655673154140092,0.7271286957026237,324
I,17.5,Upper quintile,0.49929373865196974,0.24538598820963972,0.6874705431609184,324
I,20.0,Upper quintile,0.4465038808478794,0.2369910322887893,0.6408313464594542,324
I,22.5,Upper quintile,0.39878705743495846,0.22918498725970018,0.5865879012465798,324
I,25.0,Upper quintile,0.3632626365097096,0.20534077185208147,0.5331765688253325,324
I,27.5,Upper quintile,0.3431752269504301,0.19660735173491312,0.5153676900046327,324
I,30.0,Upper quintile,0.3172280446356593,0.17960060648969317,0.4803684069511661,324
I,32.5,Upper quintile,0.29864668449877485,0.15909633195714687,0.4798252459240795,324
I,35.0,Upper quintile,0.27893205314850233,0.14430638866958767,0.48242461277120163,324
I,37.5,Upper quintile,0.2551878793517792,0.12872319541970517,0.46819458274328285,324
I,40.0,Upper quintile,0.23273049995945005,0.10693291605509614,0.45216264200590606,324
I,42.5,Upper quintile,0.2234110207113718,0.09389751668954917,0.4556460696778008,324
I,45.0,Upper quintile,0.21290823323013883,0.07785778335873272,0.4389713311080765,324
I,47.5,Upper quintile,0.2017638482068414,0.07885177147583428,0.43713756084723354,324
I,50.0,Upper quintile,0.19679804241773313,0.06576086391414045,0.4336628273241016,324
I,52.5,Upper quintile,0.19418652158047445,0.07063308790299838,0.4174947270183887,324
I,55.0,Upper quintile,0.18101024713140912,0.07054910612015584,0.41291893419225534,324
I,57.5,Upper quintile,0.18053882072446176,0.07304525082762829,0.4163094742759511,324
I,60.0,Upper quintile,0.17729130902883417,0.07858297643509578,0.41481208997679464,324
I,62.5,Upper quintile,0.18051968928432383,0.08324948605267837,0.40112210749383465,324
I,65.0,Upper quintile,0.1820626444216744,0.09303009324834922,0.40499981050692313,324
I,67.5,Upper quintile,0.1908376676658347,0.09946883039560267,0.4072940154129344,324
I,70.0,Upper quintile,0.19075508996187018,0.09677086365239347,0.4162942626273575,324
I,72.5,Upper quintile,0.19993622873817687,0.09538594895199035,0.4136798900494738,324
I,75.0,Upper quintile,0.20424335855825448,0.09626554042143734,0.4204893563120192,324
I,77.5,Upper quintile,0.21409442773359685,0.10150882186514376,0.42334950045835384,324
I,80.0,Upper quintile,0.22167873179115588,0.10195363592919557,0.43023662583412653,324
I,82.5,Upper quintile,0.21822833728946986,0.10715592869118268,0.440953011844494,324
I,85.0,Upper quintile,0.22187037690241015,0.10768727415750376,0.4608166926790183,324
I,87.5,Upper quintile,0.22610942783165905,0.10901121579936507,0.4585466082987387,324
I,90.0,Upper quintile,0.23233797528278033,0.10681597457211613,0.46141672916174553,324
I,92.5,Upper quintile,0.2343160485815186,0.10983407487786867,0.45789806791723087,324
I,95.0,Upper quintile,0.23347249590342922,0.11141254989145681,0.46145201477244874,324
I,97.5,Upper quintile,0.2310137052369381,0.11470287458808141,0.46444167760302585,324
I,100.0,Upper quintile,0.23245178436919417,0.11645539780446765,0.465982893559175,324
I,102.5,Upper quintile,0.2270193487876822,0.11527372074132491,0.48124016440026285,324
I,105.0,Upper quintile,0.2298825322397871,0.11435899810352373,0.4856379721451112,324
I,107.5,Upper quintile,0.2314602012471345,0.1147341623711524,0.488634556521906,324
I,110.0,Upper quintile,0.23933848455509535,0.1131177933164753,0.4938984509305509,324
I,112.5,Upper quintile,0.249324159706611,0.11438725302605761,0.4868879736115795,324
I,115.0,Upper quintile,0.25025270033343394,0.11679941110313725,0.4870084426077886,324
I,117.5,Upper quintile,0.24619751430188996,0.1150654857533216,0.48921406590051303,324
I,120.0,Upper quintile,0.25193196935776774,0.11897829350043186,0.4908543615363262,324
I,122.5,Upper quintile,0.2528065220985614,0.11494556894456462,0.4926436339446434,324
I,125.0,Upper quintile,0.25044147650475773,0.11860551034982549,0.49306677105134544,324
I,127.5,Upper quintile,0.25491624454326656,0.12238990180336685,0.4973848647581952,324
I,130.0,Upper quintile,0.25625973250967765,0.12270199653260801,0.49683853809049094,324
I,132.5,Upper quintile,0.2549453028188967,0.12350815155151298,0.5019894384005287,324
I,135.0,Upper quintile,0.2515866423940128,0.12534577255832613,0.502742289324635,324
I,137.5,Upper quintile,0.25546084537454483,0.12364522236612531,0.5091398662803386,324
I,140.0,Upper quintile,0.2533582119942528,0.1156875575104547,0.5137459675520651,324
I,142.5,Upper quintile,0.2553305691221076,0.11328114394508261,0.516611741395155,324
I,145.0,Upper quintile,0.2619957454537344,0.10720039715479728,0.5164303066702106,324
I,147.5,Upper quintile,0.26780407413812246,0.11331148521043385,0.516790150970148,324
I,150.0,Upper quintile,0.26330282906273916,0.11929314471239555,0.5187642527938322,324
I,152.5,Upper quintile,0.26673867334335155,0.11604849622241452,0.5182858682874476,324
I,155.0,Upper quintile,0.2672462928714626,0.1193115526035575,0.5162423147626991,324
I,157.5,Upper quintile,0.26371115222893504,0.11935515679230589,0.525056025651196,324
I,160.0,Upper quintile,0.2607690238320166,0.11898389136779258,0.5259987497263887,324
I,162.5,Upper quintile,0.26730862155965396,0.11761616825565685,0.5307957551555095,324
I,165.0,Upper quintile,0.27392725044923183,0.11524079954993757,0.5388743303433934,324
I,167.5,Upper quintile,0.26899190425244257,0.10860405993308961,0.545068395060174,324
I,170.0,Upper quintile,0.2668668857233057,0.10831324728168952,0.5554089655615102,324
I,172.5,Upper quintile,0.2656398681041927,0.10557585803921497,0.5410940696355282,324
I,175.0,Upper quintile,0.26864205429322185,0.10636248296455433,0.5458592564100595,324
I,177.5,Upper quintile,0.26821612251514926,0.10656454328067687,0.5450260242789784,324
I,180.0,Upper quintile,0.267638793773158,0.10472293202973425,0.5483549437858477,324
I,182.5,Upper quintile,0.27236669071315345,0.10807144259749636,0.5434417889888224,324
I,185.0,Upper quintile,0.27348293445428973,0.11069848055288542,0.5466682131601301,324
I,187.5,Upper quintile,0.2718127776027049,0.11175742581824483,0.5575513284762307,324
I,190.0,Upper quintile,0.27336439667336976,0.11029646643774006,0.5580848144000401,324
I,192.5,Upper quintile,0.27933300982624504,0.10699085341295983,0.5665428526049083,324
I,195.0,Upper quintile,0.27126233318386883,0.10974868471919126,0.5722675957004402,324
I,197.5,Upper quintile,0.2669310504671265,0.10587718704862203,0.5807700667419299,324
I,200.0,Upper quintile,0.26103804079112813,0.10515465808077173,0.5795896800482333,324
I,202.5,Upper quintile,0.2731602221531133,0.1079967118265728,0.5769698172787361,324
I,205.0,Upper quintile,0.2830098338158866,0.11105156050745772,0.5778031970651656,324
I,207.5,Upper quintile,0.2852664698075547,0.11243790245388992,0.5798283479360105,324
I,210.0,Upper quintile,0.29150012820265203,0.11080813728370975,0.5959603137477266,324
I,212.5,Upper quintile,0.2974118615499346,0.11091862959502463,0.5911830764699499,324
I,215.0,Upper quintile,0.302099821613553,0.10946539616435232,0.5945434087350363,324
I,217.5,Upper quintile,0.30256203140392873,0.10622036366076246,0.6002072330910184,324
I,220.0,Upper quintile,0.2964488210948618,0.10496038317177049,0.6073369034310532,324
I,222.5,Upper quintile,0.2956520416699918,0.1021141259416743,0.6119768003745258,324
I,225.0,Upper quintile,0.2937211321519854,0.10613420912924854,0.6071632604607073,324
I,227.5,Upper quintile,0.2948560715862994,0.10561206975091389,0.616689429800514,324
I,230.0,Upper quintile,0.29549187906109153,0.10751972382579413,0.6165638039581339,324
I,232.5,Upper quintile,0.29464266218427415,0.10387692951158632,0.619972030572578,324
I,235.0,Upper quintile,0.294085226809273,0.10807846218126418,0.6263166728065407,324
I,237.5,Upper quintile,0.30579308569808716,0.10346782044066802,0.6391168566685174,324
I,240.0,Upper quintile,0.3026642020463196,0.10299240726842876,0.6408418891009884,324
I,242.5,Upper quintile,0.3064864568270995,0.10310917577522641,0.6458956477491203,324
I,245.0,Upper quintile,0.3070138277246808,0.10537888136815884,0.6536556335633606,324
I,247.5,Upper quintile,0.31361152458491737,0.11365078261840342,0.6560572726512661,324
I,250.0,Upper quintile,0.3142383244630278,0.1122731969529875,0.6614117138833846,324
I,252.5,Upper quintile,0.32095607388294534,0.12159223762745747,0.662052082164565,324
I,255.0,Upper quintile,0.32083827404934995,0.12475516522491252,0.660914945289526,324
I,257.5,Upper quintile,0.31662767772503864,0.12636622034330466,0.6568744006258597,324
I,260.0,Upper quintile,0.32001039187502345,0.13049179005643163,0.6565997990995074,324
I,262.5,Upper quintile,0.31747557682910976,0.13630009299580506,0.6599541132534494,324
I,265.0,Upper quintile,0.32478917116478695,0.13692916434874636,0.6628515316072544,324
I,267.5,Upper quintile,0.32193840224602,0.13860967256151638,0.6624945360773811,324
I,270.0,Upper quintile,0.3280318392463758,0.1470980934456948,0.6524007290796602,324
I,272.5,Upper quintile,0.3303681758039378,0.15130301831007703,0.641930286509867,324
I,275.0,Upper quintile,0.33114927301622443,0.1632916063645124,0.647219559339491,324
I,277.5,Upper quintile,0.33665222913707005,0.1653020281192647,0.6501134422290521,324
I,280.0,Upper quintile,0.3377254783928526,0.16564281544748807,0.6440230431510677,324
I,282.5,Upper quintile,0.33340319881652936,0.15709924025133434,0.6352270424759247,324
I,285.0,Upper quintile,0.3436148431886511,0.1614717513259993,0.6454503676375197,324
I,287.5,Upper quintile,0.3479117642324507,0.16220111567413756,0.6323575111398181,324
I,290.0,Upper quintile,0.34314683872551566,0.15881847186459191,0.623053439325103,324
I,292.5,Upper quintile,0.3386865591251471,0.15297295178880094,0.6223742814252633,324
I,295.0,Upper quintile,0.3328929747953888,0.15654506785829136,0.6186080273709801,324
I,297.5,Upper quintile,0.34139577408543864,0.1590718680724798,0.6084891074871502,324
I,300.0,Upper quintile,0.34108990597560046,0.16022358561875727,0.61039629189582,324
I,302.5,Upper quintile,0.343723524866695,0.15908493426105302,0.6139590406055321,324
I,305.0,Upper quintile,0.3454239118404665,0.1645523169569633,0.6112680132234893,324
I,307.5,Upper quintile,0.34204129433583574,0.16218749001276353,0.6083926154235261,324
I,310.0,Upper quintile,0.3449860736547964,0.1717485733973864,0.6156263761201719,324
I,312.5,Upper quintile,0.3448470096547326,0.17250071928334695,0.6155412580171957,324
I,315.0,Upper quintile,0.35099139327552514,0.16895676382986333,0.608036314753216,324
I,317.5,Upper quintile,0.34000791981673056,0.16902915322397682,0.601078064713235,324
I,320.0,Upper quintile,0.3360101152228581,0.16845016626204928,0.6002031852172278,324
I,322.5,Upper quintile,0.3360487553566256,0.1681659164751419,0.5969121114503166,324
I,325.0,Upper quintile,0.3336305167592918,0.16854420652714358,0.5849644433454966,324
I,327.5,Upper quintile,0.3355226723029685,0.16546206179545234,0.5835387834536037,324
I,330.0,Upper quintile,0.3408939576688619,0.16419046961688905,0.5765038321239987,324
I,332.5,Upper quintile,0.3223319328689931,0.1633754332501722,0.5735592741692361,324
I,335.0,Upper quintile,0.3223039068481717,0.1630302984167381,0.5690197967086565,324
I,337.5,Upper quintile,0.33042395857001255,0.16032851245696547,0.5664629777347149,324
I,340.0,Upper quintile,0.3302901822066523,0.16198627764685486,0.5641529511035193,324
I,342.5,Upper quintile,0.32435631415629385,0.1691567539378508,0.5628945538436774,324
I,345.0,Upper quintile,0.3238577067324553,0.16959596782221278,0.563288532117168,324
I,347.5,Upper quintile,0.3293042569314507,0.1717512804368453,0.5580013726179675,324
I,350.0,Upper quintile,0.33207816068048324,0.16946691338213918,0.5528346103256782,324
I,352.5,Upper quintile,0.33030651382353593,0.16850103855437037,0.5490718951675121,324
I,355.0,Upper quintile,0.32334908380978616,0.16980167593448645,0.547596638401445,324
I,357.5,Upper quintile,0.3163690023634817,0.1738793028368987,0.5466114735508703,324
I,360.0,Upper quintile,0.3158365780418939,0.17461841073498577,0.5536678795307965,324
I,362.5,Upper quintile,0.314368096538281,0.1740429385907022,0.5399247311305677,324
I,365.0,Upper quintile,0.31637605535987146,0.16907055177459845,0.5383094497758473,324
I,367.5,Upper quintile,0.3184618175569339,0.1702561382337352,0.5417075775532053,324
I,370.0,Upper quintile,0.32061586665326436,0.17068188503136678,0.5384154649180473,324
I,372.5,Upper quintile,0.3294310254942054,0.17000503693735397,0.5350682011203992,324
I,375.0,Upper quintile,0.3261026699114805,0.17001339158319823,0.5324272865990402,324
I,377.5,Upper quintile,0.33006053327391205,0.17017118498762143,0.5221910826541354,324
I,380.0,Upper quintile,0.3208013409637006,0.16626791038801594,0.5197708211688443,324
I,382.5,Upper quintile,0.30899936063635314,0.1668250696124218,0.5273914351513014,324
I,385.0,Upper quintile,0.3153665064572089,0.1685547575813518,0.5223183759843653,324
I,387.5,Upper quintile,0.3120281556283776,0.16569700646373095,0.5202449746362179,324
I,390.0,Upper quintile,0.30827488466927133,0.16505851419216844,0.5191753656822424,324
I,392.5,Upper quintile,0.31246769793890794,0.16736247431501033,0.5192285877475896,324
I,395.0,Upper quintile,0.3094069358597581,0.17225455831435368,0.5168023260139519,324
I,397.5,Upper quintile,0.30695477668453025,0.17222170623320632,0.5103222900476418,324
I,400.0,Upper quintile,0.3081213559631659,0.17497591629497913,0.5134062447594747,324
I,402.5,Upper quintile,0.3098368956656016,0.17193903985493308,0.5080073718788135,324
I,405.0,Upper quintile,0.30623109837674733,0.1680905973590708,0.5076419432942096,324
I,407.5,Upper quintile,0.3091190536856866,0.1671240604339817,0.5059054988055899,324
I,410.0,Upper quintile,0.30729854824116676,0.17175857041345496,0.4999940135690906,324
I,412.5,Upper quintile,0.3078253679378616,0.17187216422448556,0.5009934149381297,324
I,415.0,Upper quintile,0.31019847733443945,0.16735975081682314,0.4999938699731439,324
I,417.5,Upper quintile,0.3057500928104739,0.16589588984701575,0.49636278768354913,324
I,420.0,Upper quintile,0.30849177742115985,0.1663190590717848,0.49962820746420694,324
I,422.5,Upper quintile,0.3073861373944965,0.16778580708658986,0.5038064185061862,324
I,425.0,Upper quintile,0.2979494063978113,0.16523267338838266,0.5068600125018051,324
I,427.5,Upper quintile,0.29930113604408937,0.16751301700785015,0.5059922378840895,324
I,430.0,Upper quintile,0.29637659610400957,0.16572661056984556,0.511910816167082,324
I,432.5,Upper quintile,0.2956979580051442,0.16562960910392932,0.5073212328434036,324
I,435.0,Upper quintile,0.2965982558491238,0.1657810269546692,0.4990050654049689,324
I,437.5,Upper quintile,0.297808098877715,0.17105689879920555,0.4970758716005613,324
I,440.0,Upper quintile,0.2931425632622605,0.16942081876860562,0.5006743533595899,324
I,442.5,Upper quintile,0.2934583004648421,0.16449806095709946,0.5073421714829683,324
I,445.0,Upper quintile,0.29368330129083,0.1697038960420038,0.5009619636962848,324
I,447.5,Upper quintile,0.29230216653089636,0.1616077821516686,0.5097814013010334,324
I,450.0,Upper quintile,0.2974638315479072,0.16267699532325633,0.4958510674009854,324
I,452.5,Upper quintile,0.2971457858652737,0.163784906518835,0.5006383398136912,324
I,455.0,Upper quintile,0.2989100576728108,0.16212221961867795,0.5007714532323526,324
I,457.5,Upper quintile,0.2981035266144806,0.16388860934041616,0.49591207518954317,324
I,460.0,Upper quintile,0.29974061963603027,0.1662983533451228,0.49715134550223156,324
I,462.5,Upper quintile,0.2975746914070189,0.168421949517804,0.5013779482607279,324
I,465.0,Upper quintile,0.29525358066600044,0.16489126022363465,0.5027325084268712,324
I,467.5,Upper quintile,0.2929737775910166,0.16530541320196918,0.5010392475504637,324
I,470.0,Upper quintile,0.29215750577275135,0.16756158374029154,0.5034764971773203,324
I,472.5,Upper quintile,0.29508966988887325,0.16938576522753251,0.5026545061414058,324
I,475.0,Upper quintile,0.29140753085650817,0.17009065639357984,0.5022372689258975,324
I,477.5,Upper quintile,0.2881713982525004,0.16978279342608013,0.5104434671963687,324
I,480.0,Upper quintile,0.2915646457910467,0.16879917661292054,0.5212373211166405,324
I,482.5,Upper quintile,0.29936060798410047,0.16568917472417832,0.5183614119305487,324
I,485.0,Upper quintile,0.30513359819688,0.16768728185920273,0.5215890111082304,324
I,487.5,Upper quintile,0.30249674735017096,0.1648410319468548,0.522584659787516,324
I,490.0,Upper quintile,0.30015393168919047,0.1651691280053877,0.5197977560749034,324
I,492.5,Upper quintile,0.3006219091996565,0.16738475937294073,0.5225226244897201,324
I,495.0,Upper quintile,0.303420283548966,0.17001246501944733,0.5245685424438354,324
I,497.5,Upper quintile,0.3004278933624005,0.1730245292383708,0.52174189193868,324
II,-500.0,Upper quintile,0.6006727665278839,0.2857645330387101,0.7945576461166012,324
II,-497.5,Upper quintile,0.6038801490660205,0.28949420818090027,0.7960227633846066,324
II,-495.0,Upper quintile,0.6181035909667854,0.2922817902754445,0.7996807347273429,324
II,-492.5,Upper quintile,0.6183753177040602,0.2841602096050986,0.7953437525934229,324
II,-490.0,Upper quintile,0.6161616723103086,0.2868732991063692,0.7948457278977076,324
II,-487.5,Upper quintile,0.6119066243809701,0.2988361607513386,0.796532228220149,324
II,-485.0,Upper quintile,0.6198651200379957,0.2988946544908446,0.7905382825581587,324
II,-482.5,Upper quintile,0.6168424712366082,0.3035262733341069,0.789669311486123,324
II,-480.0,Upper quintile,0.6141423057722725,0.30044961103817236,0.7934637076029005,324
II,-477.5,Upper quintile,0.60444496485709,0.29403503897047734,0.7886138578129611,324
II,-475.0,Upper quintile,0.6124765799362847,0.29220812852454364,0.7856732876099675,324
II,-472.5,Upper quintile,0.614196124733205,0.2901931292719051,0.7903868753525228,324
II,-470.0,Upper quintile,0.6145465291234171,0.29062044737794024,0.7934188701996661,324
II,-467.5,Upper quintile,0.604076083628529,0.2949565742425012,0.7907192631425012,324
II,-465.0,Upper quintile,0.6061085425794257,0.29992702491849177,0.7901293612161437,324
II,-462.5,Upper quintile,0.6117926555914324,0.29339607076357344,0.7923423836880481,324
II,-460.0,Upper quintile,0.6024217108253551,0.29815011742291586,0.7875162357870282,324
II,-457.5,Upper quintile,0.6019562339228149,0.29087958137685216,0.7876597656240949,324
II,-455.0,Upper quintile,0.604273894746121,0.2918208086107201,0.7937249698252289,324
II,-452.5,Upper quintile,0.5958233076956956,0.28863322145675163,0.7959853462286592,324
II,-450.0,Upper quintile,0.5951314377443666,0.28823016599617934,0.7887516462299304,324
II,-447.5,Upper quintile,0.6097623706212747,0.2825429784725816,0.7953835189467742,324
II,-445.0,Upper quintile,0.5946268302589774,0.282454755027319,0.789229452012512,324
II,-442.5,Upper quintile,0.5960202929719197,0.28223637738917456,0.7852048940958207,324
II,-440.0,Upper quintile,0.6062704730875914,0.279482045945492,0.7862543480556358,324
II,-437.5,Upper quintile,0.6026751439923761,0.2752483075645074,0.7895023785131914,324
II,-435.0,Upper quintile,0.6029961506656516,0.2772067992647773,0.784007331477846,324
II,-432.5,Upper quintile,0.6052568907544386,0.27747072070378653,0.7835198820114763,324
II,-430.0,Upper quintile,0.6018624533754875,0.27512117798679403,0.7844656943974256,324
II,-427.5,Upper quintile,0.6067452374007003,0.28087869583477265,0.7821337177717957,324
II,-425.0,Upper quintile,0.6017194715329257,0.2774072053699381,0.7799021334016922,324
II,-422.5,Upper quintile,0.5998740593027583,0.2774324306559073,0.782017843683659,324
II,-420.0,Upper quintile,0.593616164421686,0.2770787564047286,0.7806967079753185,324
II,-417.5,Upper quintile,0.5934234236864631,0.2751072868784782,0.7792762377065925,324
II,-415.0,Upper quintile,0.5925227892269438,0.2745095892743774,0.7778530693859178,324
II,-412.5,Upper quintile,0.5931001579479587,0.28216004019234947,0.7799660473117578,324
II,-410.0,Upper quintile,0.5916905851141021,0.2798130640460855,0.7704871842325448,324
II,-407.5,Upper quintile,0.5899623748194844,0.2767190852612012,0.7751219083584814,324
II,-405.0,Upper quintile,0.5959439178750917,0.28645214545486036,0.7816279044645604,324
II,-402.5,Upper quintile,0.5854457030945464,0.27939723516883586,0.7677567330674739,324
II,-400.0,Upper quintile,0.584708607148142,0.2795055953304641,0.7704038364684503,324
II,-397.5,Upper quintile,0.5855120345552602,0.2783901263889906,0.7780699373196889,324
II,-395.0,Upper quintile,0.5792870035473368,0.2767904411044086,0.7744069213509841,324
II,-392.5,Upper quintile,0.5815272624544553,0.2754251451798839,0.7670815308561083,324
II,-390.0,Upper quintile,0.5682145223059764,0.2742499138791596,0.7670052629259092,324
II,-387.5,Upper quintile,0.5657830170970543,0.28384423645136314,0.7693509627520977,324
II,-385.0,Upper quintile,0.577246073635,0.28287205687786493,0.7662385074701077,324
II,-382.5,Upper quintile,0.5739254410649448,0.28503841094137533,0.7645459077461745,324
II,-380.0,Upper quintile,0.5607439989803036,0.2882020900601816,0.7641030722956748,324
II,-377.5,Upper quintile,0.5613660470994384,0.28687093347594633,0.7642986677833503,324
II,-375.0,Upper quintile,0.5764046974307044,0.2829248213227073,0.7635312179188358,324
II,-372.5,Upper quintile,0.5698793458046835,0.2798648953016245,0.7663074117163,324
II,-370.0,Upper quintile,0.5675320222039225,0.2824928144835954,0.7634306523080877,324
II,-367.5,Upper quintile,0.5651720338079402,0.2861919318223465,0.757009282429751,324
II,-365.0,Upper quintile,0.5649588665053806,0.28278439966401486,0.7542813602916454,324
II,-362.5,Upper quintile,0.5606619459964033,0.2821281454442379,0.7568611088839858,324
II,-360.0,Upper quintile,0.5654222615557652,0.2833681348888865,0.7566370851826266,324
II,-357.5,Upper quintile,0.5611260706706719,0.2834753224190899,0.7562703243058064,324
II,-355.0,Upper quintile,0.5642032438305242,0.2804201009786521,0.7587197692189674,324
II,-352.5,Upper quintile,0.5742021407156057,0.27715963101876995,0.7584735819106425,324
II,-350.0,Upper quintile,0.5715673143625271,0.281175498463826,0.7544092219809767,324
II,-347.5,Upper quintile,0.5625502231324442,0.2842643269333853,0.7569564997315876,324
II,-345.0,Upper quintile,0.5703382246761601,0.28377309573048637,0.7585251409563549,324
II,-342.5,Upper quintile,0.5686795928846095,0.2943965400096006,0.755170205028133,324
II,-340.0,Upper quintile,0.5683762360870959,0.2917137314495786,0.7569671444061119,324
II,-337.5,Upper quintile,0.5779850121570821,0.29685534824158866,0.7581358692692117,324
II,-335.0,Upper quintile,0.581675567292185,0.2865081620003401,0.7549806864095862,324
II,-332.5,Upper quintile,0.587843923714791,0.28009768840878374,0.7568298778608421,324
II,-330.0,Upper quintile,0.5830701059762692,0.28378161107794236,0.7578622089780931,324
II,-327.5,Upper quintile,0.5850787298445637,0.27882931513408493,0.7614299649519848,324
II,-325.0,Upper quintile,0.5827665094237682,0.28806379790370756,0.756600035343968,324
II,-322.5,Upper quintile,0.592505861788835,0.29077927048437807,0.7558493387902592,324
II,-320.0,Upper quintile,0.5857848981272404,0.290310088210716,0.7576985310286698,324
II,-317.5,Upper quintile,0.588749697851018,0.2860756425709987,0.7497574762388668,324
II,-315.0,Upper quintile,0.5986826531659977,0.2815836964651612,0.7535571021726584,324
II,-312.5,Upper quintile,0.5967459372685072,0.2857596485506668,0.7550250577730824,324
II,-310.0,Upper quintile,0.6001544735618862,0.2877284555064329,0.7504663188554946,324
II,-307.5,Upper quintile,0.5973346633622617,0.28421267038682263,0.7505873325961038,324
II,-305.0,Upper quintile,0.6039395264853469,0.2880141335164087,0.753456555306295,324
II,-302.5,Upper quintile,0.595361321654504,0.2932462452176354,0.7533633712343715,324
II,-300.0,Upper quintile,0.5897989684647957,0.28533330923266487,0.752546528886443,324
II,-297.5,Upper quintile,0.584832011348142,0.2887659256381959,0.7550314108754558,324
II,-295.0,Upper quintile,0.5796315204208031,0.2923158904617249,0.7564836412618869,324
II,-292.5,Upper quintile,0.5810869779619687,0.2874916031003234,0.7536624395586616,324
II,-290.0,Upper quintile,0.588110591902169,0.28382684902428995,0.7540413890883968,324
II,-287.5,Upper quintile,0.5826385639385587,0.2873426927292301,0.758367795356398,324
II,-285.0,Upper quintile,0.5705694195671567,0.28862533926060985,0.758785505442506,324
II,-282.5,Upper quintile,0.5860824816000796,0.2835402261800333,0.7502400011558761,324
II,-280.0,Upper quintile,0.5886242752114105,0.28575269811090587,0.7596662913345713,324
II,-277.5,Upper quintile,0.5847335801528957,0.29033406604659007,0.7605298326309832,324
II,-275.0,Upper quintile,0.5938323833629392,0.28346835112805735,0.7598228441332601,324
II,-272.5,Upper quintile,0.5941565504453785,0.28884667799062363,0.7617426537836115,324
II,-270.0,Upper quintile,0.5990313129647988,0.2936790868505567,0.7637969431913654,324
II,-267.5,Upper quintile,0.6052141041435616,0.2935568350341482,0.7627026722719447,324
II,-265.0,Upper quintile,0.606878041158249,0.2881069891028144,0.7627808799181803,324
II,-262.5,Upper quintile,0.5991960408884348,0.28829069851561384,0.7663773631433525,324
II,-260.0,Upper quintile,0.5992148630364458,0.29550267805988206,0.7669427607875141,324
II,-257.5,Upper quintile,0.6061228759904147,0.29281414320105814,0.7659859648754336,324
II,-255.0,Upper quintile,0.5912204290314367,0.29932731493205966,0.7729436538032084,324
II,-252.5,Upper quintile,0.590802299908052,0.2989463685318001,0.772079190175582,324
II,-250.0,Upper quintile,0.6009255510600612,0.3018839565983299,0.7704873610664225,324
II,-247.5,Upper quintile,0.599061020837024,0.2942124118075321,0.7756953455195599,324
II,-245.0,Upper quintile,0.5868375081368251,0.29250475867815895,0.7873200144793531,324
II,-242.5,Upper quintile,0.5904471090819983,0.30305318705701656,0.779371821826406,324
II,-240.0,Upper quintile,0.5988356903988401,0.29885048739923714,0.7836100383289759,324
II,-237.5,Upper quintile,0.5929151682108652,0.2952436761562837,0.7835119305831818,324
II,-235.0,Upper quintile,0.6071199531071866,0.3077435541132767,0.7834547791299201,324
II,-232.5,Upper quintile,0.6026659396171161,0.30436503381368113,0.7824494470742879,324
II,-230.0,Upper quintile,0.5989027176588708,0.3026284004726401,0.7860251464111331,324
II,-227.5,Upper quintile,0.5986212561346385,0.31150703019280535,0.7887915137102726,324
II,-225.0,Upper quintile,0.611289720868845,0.309097706809071,0.781175953900221,324
II,-222.5,Upper quintile,0.6126750661709137,0.3118131795027501,0.7887621095412916,324
II,-220.0,Upper quintile,0.6074939146346292,0.31501700316163533,0.7931554872047938,324
II,-217.5,Upper quintile,0.6058887909700176,0.31726635681811455,0.7850206965541506,324
II,-215.0,Upper quintile,0.6085951220318084,0.3141281443984629,0.7902176754189221,324
II,-212.5,Upper quintile,0.6042198603196212,0.31370871721749827,0.790712712825623,324
II,-210.0,Upper quintile,0.599521902472286,0.325974110361255,0.788843268492639,324
II,-207.5,Upper quintile,0.6079989544946749,0.32763787842264125,0.7878824870068735,324
II,-205.0,Upper quintile,0.6051734124450961,0.31555612335880373,0.7929438621988334,324
II,-202.5,Upper quintile,0.6086134886605243,0.3223737241496746,0.790059545486969,324
II,-200.0,Upper quintile,0.6127739409837863,0.3223803930995299,0.7780714947816083,324
II,-197.5,Upper quintile,0.6024950624992593,0.3274055915635984,0.7802173950293262,324
II,-195.0,Upper quintile,0.6041680977070363,0.3225467916674128,0.7838384854146814,324
II,-192.5,Upper quintile,0.6026974634867921,0.32629969796182,0.7763322028446222,324
II,-190.0,Upper quintile,0.6036244239174775,0.32372554915358187,0.773215401855916,324
II,-187.5,Upper quintile,0.607761814874759,0.32008901121891564,0.7848411929316828,324
II,-185.0,Upper quintile,0.6018768003105972,0.32188328822399437,0.7749931322277868,324
II,-182.5,Upper quintile,0.603255541123343,0.3216816034088529,0.7698686940681441,324
II,-180.0,Upper quintile,0.6099610875422392,0.3106087711584493,0.779024017358243,324
II,-177.5,Upper quintile,0.6043422244613208,0.31544959172708553,0.7739339111562277,324
II,-175.0,Upper quintile,0.6097162042611961,0.30834274900375935,0.7702460958484906,324
II,-172.5,Upper quintile,0.6124115527606304,0.3005775080756765,0.7711755272484708,324
II,-170.0,Upper quintile,0.6058579752277347,0.2909242747379374,0.7669166617861858,324
II,-167.5,Upper quintile,0.6030562651749706,0.2986231815027732,0.766885144194345,324
II,-165.0,Upper quintile,0.6117439553787603,0.28839470267021683,0.7681291300293771,324
II,-162.5,Upper quintile,0.607598452317534,0.28873715253134535,0.768385188019401,324
II,-160.0,Upper quintile,0.6072573701661079,0.29306685984106434,0.764973046073582,324
II,-157.5,Upper quintile,0.6059972414621179,0.29162331653207235,0.7662051537230363,324
II,-155.0,Upper quintile,0.5944323844980606,0.286430781256566,0.7675174821014531,324
II,-152.5,Upper quintile,0.5988435050170565,0.28196024723142277,0.7615065204275695,324
II,-150.0,Upper quintile,0.6049702480011709,0.2835953016617665,0.7538859282806318,324
II,-147.5,Upper quintile,0.6018803461956411,0.282719778458285,0.7592090926062691,324
II,-145.0,Upper quintile,0.605367254245561,0.2780062609279673,0.7615545961011132,324
II,-142.5,Upper quintile,0.5974417292769434,0.27700626666521716,0.7541873120150001,324
II,-140.0,Upper quintile,0.5945442834394137,0.27314438029199695,0.750006489632464,324
II,-137.5,Upper quintile,0.5847483136721805,0.27914162127523384,0.7550420175172731,324
II,-135.0,Upper quintile,0.590965094754498,0.2826638230424688,0.7527794910626018,324
II,-132.5,Upper quintile,0.5846575046432445,0.2693066729087237,0.7517274664709124,324
II,-130.0,Upper quintile,0.5618015619271387,0.2669259653359922,0.753428493247896,324
II,-127.5,Upper quintile,0.5490927128037422,0.26701651851348895,0.748195149448894,324
II,-125.0,Upper quintile,0.5645933926780787,0.2688729148533362,0.7339883065383541,324
II,-122.5,Upper quintile,0.5559442820394831,0.2607136686252242,0.7346791060741446,324
II,-120.0,Upper quintile,0.5401849508862688,0.26105500442202356,0.7349621038707651,324
II,-117.5,Upper quintile,0.549776628039701,0.26077030639147747,0.7236165442745746,324
II,-115.0,Upper quintile,0.535848748272717,0.2637169333848943,0.7217531905207333,324
II,-112.5,Upper quintile,0.53229419015841,0.2644911915868171,0.7278358238374624,324
II,-110.0,Upper quintile,0.5390827179602282,0.2612276434160891,0.7258724887482255,324
II,-107.5,Upper quintile,0.5351691657576692,0.2611932835516928,0.7277136868669268,324
II,-105.0,Upper quintile,0.5266363550766853,0.2607644419241164,0.7292708041408518,324
II,-102.5,Upper quintile,0.5364545807158256,0.2555433106468416,0.7228611121373916,324
II,-100.0,Upper quintile,0.5324668488437966,0.26484298689799096,0.7197046618029086,324
II,-97.5,Upper quintile,0.5259428797615942,0.26162731163309894,0.7234956264750192,324
II,-95.0,Upper quintile,0.5288410185275119,0.2668785645883216,0.7328001582430992,324
II,-92.5,Upper quintile,0.5279397068169772,0.2659802085974185,0.7217028205570355,324
II,-90.0,Upper quintile,0.5200428966548905,0.2659991379571516,0.7285590050292685,324
II,-87.5,Upper quintile,0.5240482161236548,0.2750118967674299,0.7270398334422004,324
II,-85.0,Upper quintile,0.5325360603942859,0.2799018849777323,0.72442968214334,324
II,-82.5,Upper quintile,0.5353594936678544,0.2844032233135207,0.722059519895253,324
II,-80.0,Upper quintile,0.5262303665792774,0.2961442125049808,0.7219433206744077,324
II,-77.5,Upper quintile,0.5400281177767066,0.3071411097815819,0.7171051342344665,324
II,-75.0,Upper quintile,0.5466913163007734,0.31109324462902077,0.7213485482868884,324
II,-72.5,Upper quintile,0.5564151151619403,0.31856180758353964,0.7343641591483695,324
II,-70.0,Upper quintile,0.5666315524756322,0.3189464281221614,0.7382488768777561,324
II,-67.5,Upper quintile,0.5903369889073509,0.3307638895472173,0.7433607318030913,324
II,-65.0,Upper quintile,0.5891645496159583,0.3323651419568862,0.7500975518982702,324
II,-62.5,Upper quintile,0.600467819238993,0.35220544419762756,0.7691126248519093,324
II,-60.0,Upper quintile,0.6060311738667201,0.3570632329314637,0.7811022371444895,324
II,-57.5,Upper quintile,0.6236934757589339,0.37122835015660904,0.7876424802176886,324
II,-55.0,Upper quintile,0.6254908201929738,0.3799898484224151,0.7946716505498153,324
II,-52.5,Upper quintile,0.6420548425165378,0.38890819686294803,0.797264344796808,324
II,-50.0,Upper quintile,0.6530085009440877,0.38723736407866477,0.8093543892248005,324
II,-47.5,Upper quintile,0.6557463337786846,0.3922065759995872,0.8330038782209834,324
II,-45.0,Upper quintile,0.6619305951206116,0.3794778365601244,0.8459426050390735,324
II,-42.5,Upper quintile,0.6633464949480055,0.38172529490252516,0.8762378580939573,324
II,-40.0,Upper quintile,0.6397647564646591,0.3930498933393391,0.8753605529455392,324
II,-37.5,Upper quintile,0.6331017837952824,0.39381945460956247,0.8784539426678468,324
II,-35.0,Upper quintile,0.6241524904556095,0.37014248063596394,0.897298242536073,324
II,-32.5,Upper quintile,0.5976376132770915,0.3574766626767599,0.8847755356136628,324
II,-30.0,Upper quintile,0.5845787812383896,0.33859511387799957,0.8727594718917338,324
II,-27.5,Upper quintile,0.5642334515156116,0.33975787696196524,0.8614958355510884,324
II,-25.0,Upper quintile,0.5638633876806916,0.3215955621081801,0.822549792570196,324
II,-22.5,Upper quintile,0.5533554227909296,0.30155055349339477,0.7832104504277535,324
II,-20.0,Upper quintile,0.529061958850733,0.2780126039448857,0.7244147585565224,324
II,-17.5,Upper quintile,0.4827874548923163,0.24139148072113747,0.6773487974172875,324
II,-15.0,Upper quintile,0.43538372365578115,0.21408991751322665,0.6409171850286247,324
II,-12.5,Upper quintile,0.3823926822333649,0.1900934542345914,0.6287636702652705,324
II,-10.0,Upper quintile,0.3126391336149918,0.15134314417378064,0.6190191612299685,324
II,-7.5,Upper quintile,0.2560480556492761,0.10735699311829155,0.5884746554804859,324
II,-5.0,Upper quintile,0.19710538199197855,0.07291406613422152,0.522205535354823,324
II,-2.5,Upper quintile,0.15639091619709378,0.039845722121706804,0.4714440432366978,324
II,0.0,Upper quintile,0.125466254162238,0.019899432032973504,0.4769332026719948,324
II,2.5,Upper quintile,0.10272150895521659,0.02238946242203385,0.4263476069228461,324
II,5.0,Upper quintile,0.09480387457755099,0.02549691858937507,0.4194253550821591,324
II,7.5,Upper quintile,0.09668138703757623,0.027027394752259373,0.38034248397189596,324
II,10.0,Upper quintile,0.11613615854849839,0.04312194257957606,0.33357794311202016,324
II,12.5,Upper quintile,0.1387968314794728,0.05557446213654155,0.3422061321583116,324
II,15.0,Upper quintile,0.15371690167690538,0.06586604191947179,0.33852061730403127,324
II,17.5,Upper quintile,0.1773336741145053,0.08617184998720712,0.33217573286343816,324
II,20.0,Upper quintile,0.19051838174834576,0.1003997966856437,0.3368646987300895,324
II,22.5,Upper quintile,0.20888662887665244,0.11556246990987078,0.3480214628588264,324
II,25.0,Upper quintile,0.22540358404780145,0.10943623719401385,0.36491895670293817,324
II,27.5,Upper quintile,0.23580928644149413,0.11987429066535449,0.37508413926264045,324
II,30.0,Upper quintile,0.24563781537237012,0.1302420552033111,0.396077743797549,324
II,32.5,Upper quintile,0.25520400120653064,0.1370864249842924,0.405043845539296,324
II,35.0,Upper quintile,0.26855243596044676,0.14023377407390053,0.423097103791986,324
II,37.5,Upper quintile,0.2794226575137714,0.1571122864251001,0.4528326327673595,324
II,40.0,Upper quintile,0.28952019732891987,0.16015534143095606,0.4756909459514467,324
II,42.5,Upper quintile,0.2985995271468894,0.15583010408196715,0.493810238015134,324
II,45.0,Upper quintile,0.31086401419009335,0.15905431297245315,0.5082311275249102,324
II,47.5,Upper quintile,0.32280969896024325,0.1768075613116697,0.5236741230441402,324
II,50.0,Upper quintile,0.33632165839829176,0.1783052854579062,0.5409068417625948,324
II,52.5,Upper quintile,0.36205693481753715,0.17877515648169448,0.5645328734245297,324
II,55.0,Upper quintile,0.3734561545051519,0.1765592905070295,0.5876646283937441,324
II,57.5,Upper quintile,0.3982002428721247,0.16087424602473596,0.608899463117383,324
II,60.0,Upper quintile,0.415224271684451,0.16350125203635946,0.6189567829479035,324
II,62.5,Upper quintile,0.41883450502391617,0.17055813650151735,0.6436200021308922,324
II,65.0,Upper quintile,0.43720727796806097,0.18214576071513824,0.647594175129342,324
II,67.5,Upper quintile,0.43802919385370886,0.17109582692207376,0.6479370284034865,324
II,70.0,Upper quintile,0.44550857100518415,0.178972457360523,0.6709823625819188,324
II,72.5,Upper quintile,0.4555722525693915,0.19263856993713438,0.6824264187607219,324
II,75.0,Upper quintile,0.45642610739681105,0.19470089253110906,0.6888418024791734,324
II,77.5,Upper quintile,0.4538303546891793,0.203283578831988,0.705190998566663,324
II,80.0,Upper quintile,0.45762578497439416,0.22314752358018408,0.728373427236767,324
II,82.5,Upper quintile,0.4805096036616986,0.21510483418184634,0.7323441062690506,324
II,85.0,Upper quintile,0.48280850010284015,0.21303431389626837,0.7396255547728872,324
II,87.5,Upper quintile,0.48977133450036237,0.21813271922428534,0.7490018096940262,324
II,90.0,Upper quintile,0.4990963659143506,0.22307702336295565,0.7571186185895525,324
II,92.5,Upper quintile,0.5115662507330271,0.21829392079736076,0.7569002028647486,324
II,95.0,Upper quintile,0.5050177272751164,0.22510253149864046,0.7679314716431838,324
II,97.5,Upper quintile,0.5258020259919967,0.22642253369378246,0.770454496162836,324
II,100.0,Upper quintile,0.5364073336745389,0.23046685841856868,0.772452081821238,324
II,102.5,Upper quintile,0.5278146023866963,0.22656485826855138,0.7719939282132082,324
II,105.0,Upper quintile,0.5360371320103912,0.23114162080936942,0.773792136310491,324
II,107.5,Upper quintile,0.5414067132446897,0.23413845588505977,0.775664913599476,324
II,110.0,Upper quintile,0.539311108450235,0.2369000474857826,0.7798123593500146,324
II,112.5,Upper quintile,0.5275895801764043,0.2333576027869265,0.7873208615495193,324
II,115.0,Upper quintile,0.5412864990022335,0.2405310289661421,0.7820646990351101,324
II,117.5,Upper quintile,0.5383131941735356,0.23386813490110514,0.7854193298575807,324
II,120.0,Upper quintile,0.5237711938435913,0.2312085894395155,0.7938399710716726,324
II,122.5,Upper quintile,0.5428117409884292,0.24789767775607452,0.7898860467818104,324
II,125.0,Upper quintile,0.5546728432831503,0.23369869784126848,0.7887499456348406,324
II,127.5,Upper quintile,0.5439492413078553,0.24152449314549695,0.7944534283991995,324
II,130.0,Upper quintile,0.5450027843339261,0.24650558654240082,0.7963065905757696,324
II,132.5,Upper quintile,0.559777215643187,0.23356371314826913,0.7945363028476202,324
II,135.0,Upper quintile,0.5583567180762697,0.2323640685374021,0.8031702351051926,324
II,137.5,Upper quintile,0.5665827790130635,0.24435853095436516,0.8046334839649103,324
II,140.0,Upper quintile,0.5757576119319454,0.23637494113321683,0.803465905615295,324
II,142.5,Upper quintile,0.5765323421020079,0.23410095558154806,0.806087210841673,324
II,145.0,Upper quintile,0.5714071938527001,0.23622336241196537,0.8074368901810904,324
II,147.5,Upper quintile,0.5774796979506669,0.2371962212043438,0.8083417073453201,324
II,150.0,Upper quintile,0.5736194454535741,0.2307003878428669,0.8050594737734926,324
II,152.5,Upper quintile,0.5720696016562281,0.2192331606691382,0.8064656704525832,324
II,155.0,Upper quintile,0.5775939590502344,0.24729030810053154,0.8125837848375858,324
II,157.5,Upper quintile,0.583407044999714,0.24543172495981425,0.8116504155121226,324
II,160.0,Upper quintile,0.581127060199634,0.24269581066277582,0.814964538303021,324
II,162.5,Upper quintile,0.5957025513666891,0.24936522133161784,0.8218460077682536,324
II,165.0,Upper quintile,0.5902558545017476,0.24772549179057016,0.8147847012930411,324
II,167.5,Upper quintile,0.5854386247739702,0.2359956485105144,0.8173249525351701,324
II,170.0,Upper quintile,0.5956547329275077,0.24535676263019768,0.8291717282415513,324
II,172.5,Upper quintile,0.5835536220364125,0.2510483556466373,0.8320305763472573,324
II,175.0,Upper quintile,0.5885234951517486,0.2292864883646235,0.8318405474496463,324
II,177.5,Upper quintile,0.5840856318421934,0.2411429792409088,0.8408250797916423,324
II,180.0,Upper quintile,0.5847787922605105,0.2539544752255025,0.8423574440221342,324
II,182.5,Upper quintile,0.5869228901234648,0.2529396237250787,0.8376651187166488,324
II,185.0,Upper quintile,0.5807538136987682,0.23737361746411076,0.8478263172170949,324
II,187.5,Upper quintile,0.5814509232647016,0.25966474580358323,0.8513390818875273,324
II,190.0,Upper quintile,0.5906463829239931,0.2608309968036027,0.8570869983209983,324
II,192.5,Upper quintile,0.5976620624911335,0.2594523162369424,0.8535968455066472,324
II,195.0,Upper quintile,0.5997950062075719,0.25986784911269745,0.8564628246709075,324
II,197.5,Upper quintile,0.6056961510203466,0.2674126750321042,0.8551127696056298,324
II,200.0,Upper quintile,0.6288845145897546,0.2671291885083677,0.8600836059847825,324
II,202.5,Upper quintile,0.6199186494448261,0.2648989256456913,0.8673872006982828,324
II,205.0,Upper quintile,0.6300438803338373,0.27584384411747537,0.872409948440103,324
II,207.5,Upper quintile,0.6277443140285475,0.28084660675911294,0.8660090402414865,324
II,210.0,Upper quintile,0.6310135017336964,0.27583675703433574,0.8620586446988892,324
II,212.5,Upper quintile,0.6356108801009279,0.27971381182930954,0.8727371511816782,324
II,215.0,Upper quintile,0.6503524344420332,0.29445599972963443,0.8758645933693643,324
II,217.5,Upper quintile,0.653208458365808,0.28419151600651393,0.8787162890933291,324
II,220.0,Upper quintile,0.6552290449698328,0.2878159966137047,0.8854379278687904,324
II,222.5,Upper quintile,0.6554668683669953,0.2967312101660754,0.8916646051015522,324
II,225.0,Upper quintile,0.6714417895585869,0.29623682884903246,0.8824360797311939,324
II,227.5,Upper quintile,0.6708487251799868,0.29550058972557114,0.8905059854476883,324
II,230.0,Upper quintile,0.67361941501802,0.2993195264897356,0.8962334085026312,324
II,232.5,Upper quintile,0.6749877483771018,0.30768455436415487,0.898198193706407,324
II,235.0,Upper quintile,0.6738617117961458,0.29846459046358786,0.9000745924470397,324
II,237.5,Upper quintile,0.6651826802702917,0.30251613869678295,0.9028580635190353,324
II,240.0,Upper quintile,0.6692080555840987,0.30950698925663767,0.9003051473116285,324
II,242.5,Upper quintile,0.678170355054276,0.3168951534381072,0.8996850203134571,324
II,245.0,Upper quintile,0.6715079231119323,0.3222136989950369,0.90419269624881,324
II,247.5,Upper quintile,0.6844546678652871,0.32301194886066964,0.9020914751461413,324
II,250.0,Upper quintile,0.6809865778274519,0.338441223428653,0.8988419689971948,324
II,252.5,Upper quintile,0.686418644569242,0.31468300176206787,0.9036362856416025,324
II,255.0,Upper quintile,0.6990257786181089,0.32660094144344076,0.9120760320105875,324
II,257.5,Upper quintile,0.7139780831135464,0.3420326854584359,0.9063334400811109,324
II,260.0,Upper quintile,0.7066755905674256,0.3437652617296582,0.9038399151356282,324
II,262.5,Upper quintile,0.6908964687757839,0.3250098788618451,0.9135771233324521,324
II,265.0,Upper quintile,0.6913412783615153,0.3364213178550571,0.9079000280837531,324
II,267.5,Upper quintile,0.70583998190317,0.3225881988956252,0.9019330794027381,324
II,270.0,Upper quintile,0.7061170199691793,0.31290224544784423,0.9077138513848952,324
II,272.5,Upper quintile,0.7014905337460331,0.3173290630986303,0.9116116121377529,324
II,275.0,Upper quintile,0.7022699475761583,0.3220488958179224,0.9025794241719248,324
II,277.5,Upper quintile,0.7037522954842245,0.30316271164241687,0.9092227397106754,324
II,280.0,Upper quintile,0.6909240485906193,0.3097361508498729,0.9131870150277417,324
II,282.5,Upper quintile,0.6852422900168695,0.32981103512588344,0.9087787122971611,324
II,285.0,Upper quintile,0.6868331534702605,0.312047762848061,0.9091056777695291,324
II,287.5,Upper quintile,0.6967301675068808,0.3165737967046516,0.9072956791761858,324
II,290.0,Upper quintile,0.6817756523056338,0.32962016964306773,0.9033064218750262,324
II,292.5,Upper quintile,0.6896774348964885,0.32316336956723885,0.8976577817126814,324
II,295.0,Upper quintile,0.6880071710734909,0.3206560932233135,0.8968043898338076,324
II,297.5,Upper quintile,0.6686385785195122,0.3434822112816701,0.8936607429095393,324
II,300.0,Upper quintile,0.6593589886761836,0.3362245357550438,0.8762940044700558,324
II,302.5,Upper quintile,0.656243904473157,0.32844254428618713,0.8823536656163592,324
II,305.0,Upper quintile,0.6589625964892009,0.3283112099822564,0.8813429578962647,324
II,307.5,Upper quintile,0.6686636390286459,0.3315666059601171,0.8684661596805372,324
II,310.0,Upper quintile,0.6486906674216164,0.3194813634024847,0.8701652000865046,324
II,312.5,Upper quintile,0.6410369541235522,0.3164647928499211,0.8704065810670734,324
II,315.0,Upper quintile,0.6404965487019654,0.3196826992142056,0.8476949390255999,324
II,317.5,Upper quintile,0.6386078441889574,0.30885736394609564,0.8487074276732366,324
II,320.0,Upper quintile,0.6399202723268911,0.30970649924978555,0.8515217597806257,324
II,322.5,Upper quintile,0.6391310922232843,0.3097116035110841,0.845078513033154,324
II,325.0,Upper quintile,0.6384327492862878,0.3115115745949336,0.83635272455427,324
II,327.5,Upper quintile,0.6335972549886556,0.309609654672638,0.832530895323963,324
II,330.0,Upper quintile,0.6334406043813698,0.31023219981884975,0.8316645630737146,324
II,332.5,Upper quintile,0.6203981660695939,0.3095602979193085,0.8152650730406275,324
II,335.0,Upper quintile,0.6158739795100447,0.3091965801161715,0.817749935250403,324
II,337.5,Upper quintile,0.6218287860999826,0.30729957325750784,0.8210175528476306,324
II,340.0,Upper quintile,0.6125528242667735,0.3065110442638216,0.8146985625625486,324
II,342.5,Upper quintile,0.6028043322758414,0.30577445812004445,0.8022941367091823,324
II,345.0,Upper quintile,0.6101622608530244,0.3023461533592326,0.8064966079552672,324
II,347.5,Upper quintile,0.608985576998851,0.2970806811701771,0.7992670621572274,324
II,350.0,Upper quintile,0.6029440019384976,0.2862937407672258,0.7917499057270604,324
II,352.5,Upper quintile,0.6088239321824818,0.29214856963054864,0.7982727602692329,324
II,355.0,Upper quintile,0.5948397811554624,0.29503510877701183,0.7891170304049544,324
II,357.5,Upper quintile,0.595408612506487,0.2839775635993124,0.7900569148787562,324
II,360.0,Upper quintile,0.5888969659654406,0.28591243816750345,0.7830511486392988,324
II,362.5,Upper quintile,0.578584209081263,0.28368195176389166,0.788603751540248,324
II,365.0,Upper quintile,0.5813354112118478,0.27474403137300857,0.7798190862341307,324
II,367.5,Upper quintile,0.5881854705361473,0.27322910027198755,0.7718859611618368,324
II,370.0,Upper quintile,0.5752725507556722,0.2777321443302046,0.7817522509671055,324
II,372.5,Upper quintile,0.5750249795980358,0.2892100630696787,0.7720763712523313,324
II,375.0,Upper quintile,0.5790709876326009,0.28214943339062937,0.7722946735806179,324
II,377.5,Upper quintile,0.5818308314292422,0.2839857104726837,0.7789719938404218,324
II,380.0,Upper quintile,0.5717601397009004,0.285177417465698,0.771301762664241,324
II,382.5,Upper quintile,0.5839717696906277,0.2831276387057931,0.7699536853695629,324
II,385.0,Upper quintile,0.5892476129515305,0.2834675282020628,0.7770791019609211,324
II,387.5,Upper quintile,0.5946896770694139,0.2787926155649412,0.772562939306866,324
II,390.0,Upper quintile,0.588928963957454,0.2833652271905749,0.7639837406053004,324
II,392.5,Upper quintile,0.5868174670868375,0.2774363521985416,0.7620174894851497,324
II,395.0,Upper quintile,0.5914473393554585,0.27683136335363445,0.7662985151914148,324
II,397.5,Upper quintile,0.5906282050954064,0.2702484729175625,0.7545461966952177,324
II,400.0,Upper quintile,0.5829704904485019,0.2702122329169748,0.7600553306452728,324
II,402.5,Upper quintile,0.5885899315693017,0.27147689784830303,0.7627755779994304,324
II,405.0,Upper quintile,0.5908882992183588,0.2731790188800379,0.7512943342187369,324
II,407.5,Upper quintile,0.5768395805850033,0.2723603902422542,0.7449393712150044,324
II,410.0,Upper quintile,0.5829489688215139,0.2727225381939373,0.7522648692866339,324
II,412.5,Upper quintile,0.5716579984699823,0.2716365899132889,0.7529424670043122,324
II,415.0,Upper quintile,0.5642380713239474,0.27743079069882215,0.7484404531727541,324
II,417.5,Upper quintile,0.5812736929073313,0.2745148423470253,0.751795890097832,324
II,420.0,Upper quintile,0.5836532612649217,0.277104412493787,0.7520476460283347,324
II,422.5,Upper quintile,0.5748016324774347,0.28294372115615496,0.755704012077691,324
II,425.0,Upper quintile,0.578054726117794,0.284845240549686,0.7541254118082319,324
II,427.5,Upper quintile,0.5767076476983286,0.27302022036022827,0.7550386971845257,324
II,430.0,Upper quintile,0.5759750286696628,0.277745361574696,0.7492637869162252,324
II,432.5,Upper quintile,0.5724735162881625,0.27921008333772124,0.7495260344595601,324
II,435.0,Upper quintile,0.5589413603530856,0.27376143192726116,0.7505575461767371,324
II,437.5,Upper quintile,0.5779705903633903,0.2731403356571376,0.7504787071607777,324
II,440.0,Upper quintile,0.5724156145442418,0.28342206128207387,0.7538563655908704,324
II,442.5,Upper quintile,0.5719486509399533,0.2727984923243276,0.7577154888770286,324
II,445.0,Upper quintile,0.5665421655544687,0.2746404319657467,0.7521358900878381,324
II,447.5,Upper quintile,0.5702958116481585,0.2838564502431115,0.7528806673503241,324
II,450.0,Upper quintile,0.570036135323607,0.27194031782471195,0.7554062206290295,324
II,452.5,Upper quintile,0.5702449886518952,0.2719336600495525,0.7554291931736699,324
II,455.0,Upper quintile,0.5704365457459546,0.28215192992684013,0.7543651827461902,324
II,457.5,Upper quintile,0.5733882762256859,0.28107568060683763,0.7590275218698612,324
II,460.0,Upper quintile,0.5619060578492181,0.2734652332478968,0.7593548755919058,324
II,462.5,Upper quintile,0.5654369723619808,0.26706175437819435,0.7592794917385473,324
II,465.0,Upper quintile,0.5689014469161242,0.27057997201088524,0.7591029593841798,324
II,467.5,Upper quintile,0.5699170091313391,0.2734112398717003,0.7607014500611178,324
II,470.0,Upper quintile,0.5794462217080449,0.27070171089463846,0.7593566767453755,324
II,472.5,Upper quintile,0.5815047859510065,0.277516647881553,0.760086123340868,324
II,475.0,Upper quintile,0.5835701017010961,0.27623375873490946,0.7597778230736376,324
II,477.5,Upper quintile,0.5734400544986238,0.2689671499320061,0.762754292685607,324
II,480.0,Upper quintile,0.5772389251536194,0.26664144089458297,0.7649659625894804,324
II,482.5,Upper quintile,0.5726001488607688,0.27153238135789814,0.7633765946666953,324
II,485.0,Upper quintile,0.5714342402995083,0.27040063978028767,0.7641136948897177,324
II,487.5,Upper quintile,0.5781416623205418,0.26658830263502525,0.7677822053303299,324
II,490.0,Upper quintile,0.5791890957918026,0.2697175718763086,0.7670216065439945,324
II,492.5,Upper quintile,0.5784363016097227,0.26981811893434826,0.7687415793795364,324
II,495.0,Upper quintile,0.583656369296913,0.26654771373601877,0.765575711618341,324
II,497.5,Upper quintile,0.57674824443984,0.27133914581829954,0.7643426492450627,324
III,-500.0,Upper quintile,0.7397815519177441,0.4506207773832183,0.8609867442066969,324
III,-497.5,Upper quintile,0.7467203132141036,0.45899190102086207,0.8670937992122262,324
III,-495.0,Upper quintile,0.7558352442964448,0.4675528341291472,0.8680782062023091,324
III,-492.5,Upper quintile,0.7443087079634052,0.46188394054674325,0.8653061915013609,324
III,-490.0,Upper quintile,0.7490818492785865,0.45390351823774455,0.8664096867251643,324
III,-487.5,Upper quintile,0.75812182762243,0.45759001016445705,0.8722924991085171,324
III,-485.0,Upper quintile,0.747917931338084,0.4525399586696762,0.8669796953833719,324
III,-482.5,Upper quintile,0.7456953255178331,0.4523498693241443,0.8666638046740346,324
III,-480.0,Upper quintile,0.7600177510681447,0.4635635000279809,0.8727863040237771,324
III,-477.5,Upper quintile,0.7524153772835549,0.4595245537150284,0.867215473894317,324
III,-475.0,Upper quintile,0.7407352905624435,0.4606248165878678,0.8688031015471065,324
III,-472.5,Upper quintile,0.7490307236609621,0.45707224523523915,0.8695415808115023,324
III,-470.0,Upper quintile,0.7472555700921248,0.4534205726614352,0.8725524369022024,324
III,-467.5,Upper quintile,0.7379702298943618,0.46273882524947296,0.866182612156709,324
III,-465.0,Upper quintile,0.740465934154268,0.4625756824010134,0.8671802166663984,324
III,-462.5,Upper quintile,0.7520435496788684,0.4581698362885208,0.8740991653746122,324
III,-460.0,Upper quintile,0.7449785382433258,0.4635623987316111,0.8679542298621572,324
III,-457.5,Upper quintile,0.7390897144898262,0.46651002404168085,0.8670096431399481,324
III,-455.0,Upper quintile,0.7502134195853551,0.46401526895123646,0.869680794734931,324
III,-452.5,Upper quintile,0.7500446929696225,0.4702476198352754,0.8696212162927048,324
III,-450.0,Upper quintile,0.7357207241726837,0.46480815504855966,0.8653800747373752,324
III,-447.5,Upper quintile,0.7474213511377017,0.46416668562102315,0.8686979522099447,324
III,-445.0,Upper quintile,0.7537319558621374,0.4627869135340779,0.8690375642744379,324
III,-442.5,Upper quintile,0.7432390135125448,0.4816254928034732,0.8621206030870578,324
III,-440.0,Upper quintile,0.7470342020834027,0.46738550232586845,0.8576166335730533,324
III,-437.5,Upper quintile,0.7469816069942743,0.46314469630838284,0.8618876392679888,324
III,-435.0,Upper quintile,0.7334751605481746,0.468100258093727,0.8619456950889498,324
III,-432.5,Upper quintile,0.7384069769529084,0.46079270945179496,0.8610389785621263,324
III,-430.0,Upper quintile,0.7497019809908138,0.45521272365896503,0.8606720452292231,324
III,-427.5,Upper quintile,0.7495285362104332,0.4509385069591426,0.86155211221394,324
III,-425.0,Upper quintile,0.7420349588471924,0.4539804334335914,0.8592491807382895,324
III,-422.5,Upper quintile,0.7469584664025299,0.45199279579732204,0.8572975767282425,324
III,-420.0,Upper quintile,0.7496770221808131,0.4505231485094203,0.8564607731822257,324
III,-417.5,Upper quintile,0.7470064984792186,0.455754960967688,0.8552935976432503,324
III,-415.0,Upper quintile,0.7489826273403137,0.4544015592937005,0.8559483246332895,324
III,-412.5,Upper quintile,0.7452716544663727,0.4542616067318281,0.8572170757175978,324
III,-410.0,Upper quintile,0.7393321929907847,0.4568375039274184,0.851912991409529,324
III,-407.5,Upper quintile,0.7408666804020881,0.4535323113943122,0.8571111956570653,324
III,-405.0,Upper quintile,0.747052504314532,0.460503199021438,0.8554416515048809,324
III,-402.5,Upper quintile,0.7450800769205848,0.4609843243144177,0.8570805390292019,324
III,-400.0,Upper quintile,0.7405642263469121,0.45676395841785367,0.8496281217070614,324
III,-397.5,Upper quintile,0.7435549407459798,0.4557970679369983,0.856331752287112,324
III,-395.0,Upper quintile,0.7449237680450023,0.4549794679993129,0.8582793124610455,324
III,-392.5,Upper quintile,0.7339450166488273,0.46106660546505585,0.8492435510425085,324
III,-390.0,Upper quintile,0.7395609589140475,0.44822353228109774,0.8487777044261555,324
III,-387.5,Upper quintile,0.7413687376004106,0.4563285729865973,0.8537046893061256,324
III,-385.0,Upper quintile,0.7345485383022787,0.4602587562104584,0.8553766606123108,324
III,-382.5,Upper quintile,0.741421375185557,0.4565158836052926,0.8451248688275618,324
III,-380.0,Upper quintile,0.7384091489676772,0.45739095288950143,0.8513322281098183,324
III,-377.5,Upper quintile,0.7386211394557619,0.4611469017833207,0.8508134136731794,324
III,-375.0,Upper quintile,0.7332112413905283,0.4602100080138725,0.8473162650548373,324
III,-372.5,Upper quintile,0.738282883417411,0.44799762583250125,0.8456918304635511,324
III,-370.0,Upper quintile,0.7405518651823529,0.4484728450733736,0.8489099956643811,324
III,-367.5,Upper quintile,0.7309126073993699,0.4568006855021475,0.843661927131315,324
III,-365.0,Upper quintile,0.7310960018088744,0.44869971033273737,0.8424658268109895,324
III,-362.5,Upper quintile,0.7406653591012613,0.4506158726191306,0.8482616489303934,324
III,-360.0,Upper quintile,0.7367849580839654,0.44722425696172646,0.8464464144533793,324
III,-357.5,Upper quintile,0.7345475062061297,0.44767557430921556,0.8370820937623216,324
III,-355.0,Upper quintile,0.7395812065947014,0.45174960046944396,0.8410343829194307,324
III,-352.5,Upper quintile,0.7388971940595045,0.4538037015093084,0.8433031851536906,324
III,-350.0,Upper quintile,0.7369845149529883,0.45730740284200844,0.8362236800270691,324
III,-347.5,Upper quintile,0.7365469207062765,0.46039302954499456,0.8480230426189936,324
III,-345.0,Upper quintile,0.7373299335001877,0.4487735209473034,0.8518556389297178,324
III,-342.5,Upper quintile,0.7338821340760957,0.4554730997603749,0.84856900604673,324
III,-340.0,Upper quintile,0.7367494865866582,0.4492793047835218,0.847125891215272,324
III,-337.5,Upper quintile,0.7380184353322599,0.4511517114611212,0.8527603753229552,324
III,-335.0,Upper quintile,0.7289085141518241,0.44796252552863197,0.8447164436431206,324
III,-332.5,Upper quintile,0.7301194565173184,0.4533881775686549,0.8358229127254477,324
III,-330.0,Upper quintile,0.7336693669586944,0.4458796347421647,0.8387557768566074,324
III,-327.5,Upper quintile,0.7338776817780871,0.4598377231357142,0.8451082149402563,324
III,-325.0,Upper quintile,0.7285185452165748,0.4598090465049012,0.8387987446858675,324
III,-322.5,Upper quintile,0.7328564376656959,0.44556855826106767,0.8407897294421869,324
III,-320.0,Upper quintile,0.7381322326567745,0.44723331368249,0.8465102897933977,324
III,-317.5,Upper quintile,0.7317045630614094,0.45889253634355265,0.8396292190313286,324
III,-315.0,Upper quintile,0.7325435086085919,0.45339687885257085,0.8446579969058737,324
III,-312.5,Upper quintile,0.7347618607999351,0.448122016335595,0.8466709490420414,324
III,-310.0,Upper quintile,0.7308345327021744,0.4449423038200908,0.8430707567553525,324
III,-307.5,Upper quintile,0.7296978675512016,0.4640299786520867,0.838292461267667,324
III,-305.0,Upper quintile,0.732085217233698,0.4528913555405835,0.8484343490517189,324
III,-302.5,Upper quintile,0.7314365025520104,0.4577415375203875,0.8458915534418412,324
III,-300.0,Upper quintile,0.729146265769631,0.470105419008468,0.8351281252449096,324
III,-297.5,Upper quintile,0.7213761060696422,0.44199006801919705,0.8371921020172889,324
III,-295.0,Upper quintile,0.7352660115904244,0.44230158169847344,0.8426297838707708,324
III,-292.5,Upper quintile,0.7308792046361055,0.4567744876387186,0.8348219324492325,324
III,-290.0,Upper quintile,0.7290483950215727,0.4521808861107599,0.8308312562538618,324
III,-287.5,Upper quintile,0.7354330497200514,0.4470887784612693,0.8384589845129167,324
III,-285.0,Upper quintile,0.731342588401553,0.45752797619925456,0.8318080802430041,324
III,-282.5,Upper quintile,0.7279860088561123,0.46760335478581855,0.8351735872895644,324
III,-280.0,Upper quintile,0.7322318495084023,0.45722669574927455,0.8397380682719926,324
III,-277.5,Upper quintile,0.7331542863459111,0.46170650316898154,0.8443408172503791,324
III,-275.0,Upper quintile,0.7260718948060885,0.46473708735108277,0.8393210318042602,324
III,-272.5,Upper quintile,0.7321199242337141,0.4619244127241333,0.8436885571928879,324
III,-270.0,Upper quintile,0.73619010942005,0.4668128842703326,0.8450557063206252,324
III,-267.5,Upper quintile,0.7290890410408424,0.47436299360785816,0.8430343805635478,324
III,-265.0,Upper quintile,0.7252257981902348,0.4731106562651065,0.8421430845526956,324
III,-262.5,Upper quintile,0.7366631664172203,0.4630922787009977,0.844534930796133,324
III,-260.0,Upper quintile,0.7307601071204446,0.47629793839431345,0.8353171096144318,324
III,-257.5,Upper quintile,0.7316867617890833,0.4809701966871123,0.8386596270003661,324
III,-255.0,Upper quintile,0.7411769569867614,0.47458225915197083,0.8377214742298891,324
III,-252.5,Upper quintile,0.7413517582390633,0.477633255705335,0.8380110359160605,324
III,-250.0,Upper quintile,0.7372162498976504,0.4918070011211355,0.8330956554086971,324
III,-247.5,Upper quintile,0.7409161522415022,0.4820793717205578,0.8391408268322343,324
III,-245.0,Upper quintile,0.7416820534694091,0.4770187399679595,0.8450264541519286,324
III,-242.5,Upper quintile,0.7327158510592794,0.49153729317530226,0.8353979933011269,324
III,-240.0,Upper quintile,0.7337104576812334,0.48919591165966747,0.8402050113547281,324
III,-237.5,Upper quintile,0.743121215638411,0.4860561370368549,0.8511019285337957,324
III,-235.0,Upper quintile,0.7404586928835529,0.5020250622490545,0.8408680163451466,324
III,-232.5,Upper quintile,0.7338991595608566,0.5124494816432718,0.8414634542198489,324
III,-230.0,Upper quintile,0.740185903134504,0.49197674059477003,0.8488832639508381,324
III,-227.5,Upper quintile,0.7430516094202801,0.4946723932982845,0.8464311352938577,324
III,-225.0,Upper quintile,0.7351342473080886,0.501373842056116,0.8427168439193777,324
III,-222.5,Upper quintile,0.7423623343072203,0.4867914779568554,0.8486875674578142,324
III,-220.0,Upper quintile,0.7461632529454902,0.4782833332930682,0.8457830824459919,324
III,-217.5,Upper quintile,0.7456488068501432,0.4782373095913983,0.8462831060907946,324
III,-215.0,Upper quintile,0.7437928432887307,0.47773099612888165,0.8512923161155944,324
III,-212.5,Upper quintile,0.7521821595601598,0.4689210708081857,0.8555087034502267,324
III,-210.0,Upper quintile,0.7416793961398952,0.47432887519906486,0.857065026316397,324
III,-207.5,Upper quintile,0.73556598415595,0.4773593435630703,0.8537474146385878,324
III,-205.0,Upper quintile,0.7493302102535275,0.4448576732262608,0.8546853640729987,324
III,-202.5,Upper quintile,0.747928479137784,0.45197133484126933,0.850820187672862,324
III,-200.0,Upper quintile,0.7350932672988255,0.46835276400411163,0.8416658578171221,324
III,-197.5,Upper quintile,0.7389310352728635,0.4667940846788047,0.8489478856540326,324
III,-195.0,Upper quintile,0.7456225813734492,0.4669960633123563,0.8499841406661477,324
III,-192.5,Upper quintile,0.7371509657598915,0.4982945192036248,0.8421091430389707,324
III,-190.0,Upper quintile,0.7362866980843895,0.48294818369855436,0.845522031051501,324
III,-187.5,Upper quintile,0.746860417009989,0.4870216533118026,0.8504601601213388,324
III,-185.0,Upper quintile,0.7396272412613198,0.4830536990482786,0.8468567499984335,324
III,-182.5,Upper quintile,0.738483228852896,0.46154889697706913,0.8446483351606521,324
III,-180.0,Upper quintile,0.7398388198290217,0.4505288984925831,0.8485698242302393,324
III,-177.5,Upper quintile,0.7414185990948594,0.46505693675063087,0.8531138320983673,324
III,-175.0,Upper quintile,0.7341089554165006,0.46711434413475944,0.8510977695153246,324
III,-172.5,Upper quintile,0.740570126968506,0.45708171691505906,0.8565342048215685,324
III,-170.0,Upper quintile,0.7426834440609187,0.4762396432086058,0.8555872655553555,324
III,-167.5,Upper quintile,0.7389940249608982,0.4751479320623192,0.8460270029375839,324
III,-165.0,Upper quintile,0.7332132005378074,0.4598160298283042,0.8464579971614707,324
III,-162.5,Upper quintile,0.7382681924736936,0.45432209368081,0.851217411534911,324
III,-160.0,Upper quintile,0.7315159888184859,0.45653676478924277,0.8398325656448518,324
III,-157.5,Upper quintile,0.7268647382654776,0.45100872842325146,0.8390526987728936,324
III,-155.0,Upper quintile,0.7277071889887736,0.4600089719095502,0.8478363793497394,324
III,-152.5,Upper quintile,0.7271275453481857,0.4534270067359342,0.8461278984479822,324
III,-150.0,Upper quintile,0.7255919278169329,0.45341468620993663,0.8430017758993928,324
III,-147.5,Upper quintile,0.7205637555198523,0.4530618157956233,0.8434387613120302,324
III,-145.0,Upper quintile,0.7309819348824906,0.4449001025181634,0.8434671814006638,324
III,-142.5,Upper quintile,0.7203849172343147,0.45318528325681,0.8343651052015115,324
III,-140.0,Upper quintile,0.7194287962536801,0.4460018031359187,0.8360583345951785,324
III,-137.5,Upper quintile,0.7282639829380703,0.4491823869263186,0.8341991209216186,324
III,-135.0,Upper quintile,0.7172054557817202,0.4564167736931823,0.8246881007848854,324
III,-132.5,Upper quintile,0.7161330740835221,0.4503404870992135,0.8258051551323498,324
III,-130.0,Upper quintile,0.7119056744267817,0.4610496431197739,0.8308945362258991,324
III,-127.5,Upper quintile,0.7112498337363893,0.45444062407985375,0.8271874307308268,324
III,-125.0,Upper quintile,0.7103902573555259,0.4615604353426409,0.8294588876827207,324
III,-122.5,Upper quintile,0.7080017441021718,0.4485152001498836,0.829729635559807,324
III,-120.0,Upper quintile,0.7094441112449735,0.4552921340043179,0.8296254445731854,324
III,-117.5,Upper quintile,0.7041147216569016,0.449115222502301,0.8288131410080558,324
III,-115.0,Upper quintile,0.7115166246674929,0.4424502824510645,0.8301280887385477,324
III,-112.5,Upper quintile,0.7181728471134818,0.4345275352586651,0.8304368751478709,324
III,-110.0,Upper quintile,0.7107495618844057,0.43995533433661044,0.8326565473156253,324
III,-107.5,Upper quintile,0.7051098052454821,0.4472099936300362,0.8225351500355486,324
III,-105.0,Upper quintile,0.7102235097901612,0.43416161719287827,0.8269823071111172,324
III,-102.5,Upper quintile,0.7104960740983721,0.43574720231317954,0.8268222431000003,324
III,-100.0,Upper quintile,0.7006256035732841,0.4399427682001999,0.8254809979374791,324
III,-97.5,Upper quintile,0.7093898793239214,0.43195939543903106,0.8294274818899529,324
III,-95.0,Upper quintile,0.7045969400276852,0.4306188758833434,0.8305505471541479,324
III,-92.5,Upper quintile,0.7122068357722255,0.44260121774677436,0.8279684409478412,324
III,-90.0,Upper quintile,0.7123253151110641,0.44055576269967267,0.8291963723493019,324
III,-87.5,Upper quintile,0.7097444718320938,0.45164085697057527,0.8355732420368276,324
III,-85.0,Upper quintile,0.7071399029399885,0.4589057160918176,0.8332252606815108,324
III,-82.5,Upper quintile,0.7139217026784891,0.46629332920940936,0.8302404247260537,324
III,-80.0,Upper quintile,0.7190385636127068,0.4391241321732771,0.8351656162248875,324
III,-77.5,Upper quintile,0.7163273324175572,0.4526477772090505,0.8334622000225683,324
III,-75.0,Upper quintile,0.7097844950416421,0.440679882360579,0.8287900190646147,324
III,-72.5,Upper quintile,0.7161615456082904,0.4447281729799547,0.8358412552786961,324
III,-70.0,Upper quintile,0.7113995710114215,0.45146414676661306,0.8405488011969253,324
III,-67.5,Upper quintile,0.7094138107311752,0.4445302561326667,0.84043264938949,324
III,-65.0,Upper quintile,0.7079944154129336,0.45680097513086987,0.8415869289404669,324
III,-62.5,Upper quintile,0.7159939912898892,0.4633703416368972,0.8455048137070318,324
III,-60.0,Upper quintile,0.7115047087219034,0.4634956747486523,0.855700347416829,324
III,-57.5,Upper quintile,0.7126604832707145,0.46945770475446136,0.8558973604857913,324
III,-55.0,Upper quintile,0.7125091558938742,0.4598435775548413,0.8621439515926936,324
III,-52.5,Upper quintile,0.712351570283063,0.46692366382995126,0.8721137197704525,324
III,-50.0,Upper quintile,0.704427086015601,0.46888625860349253,0.8690954920655789,324
III,-47.5,Upper quintile,0.7158728812015314,0.4683763687972184,0.8844048405974927,324
III,-45.0,Upper quintile,0.6986704598499778,0.45162727957368887,0.906496047914744,324
III,-42.5,Upper quintile,0.670668511155852,0.4370800078473168,0.905847072704045,324
III,-40.0,Upper quintile,0.6560622942141596,0.42281953047906534,0.9069460105406171,324
III,-37.5,Upper quintile,0.6425103220347423,0.4481700599207357,0.9152063879903134,324
III,-35.0,Upper quintile,0.6594807581939415,0.42155317910861784,0.9000910467469376,324
III,-32.5,Upper quintile,0.6361423526655925,0.40141156913512993,0.8726461740110656,324
III,-30.0,Upper quintile,0.6269891922421601,0.37737900417797005,0.8596411552750891,324
III,-27.5,Upper quintile,0.6071657395295089,0.36618714953108056,0.8190386848537565,324
III,-25.0,Upper quintile,0.5769395368794239,0.3454315354054241,0.7854046203398948,324
III,-22.5,Upper quintile,0.5636146062578393,0.3229451711560125,0.7320183301636871,324
III,-20.0,Upper quintile,0.5344694177785216,0.30396411440729865,0.6754847722478104,324
III,-17.5,Upper quintile,0.46292916191159117,0.2794564649829426,0.6697183972874081,324
III,-15.0,Upper quintile,0.40384064243317486,0.24993069731494152,0.6092758636088892,324
III,-12.5,Upper quintile,0.3306411209275393,0.20874990955514222,0.5858138230046253,324
III,-10.0,Upper quintile,0.25357531997602045,0.15076543107061607,0.5752391109889281,324
III,-7.5,Upper quintile,0.17486081327531675,0.08863628794582928,0.5125447769216636,324
III,-5.0,Upper quintile,0.11001552813783366,0.05043480599072531,0.513663199144939,324
III,-2.5,Upper quintile,0.04899453729786501,0.017533994538817668,0.5252297257542778,324
III,0.0,Upper quintile,0.012280546795835928,0.0,0.53196961982606,324
III,2.5,Upper quintile,0.020477461734020916,0.004357770865448124,0.561597779135621,324
III,5.0,Upper quintile,0.05239674092761129,0.019607029349673233,0.554012589819599,324
III,7.5,Upper quintile,0.08635307975515323,0.040025766983692125,0.5711969591398558,324
III,10.0,Upper quintile,0.14648721126122488,0.07541426652491716,0.527177647839457,324
III,12.5,Upper quintile,0.20398746279285312,0.1174651239747368,0.5001262660510215,324
III,15.0,Upper quintile,0.25654659928417783,0.1496175644018799,0.49406879757736466,324
III,17.5,Upper quintile,0.3155947897561534,0.18358494115397422,0.5262306089190255,324
III,20.0,Upper quintile,0.3534479099371501,0.22005472560139133,0.5285328646450762,324
III,22.5,Upper quintile,0.38772449572978945,0.2490375241290022,0.5599945383302217,324
III,25.0,Upper quintile,0.4027751908895271,0.27814903940057756,0.5806960309360858,324
III,27.5,Upper quintile,0.41385621445351006,0.31134185001477377,0.5893966500081501,324
III,30.0,Upper quintile,0.44414744641107606,0.32407737950930493,0.6015533456796682,324
III,32.5,Upper quintile,0.47419613673919175,0.35597617168291795,0.6370801054192468,324
III,35.0,Upper quintile,0.49962338297897124,0.3690537653182563,0.6546850361367338,324
III,37.5,Upper quintile,0.51865349297597,0.3630036109521648,0.6858879589050726,324
III,40.0,Upper quintile,0.5398162053019196,0.3702634767809908,0.6985384317690834,324
III,42.5,Upper quintile,0.5579312226059069,0.3825477291436449,0.7102758526714849,324
III,45.0,Upper quintile,0.5660516933889385,0.36905571144076355,0.7316174448501702,324
III,47.5,Upper quintile,0.5882021432257112,0.3697021878033391,0.7584228408167085,324
III,50.0,Upper quintile,0.602033692890386,0.3919188668263046,0.7619001040105515,324
III,52.5,Upper quintile,0.6170796981145188,0.4002634191720964,0.7839260901782135,324
III,55.0,Upper quintile,0.6356453622840532,0.40254014811485045,0.7918023239143056,324
III,57.5,Upper quintile,0.6617412314968664,0.4201738147024034,0.795426454758489,324
III,60.0,Upper quintile,0.6717400457290237,0.4007470717403393,0.8069721697702652,324
III,62.5,Upper quintile,0.6817763197683149,0.39974240676174116,0.8199573181756052,324
III,65.0,Upper quintile,0.6921930961709615,0.406226635888126,0.8260589485467442,324
III,67.5,Upper quintile,0.6958873670659718,0.4166254311484383,0.8311598313230252,324
III,70.0,Upper quintile,0.7076307536245159,0.39298596037563605,0.8393452074950294,324
III,72.5,Upper quintile,0.7201469889620395,0.4028500692092436,0.8410823992681085,324
III,75.0,Upper quintile,0.7102092620903651,0.4086548073059226,0.8445781693968122,324
III,77.5,Upper quintile,0.7169812348816818,0.39108352338231933,0.8508879197422627,324
III,80.0,Upper quintile,0.7312198562143466,0.3784721069391753,0.8536783582308076,324
III,82.5,Upper quintile,0.7275277128031159,0.38421606733015307,0.849331142514689,324
III,85.0,Upper quintile,0.7415979364346259,0.3718271261919291,0.8525844742330083,324
III,87.5,Upper quintile,0.743074838593945,0.3453153787739026,0.8582741303608423,324
III,90.0,Upper quintile,0.7441304555366295,0.37776446706552935,0.8549540712376462,324
III,92.5,Upper quintile,0.74421644180012,0.3863652358615807,0.8531138794161803,324
III,95.0,Upper quintile,0.7516737860286488,0.3615074601942745,0.8570695268073474,324
III,97.5,Upper quintile,0.743771723892828,0.3835445695931221,0.8595435548330302,324
III,100.0,Upper quintile,0.7346915106253058,0.40713745667373186,0.8528412536075956,324
III,102.5,Upper quintile,0.7530829666181005,0.386489055126069,0.8604457979821745,324
III,105.0,Upper quintile,0.7463935244752637,0.38103819311023157,0.8593964326390493,324
III,107.5,Upper quintile,0.740549288257985,0.4010073495008676,0.8570747278136911,324
III,110.0,Upper quintile,0.7447776731304188,0.38603549357390476,0.8582407421994873,324
III,112.5,Upper quintile,0.7469495620334536,0.3719739070634281,0.8597992911021517,324
III,115.0,Upper quintile,0.7447243500575761,0.4026624383327475,0.8582261867649126,324
III,117.5,Upper quintile,0.7322798801920916,0.40369252106247056,0.8591288688980505,324
III,120.0,Upper quintile,0.7441237182375857,0.37860693002273077,0.8622934896018268,324
III,122.5,Upper quintile,0.7411335685713534,0.3910059741541836,0.8612529432667217,324
III,125.0,Upper quintile,0.7389527202323056,0.4079324731858584,0.8589542858244804,324
III,127.5,Upper quintile,0.7474292537242193,0.37092870512402665,0.8636428660564981,324
III,130.0,Upper quintile,0.7427734091392753,0.3829259508418348,0.8614754355104437,324
III,132.5,Upper quintile,0.7417097571241958,0.3916205912536324,0.8611558797954024,324
III,135.0,Upper quintile,0.7565672051168908,0.3816076177322208,0.8633276162876458,324
III,137.5,Upper quintile,0.7405664778088147,0.36455076748387755,0.8637986195664431,324
III,140.0,Upper quintile,0.7407347645556379,0.39865043934085787,0.8575562435336056,324
III,142.5,Upper quintile,0.7412926426233263,0.39392915735401635,0.8605204983842487,324
III,145.0,Upper quintile,0.7416154992365451,0.37296401279192537,0.8660031852032326,324
III,147.5,Upper quintile,0.7426780622908334,0.39164070691665276,0.864201589513149,324
III,150.0,Upper quintile,0.7481111535844237,0.399677979703003,0.8631278676850571,324
III,152.5,Upper quintile,0.7519168578880571,0.38320152434587745,0.8673664805781137,324
III,155.0,Upper quintile,0.750563660758311,0.38545009854616485,0.8683573043185263,324
III,157.5,Upper quintile,0.749127678994383,0.4029786161877211,0.8629876208392748,324
III,160.0,Upper quintile,0.7457456581827032,0.3903689375163588,0.8688055310243186,324
III,162.5,Upper quintile,0.7398221896882322,0.3803132515263176,0.8704478945135705,324
III,165.0,Upper quintile,0.7400435539885732,0.3864605092881407,0.8683869458144473,324
III,167.5,Upper quintile,0.747915285215053,0.38399140066669324,0.8689259913192364,324
III,170.0,Upper quintile,0.7470991018262616,0.38030835812509756,0.8774412866034895,324
III,172.5,Upper quintile,0.7415087536808749,0.3822221303180956,0.8763363502527601,324
III,175.0,Upper quintile,0.7487451146225858,0.3783166823964718,0.8739728228271125,324
III,177.5,Upper quintile,0.7451066833403015,0.36521258398895573,0.8820333780239815,324
III,180.0,Upper quintile,0.7525993079774211,0.36248182286599806,0.8811358232957067,324
III,182.5,Upper quintile,0.7519436582672134,0.37026550336997843,0.879331534926178,324
III,185.0,Upper quintile,0.7597884568699842,0.37298128993026647,0.8830849238397197,324
III,187.5,Upper quintile,0.7566879557614747,0.35581528255466566,0.8871746183508978,324
III,190.0,Upper quintile,0.758154588784741,0.3709820965596078,0.887009391864757,324
III,192.5,Upper quintile,0.7623328501508579,0.3683937527652106,0.8924524932977325,324
III,195.0,Upper quintile,0.7665419774128694,0.33627805232424485,0.896258557951449,324
III,197.5,Upper quintile,0.76435951536719,0.3496009620027902,0.8957597117262847,324
III,200.0,Upper quintile,0.7582151789705529,0.36112051507434556,0.8928237610261276,324
III,202.5,Upper quintile,0.7708554429468133,0.3519446737750067,0.8986084094673347,324
III,205.0,Upper quintile,0.7784157483942958,0.337237018345079,0.903324398080257,324
III,207.5,Upper quintile,0.7681225794232555,0.36918096810981016,0.8995738370062782,324
III,210.0,Upper quintile,0.7703984145566019,0.3691858441734495,0.9060662746309583,324
III,212.5,Upper quintile,0.7757376539906442,0.37075756575437047,0.9073948088438222,324
III,215.0,Upper quintile,0.7714219567221261,0.37221988582105137,0.9076411062623512,324
III,217.5,Upper quintile,0.7710943137344056,0.3748825951242183,0.9047502996493728,324
III,220.0,Upper quintile,0.7794802633972993,0.3886583158427628,0.9100261110127669,324
III,222.5,Upper quintile,0.7722910039460599,0.39093980542440926,0.9091404157103993,324
III,225.0,Upper quintile,0.7695218099699892,0.3980423789865345,0.9073335898370004,324
III,227.5,Upper quintile,0.7767812158084602,0.3900385209815854,0.91720438359232,324
III,230.0,Upper quintile,0.7784466524575773,0.3936126093322206,0.9187436175772203,324
III,232.5,Upper quintile,0.7679524501219853,0.40542938989248256,0.9154689623578935,324
III,235.0,Upper quintile,0.7736191587269623,0.3895582759096078,0.9125717346153498,324
III,237.5,Upper quintile,0.7758556570967543,0.3665426285461423,0.917365532769193,324
III,240.0,Upper quintile,0.762371083353609,0.3745280216594137,0.9192065498430797,324
III,242.5,Upper quintile,0.7638119901242075,0.39628198819569793,0.9221823916161594,324
III,245.0,Upper quintile,0.7687721968485131,0.37280086959677516,0.9275609550621592,324
III,247.5,Upper quintile,0.7646664434816146,0.38775456966013305,0.9256100727639429,324
III,250.0,Upper quintile,0.7633719387717486,0.39930026843528976,0.9161733394882933,324
III,252.5,Upper quintile,0.7677268301942051,0.4048015835138065,0.9261907683711443,324
III,255.0,Upper quintile,0.7658781310770034,0.4202633099420021,0.9193085052484213,324
III,257.5,Upper quintile,0.7672868453958932,0.40503461585744843,0.9190613673545179,324
III,260.0,Upper quintile,0.7714333341097337,0.42294054430977324,0.9169843529198307,324
III,262.5,Upper quintile,0.7753545224539455,0.41994000003459714,0.9198485604481528,324
III,265.0,Upper quintile,0.7577329017727763,0.4298776478307167,0.9204590641424295,324
III,267.5,Upper quintile,0.7698624677394632,0.4191406588149951,0.9207331490226224,324
III,270.0,Upper quintile,0.7710936277173515,0.40269435557204225,0.9226919097387813,324
III,272.5,Upper quintile,0.7576714778320959,0.4155089595529926,0.917696027666825,324
III,275.0,Upper quintile,0.7634030462729027,0.4242392968644446,0.917125597180311,324
III,277.5,Upper quintile,0.763546272557539,0.41276915677480663,0.9137084599594103,324
III,280.0,Upper quintile,0.7645475633714363,0.41087997596508313,0.9100654750915016,324
III,282.5,Upper quintile,0.7500086184373788,0.4166636104956144,0.9062602636983585,324
III,285.0,Upper quintile,0.7533307124137847,0.41631706256641415,0.9045573018341211,324
III,287.5,Upper quintile,0.7601642615343525,0.40772730206863006,0.9040102748698118,324
III,290.0,Upper quintile,0.7461427076270553,0.4119691384351363,0.8944773753753734,324
III,292.5,Upper quintile,0.7505434201891905,0.4289635903061337,0.8933723052905919,324
III,295.0,Upper quintile,0.7486834494860546,0.40459799522546047,0.894702869887012,324
III,297.5,Upper quintile,0.7393468372599632,0.4259933083082708,0.887228558113048,324
III,300.0,Upper quintile,0.7306518372227342,0.44260077924052815,0.8815388985140868,324
III,302.5,Upper quintile,0.7331642765281995,0.41973005133751756,0.8836908872918241,324
III,305.0,Upper quintile,0.7267683637523117,0.42212414220674066,0.8823966555172226,324
III,307.5,Upper quintile,0.7263398629248224,0.4328333546890015,0.8775289661843975,324
III,310.0,Upper quintile,0.7303942797397229,0.4268536721514078,0.8702312141581496,324
III,312.5,Upper quintile,0.7293094896924619,0.4040697498301383,0.8697671703427419,324
III,315.0,Upper quintile,0.7255399915864782,0.4257899859611312,0.8681985443280986,324
III,317.5,Upper quintile,0.7289723838086608,0.43075642999734143,0.8643136497869401,324
III,320.0,Upper quintile,0.7388517568779008,0.4249493473418516,0.863408297661205,324
III,322.5,Upper quintile,0.7323368992919481,0.4265624213013817,0.8636717275545244,324
III,325.0,Upper quintile,0.7316113816690812,0.4396247109121551,0.8545030827563158,324
III,327.5,Upper quintile,0.7328011387339951,0.42371325909564767,0.8591473788332866,324
III,330.0,Upper quintile,0.7338993954716265,0.41345445619994076,0.8566062626273939,324
III,332.5,Upper quintile,0.7257033872246703,0.42525501746346717,0.8505750655474509,324
III,335.0,Upper quintile,0.7350470450582913,0.43408960947481606,0.8465192442675276,324
III,337.5,Upper quintile,0.7395054584637062,0.419500359127708,0.8563573042400611,324
III,340.0,Upper quintile,0.7324467150424443,0.42459007458896475,0.851780019843488,324
III,342.5,Upper quintile,0.7338760068273052,0.431893245743826,0.8464431097605173,324
III,345.0,Upper quintile,0.7357343970186117,0.4228105174275578,0.8551449660824959,324
III,347.5,Upper quintile,0.7328037562917745,0.4234559492563995,0.8478593365594268,324
III,350.0,Upper quintile,0.7268962866625375,0.426102423196477,0.8410500722387017,324
III,352.5,Upper quintile,0.7328607624285276,0.4220022549208653,0.840960674420483,324
III,355.0,Upper quintile,0.7286174618005348,0.4292006382869953,0.8330180905557344,324
III,357.5,Upper quintile,0.7228119215865845,0.4303306129403323,0.8289846554564562,324
III,360.0,Upper quintile,0.7247685652636003,0.4325577504670419,0.8374702389530347,324
III,362.5,Upper quintile,0.7242684301561733,0.4240239643294345,0.836111024446968,324
III,365.0,Upper quintile,0.7192361539245482,0.4287875523172053,0.8289902127429344,324
III,367.5,Upper quintile,0.722411900972002,0.4334375894516455,0.8307064834916229,324
III,370.0,Upper quintile,0.7235944048173562,0.4302817868403998,0.8376150787203354,324
III,372.5,Upper quintile,0.719971312994212,0.4411263688418531,0.8336763256960649,324
III,375.0,Upper quintile,0.7134866674423916,0.4394990721187895,0.8275690559648916,324
III,377.5,Upper quintile,0.7209809909576889,0.43885950827130454,0.8337316453167131,324
III,380.0,Upper quintile,0.7223076571982562,0.44123094193950213,0.833259657789267,324
III,382.5,Upper quintile,0.7132460895203224,0.44692206131306844,0.8206776181431967,324
III,385.0,Upper quintile,0.7171791781240149,0.44835967856300113,0.8224917540153727,324
III,387.5,Upper quintile,0.722826823843191,0.443827670365353,0.8272078014493605,324
III,390.0,Upper quintile,0.7156162953337739,0.44212522097961493,0.8202332705386234,324
III,392.5,Upper quintile,0.7139858221477684,0.4540614076066072,0.8229919417177733,324
III,395.0,Upper quintile,0.7190774432821481,0.43924533211097483,0.8277360348803469,324
III,397.5,Upper quintile,0.7179839791403764,0.4444982690251814,0.8231264060690651,324
III,400.0,Upper quintile,0.7134981121495917,0.4406572310999308,0.8198911429161653,324
III,402.5,Upper quintile,0.7170029517630772,0.4408164670469105,0.8281087094699874,324
III,405.0,Upper quintile,0.7183955058287884,0.43933743739738784,0.8245193507956354,324
III,407.5,Upper quintile,0.7145729669571721,0.45084277882698015,0.8182139340958765,324
III,410.0,Upper quintile,0.7181478942497208,0.4396523200220187,0.8239781035684213,324
III,412.5,Upper quintile,0.7156657416036174,0.44392454939673526,0.8258859559515654,324
III,415.0,Upper quintile,0.7140823465626072,0.44928690804890953,0.8207741965387134,324
III,417.5,Upper quintile,0.7136098624863942,0.4415892707354842,0.8247021684403042,324
III,420.0,Upper quintile,0.7201856786976331,0.43306895208544516,0.8280807268440802,324
III,422.5,Upper quintile,0.7188657576629973,0.4380507258308999,0.8275996327667156,324
III,425.0,Upper quintile,0.7110087462866133,0.4455655553503577,0.8256302398521306,324
III,427.5,Upper quintile,0.7215283512198003,0.4409633130595372,0.8273483340824725,324
III,430.0,Upper quintile,0.7174554878785762,0.4516456932994849,0.8297467630337749,324
III,432.5,Upper quintile,0.7104445486330535,0.4416235926681177,0.8222903929126267,324
III,435.0,Upper quintile,0.7164182557911905,0.4405175473314761,0.8284559779398524,324
III,437.5,Upper quintile,0.7214907908418356,0.4437488416774986,0.8328800560156495,324
III,440.0,Upper quintile,0.7098016668232048,0.44759241610343403,0.8288610703176964,324
III,442.5,Upper quintile,0.7149788663925295,0.442798703812098,0.8329827198437126,324
III,445.0,Upper quintile,0.7206888742380775,0.431668406965659,0.8358546688249622,324
III,447.5,Upper quintile,0.7135378136814186,0.4475081736780826,0.8340539697182465,324
III,450.0,Upper quintile,0.7133150722326838,0.45270698687613176,0.8317112561931405,324
III,452.5,Upper quintile,0.7255911023105273,0.4369812641710498,0.8342960916112128,324
III,455.0,Upper quintile,0.7191545983740028,0.4463408010486777,0.8355156004074076,324
III,457.5,Upper quintile,0.7160440616999519,0.4458741043095833,0.8284924765514875,324
III,460.0,Upper quintile,0.7218608000347979,0.4431323178826765,0.8333279959662625,324
III,462.5,Upper quintile,0.7275377104588197,0.4383940630105455,0.8338833167312552,324
III,465.0,Upper quintile,0.7180736636397695,0.44691740214105335,0.8271310966565588,324
III,467.5,Upper quintile,0.7167929353755904,0.4476124138616749,0.8281010111277503,324
III,470.0,Upper quintile,0.7280141319599155,0.44599809490946846,0.8323756304559992,324
III,472.5,Upper quintile,0.723971009097437,0.46236137543220657,0.8299923294667407,324
III,475.0,Upper quintile,0.7198339173456804,0.4517026757945294,0.8263059769547634,324
III,477.5,Upper quintile,0.7274110774337432,0.4467534854659032,0.831930004177327,324
III,480.0,Upper quintile,0.7207364361183798,0.450277779180695,0.8344693289226179,324
III,482.5,Upper quintile,0.7181661579193949,0.458863388866926,0.8300939099543162,324
III,485.0,Upper quintile,0.7196619291421961,0.4459989731608363,0.8358197665564856,324
III,487.5,Upper quintile,0.7193537692467508,0.4509971185950623,0.8404672760397842,324
III,490.0,Upper quintile,0.719341035263585,0.46038620700749233,0.8387914592535977,324
III,492.5,Upper quintile,0.7212198551935076,0.4503311744575472,0.8332185322996306,324
III,495.0,Upper quintile,0.724532992620472,0.4447755553418191,0.838002275917518,324
III,497.5,Upper quintile,0.7261189757389882,0.447766515945477,0.8406506840151271,324
aVR,-500.0,Upper quintile,0.5174686509598021,0.27674744905693627,0.7683792124441668,324
aVR,-497.5,Upper quintile,0.5277685026764487,0.2766449310694372,0.7676635705992683,324
aVR,-495.0,Upper quintile,0.5216767864482326,0.27975906665456646,0.7638853343500206,324
aVR,-492.5,Upper quintile,0.5288264723941922,0.28460133583729885,0.7593618720913959,324
aVR,-490.0,Upper quintile,0.5260489134876443,0.2784467925402474,0.7596281545335049,324
aVR,-487.5,Upper quintile,0.5255584208573784,0.280393388836103,0.7634318935216533,324
aVR,-485.0,Upper quintile,0.5252292471251861,0.27688128801753564,0.7648622692484184,324
aVR,-482.5,Upper quintile,0.5220125924527769,0.27733672168516366,0.7647664332624531,324
aVR,-480.0,Upper quintile,0.5255565544530361,0.282949283263866,0.7698981312823716,324
aVR,-477.5,Upper quintile,0.5307665259350896,0.2877256373997305,0.7667800318712112,324
aVR,-475.0,Upper quintile,0.5349911754895204,0.2874363206658534,0.7693473198984332,324
aVR,-472.5,Upper quintile,0.5297973429018186,0.2889415076153143,0.7747102258117895,324
aVR,-470.0,Upper quintile,0.524231642776656,0.29434012956647015,0.7709171177684097,324
aVR,-467.5,Upper quintile,0.5296589702943983,0.29549166838844587,0.766128759510293,324
aVR,-465.0,Upper quintile,0.5286611908612427,0.2949167279276353,0.7703074451753584,324
aVR,-462.5,Upper quintile,0.527755228665465,0.29430623089990615,0.7743456296399936,324
aVR,-460.0,Upper quintile,0.5259788773523124,0.29452030386105116,0.766770416649381,324
aVR,-457.5,Upper quintile,0.5320497182458745,0.2908840943071803,0.7755557990749109,324
aVR,-455.0,Upper quintile,0.5260254312254906,0.2893732080100536,0.7717480182403599,324
aVR,-452.5,Upper quintile,0.5194500230343805,0.2929869339405662,0.7802770281913973,324
aVR,-450.0,Upper quintile,0.5398666636462701,0.29458065085534335,0.7854548041818339,324
aVR,-447.5,Upper quintile,0.5225674407936737,0.29254603899805626,0.7801287253299259,324
aVR,-445.0,Upper quintile,0.5252578073173194,0.284921849885914,0.7844856622707602,324
aVR,-442.5,Upper quintile,0.5306587543410409,0.2891826048264501,0.7823479936323445,324
aVR,-440.0,Upper quintile,0.5295978967777206,0.2863875229685954,0.7757763246638034,324
aVR,-437.5,Upper quintile,0.5281931233520183,0.29462939326799015,0.7785923654600116,324
aVR,-435.0,Upper quintile,0.5277688538333063,0.30118652194189166,0.7833606851244344,324
aVR,-432.5,Upper quintile,0.5216802212213092,0.29722750747277715,0.783244216534035,324
aVR,-430.0,Upper quintile,0.5245627243995499,0.2907385467128332,0.776534473973436,324
aVR,-427.5,Upper quintile,0.524793678595068,0.30092566565615775,0.78565716321606,324
aVR,-425.0,Upper quintile,0.5242258406751354,0.3071805810231093,0.7799909349172197,324
aVR,-422.5,Upper quintile,0.5256650665246281,0.30984366628630694,0.7841307912711196,324
aVR,-420.0,Upper quintile,0.528088562447161,0.3075137263191375,0.7837761815268968,324
aVR,-417.5,Upper quintile,0.5321603647788244,0.3091840526134587,0.7832126448959745,324
aVR,-415.0,Upper quintile,0.5263259834627969,0.31727381020631484,0.7813461697257089,324
aVR,-412.5,Upper quintile,0.5373484043000655,0.3161215443491414,0.7789194519980168,324
aVR,-410.0,Upper quintile,0.5367196141767786,0.3114246009218165,0.7757740725706088,324
aVR,-407.5,Upper quintile,0.5297736784933325,0.32553870639329324,0.7730595567301928,324
aVR,-405.0,Upper quintile,0.5395297507561331,0.32422755849115115,0.7761295654089011,324
aVR,-402.5,Upper quintile,0.5351610150998309,0.3208826116404345,0.7847242123042103,324
aVR,-400.0,Upper quintile,0.5328836603541018,0.32036770395438974,0.7753079874306704,324
aVR,-397.5,Upper quintile,0.5376518193752406,0.32056888196401506,0.7735697666229323,324
aVR,-395.0,Upper quintile,0.5344269868014228,0.31573962187943166,0.7757858157107922,324
aVR,-392.5,Upper quintile,0.5381590506874612,0.3200013688014437,0.7832371038753712,324
aVR,-390.0,Upper quintile,0.5351838594665492,0.32652907153513094,0.7788402637636432,324
aVR,-387.5,Upper quintile,0.5419482240386089,0.31705471162270776,0.7761709560511842,324
aVR,-385.0,Upper quintile,0.5397054100643924,0.3234027108608078,0.7861952155148929,324
aVR,-382.5,Upper quintile,0.5366969197008427,0.323658846870726,0.7864854245268775,324
aVR,-380.0,Upper quintile,0.542964107567294,0.3280285649330819,0.7772493561304461,324
aVR,-377.5,Upper quintile,0.5480000361467485,0.32465179386782544,0.781071614424234,324
aVR,-375.0,Upper quintile,0.5459440455682263,0.3284540002069572,0.7889909176381481,324
aVR,-372.5,Upper quintile,0.5464444511097255,0.3307735958471517,0.7820934974193079,324
aVR,-370.0,Upper quintile,0.5456544025453667,0.33356785820908474,0.7853106247916519,324
aVR,-367.5,Upper quintile,0.5397094781598516,0.3292730501577838,0.7881256685808867,324
aVR,-365.0,Upper quintile,0.5463020048035241,0.327469903555402,0.7866671552165769,324
aVR,-362.5,Upper quintile,0.5542656667030925,0.32946706974802703,0.7803675978921566,324
aVR,-360.0,Upper quintile,0.5543820315080324,0.3239764263283947,0.7798607455562323,324
aVR,-357.5,Upper quintile,0.5600831078180154,0.3234835647262624,0.7763539645527429,324
aVR,-355.0,Upper quintile,0.5648268619744379,0.3244314186437226,0.7719638510763706,324
aVR,-352.5,Upper quintile,0.5509127729032908,0.3216379026675311,0.7740201434015461,324
aVR,-350.0,Upper quintile,0.5509166547167692,0.32396765527825544,0.7809568141518715,324
aVR,-347.5,Upper quintile,0.551401371940353,0.32658569427442546,0.7812056949957626,324
aVR,-345.0,Upper quintile,0.549413883098719,0.3301938085214726,0.779810701898886,324
aVR,-342.5,Upper quintile,0.5487284701515939,0.3263072247775732,0.7757921854564338,324
aVR,-340.0,Upper quintile,0.5513923067734041,0.32468028138406835,0.7807441738572107,324
aVR,-337.5,Upper quintile,0.5538003189377168,0.3336779268698595,0.7732535994596406,324
aVR,-335.0,Upper quintile,0.546115657176925,0.3263133091374433,0.7814249715517352,324
aVR,-332.5,Upper quintile,0.5392579602455647,0.31519536285947547,0.7806492390336813,324
aVR,-330.0,Upper quintile,0.5423470172348757,0.311702083360315,0.785010850661629,324
aVR,-327.5,Upper quintile,0.5428945979061465,0.32423176664608694,0.7868466278347744,324
aVR,-325.0,Upper quintile,0.5451815367083492,0.3193299397082551,0.7866128776211573,324
aVR,-322.5,Upper quintile,0.5387437740914409,0.31824467019699143,0.7875495744827219,324
aVR,-320.0,Upper quintile,0.5430758546544303,0.3237847951951197,0.7900414317188784,324
aVR,-317.5,Upper quintile,0.5498814094851311,0.31216962982411345,0.780238011458723,324
aVR,-315.0,Upper quintile,0.5589363701804093,0.31877414975570584,0.7861383504568584,324
aVR,-312.5,Upper quintile,0.552189258638458,0.3132148146768666,0.7812342845519594,324
aVR,-310.0,Upper quintile,0.5534281259188034,0.3120488861782365,0.7808308527360102,324
aVR,-307.5,Upper quintile,0.5506112303486167,0.3176751237603868,0.7837059865444888,324
aVR,-305.0,Upper quintile,0.5488747685016997,0.32201347971373706,0.7836013865500163,324
aVR,-302.5,Upper quintile,0.5556412620284166,0.3141601853400615,0.7847282773559556,324
aVR,-300.0,Upper quintile,0.5618888525224135,0.3170990099872508,0.7727232500170567,324
aVR,-297.5,Upper quintile,0.5629620937090272,0.31731126694232864,0.7800073068226765,324
aVR,-295.0,Upper quintile,0.5583943870635162,0.30840117328852584,0.7810814995159964,324
aVR,-292.5,Upper quintile,0.5622783698883768,0.3175633366266726,0.785068479337455,324
aVR,-290.0,Upper quintile,0.5635311350114652,0.32106176721022084,0.7831508973467352,324
aVR,-287.5,Upper quintile,0.5582187966569794,0.3137521351498259,0.7796581511220348,324
aVR,-285.0,Upper quintile,0.5561080211724765,0.3242284493947596,0.7878331047358698,324
aVR,-282.5,Upper quintile,0.5436506062288702,0.32904931460993697,0.7899448131759322,324
aVR,-280.0,Upper quintile,0.538412591787332,0.32322538406925394,0.7859325178320506,324
aVR,-277.5,Upper quintile,0.5480578908101637,0.31837462265055655,0.78082856125258,324
aVR,-275.0,Upper quintile,0.5463272365544714,0.31744419448032746,0.786918081048186,324
aVR,-272.5,Upper quintile,0.5424003482347614,0.3171249319751317,0.7822701171599076,324
aVR,-270.0,Upper quintile,0.5455128605275698,0.3261049104033013,0.7799619532988717,324
aVR,-267.5,Upper quintile,0.5467500839216226,0.3186832269321942,0.7762099196933018,324
aVR,-265.0,Upper quintile,0.5492890350340518,0.3167163506310012,0.7696293187519125,324
aVR,-262.5,Upper quintile,0.552518822707109,0.3164858622393736,0.7647944589598997,324
aVR,-260.0,Upper quintile,0.54774496916576,0.3143734197237531,0.7687405910952584,324
aVR,-257.5,Upper quintile,0.5444767593041002,0.3199480197477973,0.769070128024854,324
aVR,-255.0,Upper quintile,0.5451340715060107,0.3134851100829044,0.7711966453029723,324
aVR,-252.5,Upper quintile,0.5509731459800469,0.31005171561259876,0.7689859407068124,324
aVR,-250.0,Upper quintile,0.542666766164064,0.31207916253037987,0.7761299516575724,324
aVR,-247.5,Upper quintile,0.5416468776875214,0.31228330835122675,0.773004426759271,324
aVR,-245.0,Upper quintile,0.5426001042914317,0.29889109935855995,0.7688282262022976,324
aVR,-242.5,Upper quintile,0.5440190062691712,0.29730824533596656,0.7753393727947983,324
aVR,-240.0,Upper quintile,0.5388623542030505,0.29464622930566503,0.7760242564320876,324
aVR,-237.5,Upper quintile,0.5394118152606553,0.2921663088041424,0.7616128487430947,324
aVR,-235.0,Upper quintile,0.5370055299886511,0.30080318117355215,0.7644537807097368,324
aVR,-232.5,Upper quintile,0.5365342160132021,0.30089544647293043,0.7663664078591268,324
aVR,-230.0,Upper quintile,0.5373199048263291,0.29629160602222304,0.7614664939637097,324
aVR,-227.5,Upper quintile,0.5414153884269726,0.2976354577797602,0.7561250417095056,324
aVR,-225.0,Upper quintile,0.540756336101385,0.29622329966966915,0.7628566674368977,324
aVR,-222.5,Upper quintile,0.5405486515350916,0.29829953884546956,0.7597714029961147,324
aVR,-220.0,Upper quintile,0.5428768740554335,0.30193012913903317,0.7567113300965123,324
aVR,-217.5,Upper quintile,0.5369776091035424,0.3024468549121175,0.764111659487013,324
aVR,-215.0,Upper quintile,0.5400374545199649,0.30548385565257424,0.7564954459716675,324
aVR,-212.5,Upper quintile,0.5351780185157298,0.29446128315167414,0.7523779754329765,324
aVR,-210.0,Upper quintile,0.5383775975188618,0.3002901804513279,0.7543890155131514,324
aVR,-207.5,Upper quintile,0.5359753073610216,0.3034572822480723,0.7539241977111288,324
aVR,-205.0,Upper quintile,0.5329657385290427,0.3002910359958195,0.7445394338327913,324
aVR,-202.5,Upper quintile,0.5316235091298077,0.29971390719627605,0.7407809073294347,324
aVR,-200.0,Upper quintile,0.5278362302767573,0.302826053147375,0.7378727490710713,324
aVR,-197.5,Upper quintile,0.5265976171423747,0.2955842525085171,0.7377415520140637,324
aVR,-195.0,Upper quintile,0.5267811631845296,0.288516691327214,0.7385010889811578,324
aVR,-192.5,Upper quintile,0.5285279307743715,0.2882719260399585,0.7389531933900246,324
aVR,-190.0,Upper quintile,0.5259162445860252,0.29833198564444174,0.7414481760536596,324
aVR,-187.5,Upper quintile,0.5316559124229098,0.2896130645075694,0.7420696483336167,324
aVR,-185.0,Upper quintile,0.5270323220060531,0.2926280711557196,0.7461101648406749,324
aVR,-182.5,Upper quintile,0.5200544834957043,0.2973721556937346,0.7545945683949116,324
aVR,-180.0,Upper quintile,0.5286799778863088,0.300483197119393,0.7388890378505779,324
aVR,-177.5,Upper quintile,0.519636684207895,0.29976788880754573,0.7383286770303018,324
aVR,-175.0,Upper quintile,0.5118657069933118,0.30969732316980136,0.7501534681349218,324
aVR,-172.5,Upper quintile,0.5139293486895113,0.30560951878555137,0.745660943360311,324
aVR,-170.0,Upper quintile,0.5212611912929289,0.30137955188264043,0.7485604667373054,324
aVR,-167.5,Upper quintile,0.5253754626402335,0.30381278447099985,0.7607669633382668,324
aVR,-165.0,Upper quintile,0.5219336933157246,0.31079367495801774,0.7585288984677364,324
aVR,-162.5,Upper quintile,0.5287262820609259,0.30273206966586796,0.7584619695172016,324
aVR,-160.0,Upper quintile,0.5334272004410934,0.30439074762963936,0.7605179402228455,324
aVR,-157.5,Upper quintile,0.5376943406289965,0.30939057429893957,0.7596194831398291,324
aVR,-155.0,Upper quintile,0.5404501762041292,0.30798157206599125,0.7574502882997011,324
aVR,-152.5,Upper quintile,0.5347764242411853,0.31679347184410506,0.7566497587083691,324
aVR,-150.0,Upper quintile,0.542472457650629,0.32205393324149645,0.75329898105316,324
aVR,-147.5,Upper quintile,0.5329301244365761,0.3134655364061124,0.7610511513920335,324
aVR,-145.0,Upper quintile,0.5333884041662089,0.3109235688759968,0.761268850902246,324
aVR,-142.5,Upper quintile,0.5402879643673405,0.32679913006389066,0.7676415477057161,324
aVR,-140.0,Upper quintile,0.5407044820632225,0.33645534689196493,0.7748157427094988,324
aVR,-137.5,Upper quintile,0.5480521616603435,0.3198671403445364,0.7753734076927183,324
aVR,-135.0,Upper quintile,0.5565135053334029,0.34031109777878066,0.7613874760490369,324
aVR,-132.5,Upper quintile,0.5530460551922489,0.34660874686217136,0.7668682310027217,324
aVR,-130.0,Upper quintile,0.5663768482352602,0.3446042016337326,0.7635778133925905,324
aVR,-127.5,Upper quintile,0.5637112842225227,0.34531887995791555,0.7638349974254217,324
aVR,-125.0,Upper quintile,0.5648901668448902,0.35855489797777707,0.7770985943508041,324
aVR,-122.5,Upper quintile,0.5677691413779922,0.34661327514434953,0.7829073070520183,324
aVR,-120.0,Upper quintile,0.5762745483715342,0.3539766629800104,0.7819843055820874,324
aVR,-117.5,Upper quintile,0.5771962956326656,0.3628760617981083,0.7891919168143973,324
aVR,-115.0,Upper quintile,0.5741046721185394,0.3707581745883076,0.7874412549528028,324
aVR,-112.5,Upper quintile,0.5864429759475287,0.36995762850782243,0.793728339369435,324
aVR,-110.0,Upper quintile,0.5897653717651921,0.37295157646051524,0.79764767419314,324
aVR,-107.5,Upper quintile,0.5857004967363595,0.3878966510618832,0.8020627337407301,324
aVR,-105.0,Upper quintile,0.5935803796934602,0.37530822425461485,0.8056561976264427,324
aVR,-102.5,Upper quintile,0.5839758142991098,0.37710397857320577,0.8007368649862895,324
aVR,-100.0,Upper quintile,0.581891664544459,0.37794906166118875,0.8082917398102214,324
aVR,-97.5,Upper quintile,0.5857308050863281,0.3776901805629277,0.8075646811072937,324
aVR,-95.0,Upper quintile,0.5797876935925361,0.36967227573303746,0.8070933498283512,324
aVR,-92.5,Upper quintile,0.5748846514904682,0.3767294819120387,0.8021104923610777,324
aVR,-90.0,Upper quintile,0.5867245289969825,0.3775018898653265,0.7954908596617859,324
aVR,-87.5,Upper quintile,0.5922845125637834,0.37348843563511036,0.7913252836992009,324
aVR,-85.0,Upper quintile,0.5756332350308997,0.37445152769517837,0.7842038186305056,324
aVR,-82.5,Upper quintile,0.5855975333517957,0.3670481726952844,0.7928106446014582,324
aVR,-80.0,Upper quintile,0.5765725633874625,0.36228401566108775,0.7885331390822653,324
aVR,-77.5,Upper quintile,0.5697015425908841,0.3654966167850728,0.780865233071895,324
aVR,-75.0,Upper quintile,0.5544651831183716,0.36612791432895897,0.7780911086235698,324
aVR,-72.5,Upper quintile,0.537156684628747,0.36904952581120715,0.7725861299478433,324
aVR,-70.0,Upper quintile,0.5274404325632243,0.35256927928819815,0.7599758366026419,324
aVR,-67.5,Upper quintile,0.5195581664213533,0.33929874743566224,0.7608620426411316,324
aVR,-65.0,Upper quintile,0.5088673591525981,0.33201092079744804,0.7489087170927541,324
aVR,-62.5,Upper quintile,0.5061401311919311,0.3257940913615501,0.7378780908259446,324
aVR,-60.0,Upper quintile,0.4997789216600672,0.31918151811360634,0.7330618825231,324
aVR,-57.5,Upper quintile,0.48933577281758167,0.29890346150351316,0.7125120037050541,324
aVR,-55.0,Upper quintile,0.4908051193751327,0.2944898286023327,0.6891461728381842,324
aVR,-52.5,Upper quintile,0.46984635601721847,0.2837088612651257,0.6862660163527162,324
aVR,-50.0,Upper quintile,0.46076899602686033,0.2942713940199165,0.6769857064257293,324
aVR,-47.5,Upper quintile,0.460494410809966,0.27753283286987085,0.6492744595938011,324
aVR,-45.0,Upper quintile,0.44904764129965746,0.24824476745427637,0.6576453938456733,324
aVR,-42.5,Upper quintile,0.43403139632114524,0.24645917379004803,0.6634616854816344,324
aVR,-40.0,Upper quintile,0.42254922332915534,0.24367776778297542,0.6533282361613642,324
aVR,-37.5,Upper quintile,0.4265170731149937,0.21418936868357494,0.6675858951371476,324
aVR,-35.0,Upper quintile,0.4332348741233227,0.2042203876250823,0.6663802325117416,324
aVR,-32.5,Upper quintile,0.434353798577788,0.17799132488150637,0.6849592400313861,324
aVR,-30.0,Upper quintile,0.4329744636109464,0.17846796632365436,0.681357979779603,324
aVR,-27.5,Upper quintile,0.4146066183029251,0.15527566635841777,0.6808380029159727,324
aVR,-25.0,Upper quintile,0.4382508419344,0.16712681937154264,0.674707560786642,324
aVR,-22.5,Upper quintile,0.4349321904640434,0.18466731389950503,0.7005886941794517,324
aVR,-20.0,Upper quintile,0.42747647971372793,0.21557898876766346,0.7209676359917245,324
aVR,-17.5,Upper quintile,0.4417371077296211,0.25040936177498874,0.7186703042803329,324
aVR,-15.0,Upper quintile,0.4522192953481594,0.2649355456814304,0.7355763198228481,324
aVR,-12.5,Upper quintile,0.49282327419047656,0.2528849480469912,0.7658439715612779,324
aVR,-10.0,Upper quintile,0.5300484466387051,0.23070911251411294,0.8006401188190855,324
aVR,-7.5,Upper quintile,0.5866816820081051,0.23193526680387613,0.8581780778713826,324
aVR,-5.0,Upper quintile,0.5977836185873214,0.24963578289877714,0.89858449680446,324
aVR,-2.5,Upper quintile,0.6447275107281814,0.2850700982851011,0.9213206936963448,324
aVR,0.0,Upper quintile,0.6551835254613776,0.3125422831816515,0.9248347003630216,324
aVR,2.5,Upper quintile,0.7036747407534343,0.3487570436345762,0.9282443604943094,324
aVR,5.0,Upper quintile,0.7251490589439895,0.37908674373952256,0.9309427831483104,324
aVR,7.5,Upper quintile,0.7431482126562041,0.44325087202134733,0.9197197746976882,324
aVR,10.0,Upper quintile,0.7524438835609667,0.5073705902128518,0.9136152353905997,324
aVR,12.5,Upper quintile,0.7677997573583155,0.551638870279647,0.9069942229400809,324
aVR,15.0,Upper quintile,0.7833513337598679,0.5864587640596775,0.8994689254264923,324
aVR,17.5,Upper quintile,0.8030533064714223,0.6289891147977333,0.9040057622194129,324
aVR,20.0,Upper quintile,0.8027582096510181,0.6261932405511896,0.9153160104193054,324
aVR,22.5,Upper quintile,0.7974137760079318,0.6526578228224269,0.9150113159010332,324
aVR,25.0,Upper quintile,0.7993876988488946,0.6599705458718372,0.9210209512056491,324
aVR,27.5,Upper quintile,0.8073461322048763,0.6561864740965981,0.9250916228944921,324
aVR,30.0,Upper quintile,0.8129101696447532,0.6375079279514052,0.9232597479541689,324
aVR,32.5,Upper quintile,0.8114889176009689,0.6148383289645337,0.9198480317267853,324
aVR,35.0,Upper quintile,0.8251909698027295,0.6231225938341847,0.9320457605279602,324
aVR,37.5,Upper quintile,0.8142699518515901,0.6137845386974212,0.9260759264620875,324
aVR,40.0,Upper quintile,0.8229004118819758,0.6057211692942547,0.9276281720619931,324
aVR,42.5,Upper quintile,0.8269805612390225,0.6217025915825644,0.9351457532837714,324
aVR,45.0,Upper quintile,0.8209304130128501,0.623128172138363,0.9271276993480454,324
aVR,47.5,Upper quintile,0.8072310062349777,0.6187179472248777,0.9250240500946055,324
aVR,50.0,Upper quintile,0.8000803505903014,0.6001816824561119,0.9232568773534617,324
aVR,52.5,Upper quintile,0.7984823559361531,0.5874723959167271,0.9109068038414858,324
aVR,55.0,Upper quintile,0.7829818236823962,0.5634605844666024,0.9029889340622201,324
aVR,57.5,Upper quintile,0.7728209156606889,0.5561176902742457,0.8938280996055987,324
aVR,60.0,Upper quintile,0.7467832886740086,0.556274845418846,0.8846590028787948,324
aVR,62.5,Upper quintile,0.7270297639687008,0.535396461487866,0.8812808581001239,324
aVR,65.0,Upper quintile,0.7111008778606489,0.514549111987866,0.8825104531088139,324
aVR,67.5,Upper quintile,0.705600463407571,0.5007940039386382,0.8764922617310991,324
aVR,70.0,Upper quintile,0.6962669815076092,0.46838001827339915,0.8692140660194313,324
aVR,72.5,Upper quintile,0.6710796859967365,0.4520719406793784,0.8632118439777156,324
aVR,75.0,Upper quintile,0.6697785676957413,0.4379396005928436,0.8602106521075941,324
aVR,77.5,Upper quintile,0.6566460140140173,0.4286402110826285,0.8449062485710254,324
aVR,80.0,Upper quintile,0.6468055517181177,0.42183888935553043,0.8439570208158523,324
aVR,82.5,Upper quintile,0.6391266116043688,0.3922630067758364,0.845394805847689,324
aVR,85.0,Upper quintile,0.6347881966357021,0.38342606007964897,0.8422540742152673,324
aVR,87.5,Upper quintile,0.6336323598724959,0.3845266986684596,0.8452230693672135,324
aVR,90.0,Upper quintile,0.6124171835383376,0.3685357288404729,0.8394348693741607,324
aVR,92.5,Upper quintile,0.6052380147382422,0.36002176683578446,0.8386158572581585,324
aVR,95.0,Upper quintile,0.6043543515326759,0.3525239017369219,0.8301598620943734,324
aVR,97.5,Upper quintile,0.5987119305711195,0.35076641822988175,0.8272609509865837,324
aVR,100.0,Upper quintile,0.5911996268583037,0.3492710442977656,0.826054071884642,324
aVR,102.5,Upper quintile,0.5863345430143778,0.35172167201837246,0.8216104512814609,324
aVR,105.0,Upper quintile,0.572576170009022,0.34373670352561925,0.8165494261739585,324
aVR,107.5,Upper quintile,0.5736801484454288,0.33986565648761635,0.8129146574057579,324
aVR,110.0,Upper quintile,0.5687005418106412,0.33014793114720375,0.8155955453811568,324
aVR,112.5,Upper quintile,0.5651021480132017,0.32638555317667256,0.8190074256280571,324
aVR,115.0,Upper quintile,0.5639860891998018,0.3251413701516074,0.8256953558818548,324
aVR,117.5,Upper quintile,0.5665796171297661,0.3180014764482323,0.8265308139862328,324
aVR,120.0,Upper quintile,0.565201872696359,0.3096748988850802,0.8190310457839903,324
aVR,122.5,Upper quintile,0.5585627291513127,0.3093797155384113,0.8180572561236179,324
aVR,125.0,Upper quintile,0.5578251108102368,0.3139459429904199,0.8231601373970268,324
aVR,127.5,Upper quintile,0.5603773758774069,0.3106030299539978,0.8178131495227727,324
aVR,130.0,Upper quintile,0.560772523922249,0.30485129523260746,0.8154197278728437,324
aVR,132.5,Upper quintile,0.5568858958492688,0.3026219687155171,0.820157271052391,324
aVR,135.0,Upper quintile,0.5507334537302844,0.30004910752908553,0.8194967012194944,324
aVR,137.5,Upper quintile,0.5519858694935579,0.29058000990299193,0.8156870411476073,324
aVR,140.0,Upper quintile,0.5456184252182414,0.2978275075461283,0.817947682844878,324
aVR,142.5,Upper quintile,0.5481790851417168,0.29294130430391846,0.823685716533414,324
aVR,145.0,Upper quintile,0.5459241772242287,0.2925642936625379,0.822324142861652,324
aVR,147.5,Upper quintile,0.5399680264777678,0.28659831034874755,0.8231470099212319,324
aVR,150.0,Upper quintile,0.5349226421529698,0.2857575492043405,0.8363073484284582,324
aVR,152.5,Upper quintile,0.5382470331045758,0.2833947688307683,0.8318673072796745,324
aVR,155.0,Upper quintile,0.5393143583642361,0.2767770935696843,0.8354367719617302,324
aVR,157.5,Upper quintile,0.5275174991507384,0.2764173487248559,0.8418332861190492,324
aVR,160.0,Upper quintile,0.5357760374508082,0.27537141183314595,0.8431505821926073,324
aVR,162.5,Upper quintile,0.5279917527837308,0.2729516750156512,0.8377889858898673,324
aVR,165.0,Upper quintile,0.5162505422994466,0.2694482270877088,0.8367233269930271,324
aVR,167.5,Upper quintile,0.5194041344209774,0.2650099922752463,0.8392397103642002,324
aVR,170.0,Upper quintile,0.519050759513975,0.25528985064953463,0.8303718004981352,324
aVR,172.5,Upper quintile,0.5186549920703017,0.2591200519642077,0.8318146400572874,324
aVR,175.0,Upper quintile,0.5181206654813216,0.25929852293847055,0.8392212575827632,324
aVR,177.5,Upper quintile,0.520334135973276,0.2520074692325705,0.8295938826454939,324
aVR,180.0,Upper quintile,0.5153567863235671,0.2514396525938686,0.831116118049959,324
aVR,182.5,Upper quintile,0.5105268119188233,0.2523221203365192,0.8358731034637314,324
aVR,185.0,Upper quintile,0.5003752853507302,0.2480707592217815,0.8346791254939886,324
aVR,187.5,Upper quintile,0.49908398444343,0.24048262236449106,0.8282865625466692,324
aVR,190.0,Upper quintile,0.4918032571420855,0.2434789928747922,0.8222660573796806,324
aVR,192.5,Upper quintile,0.49163537966259085,0.2385096551081632,0.8304680302910228,324
aVR,195.0,Upper quintile,0.49572752129901587,0.23045882604821757,0.8257379026487454,324
aVR,197.5,Upper quintile,0.4758927563676756,0.2366593538553452,0.827390778393292,324
aVR,200.0,Upper quintile,0.4750435603190206,0.23790254812345735,0.8286865626168466,324
aVR,202.5,Upper quintile,0.4807319223265903,0.22592914374392908,0.8216558236648475,324
aVR,205.0,Upper quintile,0.4796934392212916,0.22161375725627924,0.8149760704459577,324
aVR,207.5,Upper quintile,0.4709917126073454,0.22297684536263934,0.8224513552489721,324
aVR,210.0,Upper quintile,0.46848487243800746,0.21403085097153093,0.8214306864797392,324
aVR,212.5,Upper quintile,0.47879408721759975,0.20571420998380197,0.8170743600982106,324
aVR,215.0,Upper quintile,0.46385952845730194,0.21241873867999306,0.8180458695040068,324
aVR,217.5,Upper quintile,0.4564639712917378,0.20127119270630756,0.810392826415746,324
aVR,220.0,Upper quintile,0.46077423564576314,0.19599736051280775,0.796720082867389,324
aVR,222.5,Upper quintile,0.4560392195237516,0.19583211573187448,0.7983643356263652,324
aVR,225.0,Upper quintile,0.4441200997389245,0.18998058891439762,0.79642992794653,324
aVR,227.5,Upper quintile,0.4425764214499649,0.1849891484872762,0.794113754848491,324
aVR,230.0,Upper quintile,0.4339985902201265,0.1830934789148315,0.7930571357385165,324
aVR,232.5,Upper quintile,0.4320421565043104,0.18065210102889362,0.7940574373360385,324
aVR,235.0,Upper quintile,0.4277850657947745,0.17316567715967712,0.7764737461672426,324
aVR,237.5,Upper quintile,0.4318798395819209,0.1708502365667185,0.7784574984309839,324
aVR,240.0,Upper quintile,0.42602456263708965,0.17258734354982064,0.7749200386963006,324
aVR,242.5,Upper quintile,0.4303386984431744,0.16745178046112033,0.776460652138348,324
aVR,245.0,Upper quintile,0.421364605688458,0.1676135766725801,0.7819148011692807,324
aVR,247.5,Upper quintile,0.41165220726128404,0.15397061885568636,0.778629623463753,324
aVR,250.0,Upper quintile,0.4212417136972204,0.14575106980629432,0.7726901763102081,324
aVR,252.5,Upper quintile,0.41778673893613527,0.1461030372003897,0.7698608907074637,324
aVR,255.0,Upper quintile,0.40833259310518805,0.14620904914809307,0.7673849725575932,324
aVR,257.5,Upper quintile,0.400310209915096,0.15352435668363487,0.7762633139840723,324
aVR,260.0,Upper quintile,0.39973272467525817,0.14601117144451217,0.7716308409211382,324
aVR,262.5,Upper quintile,0.3942416762838509,0.1380602473117527,0.7656175406962951,324
aVR,265.0,Upper quintile,0.3956800338703793,0.14693070745394557,0.7527401008183296,324
aVR,267.5,Upper quintile,0.4033987975096073,0.14576126798860564,0.7611168494117198,324
aVR,270.0,Upper quintile,0.41266890156900937,0.14350145627133043,0.7603898767157046,324
aVR,272.5,Upper quintile,0.4188104840626531,0.13544134396817514,0.7618666997198928,324
aVR,275.0,Upper quintile,0.4248998708522188,0.1355145021579337,0.7592695038601524,324
aVR,277.5,Upper quintile,0.4218776077767381,0.1272788358567657,0.7515529187088819,324
aVR,280.0,Upper quintile,0.425042181986551,0.12976418148532182,0.7484232100174241,324
aVR,282.5,Upper quintile,0.4296531180470365,0.13964302397338857,0.7553839108140084,324
aVR,285.0,Upper quintile,0.42500360997842945,0.13189230996786533,0.7540312589284468,324
aVR,287.5,Upper quintile,0.437789400541506,0.12330893842884848,0.7491982246261859,324
aVR,290.0,Upper quintile,0.43716653191772414,0.12162775608194565,0.7522787551697748,324
aVR,292.5,Upper quintile,0.44097871894286966,0.1190835199209575,0.7542901937522687,324
aVR,295.0,Upper quintile,0.43654465337995496,0.12193013148164011,0.7537852236123097,324
aVR,297.5,Upper quintile,0.4310689708338097,0.1278637501874757,0.7500148977379008,324
aVR,300.0,Upper quintile,0.43973943842453167,0.13719372502132798,0.7503517816954932,324
aVR,302.5,Upper quintile,0.4521127401818254,0.14381388955516158,0.7457049766255983,324
aVR,305.0,Upper quintile,0.45609129198478504,0.15016187681694132,0.7518486938879168,324
aVR,307.5,Upper quintile,0.4604451020216224,0.150466195097395,0.7388621337883259,324
aVR,310.0,Upper quintile,0.4675603997267246,0.15691932140553871,0.7461844625650833,324
aVR,312.5,Upper quintile,0.4721701152793642,0.16192585053554204,0.7543091988815421,324
aVR,315.0,Upper quintile,0.4715097192364277,0.161818298330074,0.7554190553578173,324
aVR,317.5,Upper quintile,0.4766199816299789,0.16634400603987962,0.7604597626634513,324
aVR,320.0,Upper quintile,0.4874526037633492,0.16820234029132702,0.7625417852354184,324
aVR,322.5,Upper quintile,0.49459672344537714,0.19038514717383276,0.7699516649695992,324
aVR,325.0,Upper quintile,0.4904709736783415,0.19668607394654708,0.7704306878534767,324
aVR,327.5,Upper quintile,0.5082081207465438,0.19972036311551716,0.7648334798206843,324
aVR,330.0,Upper quintile,0.5096238569083293,0.20370372038442697,0.7674355051388357,324
aVR,332.5,Upper quintile,0.5066741220419865,0.2047929463284686,0.7720286153767565,324
aVR,335.0,Upper quintile,0.5110415583178773,0.2177286745387285,0.7742361610541815,324
aVR,337.5,Upper quintile,0.5173601630011191,0.2226491714541437,0.7639284178316595,324
aVR,340.0,Upper quintile,0.5078005619846775,0.2381182477049003,0.7771311785010363,324
aVR,342.5,Upper quintile,0.509312015662445,0.2517513492247754,0.7759677832697229,324
aVR,345.0,Upper quintile,0.5206436134726011,0.24637777075220033,0.7778913021633369,324
aVR,347.5,Upper quintile,0.5246131142630026,0.24918502198246734,0.7771794708641825,324
aVR,350.0,Upper quintile,0.5269447877198415,0.24454653586393824,0.7810064360062743,324
aVR,352.5,Upper quintile,0.526538718405329,0.24713257241915318,0.7762757227888948,324
aVR,355.0,Upper quintile,0.5278632639706902,0.27182254619662816,0.7752147606835322,324
aVR,357.5,Upper quintile,0.5312192820325279,0.27380811167143393,0.782458600300876,324
aVR,360.0,Upper quintile,0.525170999053225,0.27301587811537814,0.7791581854242214,324
aVR,362.5,Upper quintile,0.5268432330198047,0.27782344531422715,0.7662477533241092,324
aVR,365.0,Upper quintile,0.5297576304074397,0.27897153509992967,0.7753696925111679,324
aVR,367.5,Upper quintile,0.5226568726903049,0.2753172825805442,0.781420632560138,324
aVR,370.0,Upper quintile,0.5362161758497157,0.28235964309575307,0.7688896475368315,324
aVR,372.5,Upper quintile,0.5428687906877153,0.29309302285799765,0.7725409138394629,324
aVR,375.0,Upper quintile,0.5430059260246491,0.29248142175142566,0.7817453737877793,324
aVR,377.5,Upper quintile,0.5385764459787092,0.2994903370054973,0.7770391141451053,324
aVR,380.0,Upper quintile,0.5443139078100749,0.3107537074046961,0.7689788726790056,324
aVR,382.5,Upper quintile,0.5415996213460512,0.3120295477869574,0.7809979316511237,324
aVR,385.0,Upper quintile,0.5401944903236873,0.3068491827752353,0.7816695138027936,324
aVR,387.5,Upper quintile,0.5401048344493127,0.3165457062208372,0.78013312913916,324
aVR,390.0,Upper quintile,0.5458484861569753,0.30395764328199804,0.7812150630006945,324
aVR,392.5,Upper quintile,0.5514238725504629,0.31213396803487325,0.781223957392602,324
aVR,395.0,Upper quintile,0.5481584590557773,0.3126080845802401,0.7754817486411134,324
aVR,397.5,Upper quintile,0.5523566057763238,0.3071805951677751,0.7802409554522014,324
aVR,400.0,Upper quintile,0.5445763694835657,0.308167860802508,0.7876194978271827,324
aVR,402.5,Upper quintile,0.5535826745716854,0.3035837740893149,0.7790343083353746,324
aVR,405.0,Upper quintile,0.5460145766806286,0.306796657923686,0.7801802706704034,324
aVR,407.5,Upper quintile,0.5481088780649901,0.3053839422880056,0.7826113221790056,324
aVR,410.0,Upper quintile,0.5484797652723257,0.3074464617362084,0.7826539844366929,324
aVR,412.5,Upper quintile,0.5482071268943365,0.30960811412052314,0.7765453775979989,324
aVR,415.0,Upper quintile,0.5493816815134227,0.31529122774958995,0.7762120559496286,324
aVR,417.5,Upper quintile,0.5472877157751663,0.3163719821125712,0.7822224599268519,324
aVR,420.0,Upper quintile,0.5519850704499204,0.3204943265053571,0.7751670486686153,324
aVR,422.5,Upper quintile,0.5524393815173165,0.32581245252397106,0.777168200411732,324
aVR,425.0,Upper quintile,0.5563675518997588,0.32321779706940634,0.7820594337189126,324
aVR,427.5,Upper quintile,0.554483141607315,0.3211507371543318,0.7752418090769305,324
aVR,430.0,Upper quintile,0.5552125576122628,0.3224310683591189,0.7723530523120277,324
aVR,432.5,Upper quintile,0.5554634016560309,0.3204328942127636,0.7784692760455448,324
aVR,435.0,Upper quintile,0.5557521164998032,0.32041316488397886,0.7816243134775898,324
aVR,437.5,Upper quintile,0.557003566393036,0.3218973718513254,0.779216073475495,324
aVR,440.0,Upper quintile,0.5564352383767293,0.313159434806138,0.786585101071888,324
aVR,442.5,Upper quintile,0.5554075375055221,0.3149496518108805,0.7846280178008938,324
aVR,445.0,Upper quintile,0.5590084084709523,0.3200173461291447,0.7733980051341108,324
aVR,447.5,Upper quintile,0.556703987103972,0.32805917686848807,0.7758153218182938,324
aVR,450.0,Upper quintile,0.5591623894625346,0.3236538036866405,0.7816825776593078,324
aVR,452.5,Upper quintile,0.5624507707624153,0.32737764870115865,0.7796476137563388,324
aVR,455.0,Upper quintile,0.5629365397199158,0.32026678303333944,0.776695792917609,324
aVR,457.5,Upper quintile,0.566377362033982,0.3186589121002277,0.7818257370537854,324
aVR,460.0,Upper quintile,0.5649568808478241,0.32149335113298827,0.7820673896033474,324
aVR,462.5,Upper quintile,0.5686517546896576,0.32395500906992974,0.7772664689231074,324
aVR,465.0,Upper quintile,0.565010038344089,0.3122038394274841,0.7794598123769455,324
aVR,467.5,Upper quintile,0.5630037155957386,0.3173674996722353,0.7825122497427786,324
aVR,470.0,Upper quintile,0.5618814369245887,0.3177815471346502,0.7838284160818222,324
aVR,472.5,Upper quintile,0.5658548319131033,0.31821379880608736,0.7826222091326979,324
aVR,475.0,Upper quintile,0.564213880981649,0.3184339941677736,0.7820100087152622,324
aVR,477.5,Upper quintile,0.5613420551039938,0.3209002685529112,0.7803736780517566,324
aVR,480.0,Upper quintile,0.5589816538869024,0.3181074218815893,0.7774832037465842,324
aVR,482.5,Upper quintile,0.5631426401959295,0.3173135266247834,0.7799817655765887,324
aVR,485.0,Upper quintile,0.5601438629564799,0.31468628075237914,0.7770896246053999,324
aVR,487.5,Upper quintile,0.5562011375229149,0.31110095624587464,0.7835823106101328,324
aVR,490.0,Upper quintile,0.560110096400984,0.3120275153027796,0.7809529919865346,324
aVR,492.5,Upper quintile,0.5550388443989085,0.31113172066496847,0.7817372875655069,324
aVR,495.0,Upper quintile,0.5546367675564317,0.3053849245562848,0.7812143838685754,324
aVR,497.5,Upper quintile,0.5534073055509637,0.30716676614514626,0.7818061647654342,324
aVL,-500.0,Upper quintile,0.2331813213065606,0.12896305882756684,0.4879691421142417,324
aVL,-497.5,Upper quintile,0.22881332250656633,0.12591868754514504,0.5198885547102482,324
aVL,-495.0,Upper quintile,0.22944143768936515,0.1254990573555243,0.5166155289180746,324
aVL,-492.5,Upper quintile,0.2323775882425235,0.12718770749157654,0.49073976954511894,324
aVL,-490.0,Upper quintile,0.23837697237967753,0.12732072542390313,0.4897115666252784,324
aVL,-487.5,Upper quintile,0.23632899289183723,0.13041015697884764,0.4914213737759544,324
aVL,-485.0,Upper quintile,0.24093169640706874,0.13349464859094795,0.5097366058682894,324
aVL,-482.5,Upper quintile,0.24361132427938392,0.13568602934830462,0.5054037875347857,324
aVL,-480.0,Upper quintile,0.24190412189443594,0.13042295762738507,0.5065507170890424,324
aVL,-477.5,Upper quintile,0.23821015092835304,0.13264484336498245,0.5156167252421778,324
aVL,-475.0,Upper quintile,0.23992798414325803,0.1333591661951706,0.5139081559353174,324
aVL,-472.5,Upper quintile,0.23357223193973803,0.13272327791710606,0.495504404246625,324
aVL,-470.0,Upper quintile,0.2319241430847615,0.12673456328525362,0.5092818074488328,324
aVL,-467.5,Upper quintile,0.22920150891187568,0.13314877593689328,0.5076362948084552,324
aVL,-465.0,Upper quintile,0.23250795319827086,0.1361028602234975,0.5030975411720358,324
aVL,-462.5,Upper quintile,0.22931526323902854,0.13112653066904884,0.5020441107335798,324
aVL,-460.0,Upper quintile,0.23271750927712054,0.13387963524527804,0.4971469985770815,324
aVL,-457.5,Upper quintile,0.23320776953934347,0.13682562254460892,0.4895172287604972,324
aVL,-455.0,Upper quintile,0.2304783412714642,0.13089933580293103,0.4817057409545663,324
aVL,-452.5,Upper quintile,0.23519949115510408,0.13518177522756142,0.482748030828837,324
aVL,-450.0,Upper quintile,0.23823893856407113,0.1370528851997601,0.4825397329092911,324
aVL,-447.5,Upper quintile,0.23490892934010715,0.1333011747723103,0.4743789158182435,324
aVL,-445.0,Upper quintile,0.22940047603589275,0.13875341725794965,0.48714091219076316,324
aVL,-442.5,Upper quintile,0.23091712501344636,0.14077611826786335,0.47339611400431486,324
aVL,-440.0,Upper quintile,0.23702933164668788,0.13844965279274954,0.47393340201693235,324
aVL,-437.5,Upper quintile,0.24167421087548674,0.13469111749414,0.46707297566508843,324
aVL,-435.0,Upper quintile,0.2448592596344703,0.13670861428039377,0.47737806547779016,324
aVL,-432.5,Upper quintile,0.2376492842262819,0.13900529080136317,0.48509651103991214,324
aVL,-430.0,Upper quintile,0.24031094901930777,0.13520634736703208,0.48364079211355326,324
aVL,-427.5,Upper quintile,0.23652627454530353,0.13767382222029229,0.462005290501595,324
aVL,-425.0,Upper quintile,0.23672655911666307,0.1435919217263597,0.46618855554331023,324
aVL,-422.5,Upper quintile,0.23726662570308915,0.13745297100693743,0.474463846456106,324
aVL,-420.0,Upper quintile,0.23503161945177473,0.13937331187749175,0.47578864207295174,324
aVL,-417.5,Upper quintile,0.23203752178680348,0.14423873659051004,0.48766775766181175,324
aVL,-415.0,Upper quintile,0.24102043164353248,0.13817980820800657,0.492184219529069,324
aVL,-412.5,Upper quintile,0.23471738896350608,0.13458363192353692,0.4917870072723614,324
aVL,-410.0,Upper quintile,0.23652087730676102,0.13550335530996144,0.49099980851625163,324
aVL,-407.5,Upper quintile,0.23869848247381886,0.13838546137596333,0.4964960380582333,324
aVL,-405.0,Upper quintile,0.23886418640495435,0.13620454287558367,0.48620498588790617,324
aVL,-402.5,Upper quintile,0.23813004165130497,0.13884025732567606,0.4829512138322977,324
aVL,-400.0,Upper quintile,0.23946072759518636,0.14125846420132035,0.4955268412356718,324
aVL,-397.5,Upper quintile,0.23750389074689154,0.1401941471998645,0.49359414295376436,324
aVL,-395.0,Upper quintile,0.23529532876453363,0.13716418189651255,0.5029254076824139,324
aVL,-392.5,Upper quintile,0.2343039078222331,0.13892817069197919,0.5052389917364898,324
aVL,-390.0,Upper quintile,0.23681924304537733,0.14025998910225249,0.5073903886597497,324
aVL,-387.5,Upper quintile,0.23242288002501307,0.13856811750460138,0.5180628941823133,324
aVL,-385.0,Upper quintile,0.23584396427753854,0.14016787838035089,0.48809542933091676,324
aVL,-382.5,Upper quintile,0.2359950028396185,0.14723452472322276,0.4959347876971702,324
aVL,-380.0,Upper quintile,0.23529233476714806,0.14033114745167977,0.4915191564265245,324
aVL,-377.5,Upper quintile,0.23725229172746362,0.14064730237249662,0.4978913076236627,324
aVL,-375.0,Upper quintile,0.23649712101559334,0.1411693563024645,0.48678452069996225,324
aVL,-372.5,Upper quintile,0.23127694908173946,0.1406465026031343,0.4825163877030223,324
aVL,-370.0,Upper quintile,0.23627955600134973,0.13688557456409947,0.4823565289109949,324
aVL,-367.5,Upper quintile,0.2392737145988516,0.14008497889737118,0.48604814149874404,324
aVL,-365.0,Upper quintile,0.23499739213845128,0.14279446377137303,0.4898807330941448,324
aVL,-362.5,Upper quintile,0.23188241905838286,0.13819988420526258,0.4759135864277637,324
aVL,-360.0,Upper quintile,0.23307268696143163,0.14224617025652048,0.49063691357559464,324
aVL,-357.5,Upper quintile,0.2395118002410188,0.1440553249099097,0.49510408557043284,324
aVL,-355.0,Upper quintile,0.2350831572992766,0.13978825827188096,0.4886768256986018,324
aVL,-352.5,Upper quintile,0.2402703383369295,0.14190546370597523,0.48507792848087583,324
aVL,-350.0,Upper quintile,0.2434555646475109,0.14329727784632873,0.47874860114443907,324
aVL,-347.5,Upper quintile,0.23777313515922838,0.1415476795574264,0.4637989091488153,324
aVL,-345.0,Upper quintile,0.23898752821280161,0.14148332354727997,0.4600397980335453,324
aVL,-342.5,Upper quintile,0.24360244374181492,0.14698028069719962,0.45768264278717197,324
aVL,-340.0,Upper quintile,0.2408629535841345,0.1441765526338314,0.4635311937505947,324
aVL,-337.5,Upper quintile,0.24195722837449668,0.13855567494353443,0.46423231716395386,324
aVL,-335.0,Upper quintile,0.24350183218478313,0.14286335840077022,0.4704256041533996,324
aVL,-332.5,Upper quintile,0.24416922091554275,0.14310153493239008,0.47553158762823905,324
aVL,-330.0,Upper quintile,0.24552351753491247,0.1401292158278742,0.469325946686123,324
aVL,-327.5,Upper quintile,0.24178260566618287,0.14497681440621699,0.4626205208815106,324
aVL,-325.0,Upper quintile,0.2455643634086627,0.15049869953651784,0.4808432254792153,324
aVL,-322.5,Upper quintile,0.24111576022760656,0.14656131997067914,0.46348790016815244,324
aVL,-320.0,Upper quintile,0.2443038302746296,0.14567912019408336,0.4697457018634774,324
aVL,-317.5,Upper quintile,0.24850999793643702,0.15320151824697203,0.47666109820504965,324
aVL,-315.0,Upper quintile,0.25149168477085326,0.15021969315865805,0.46420443554193513,324
aVL,-312.5,Upper quintile,0.24848582672610386,0.14416171674237394,0.4580849750805351,324
aVL,-310.0,Upper quintile,0.25239144964520244,0.15033410344579035,0.44318158892646115,324
aVL,-307.5,Upper quintile,0.25341657711077237,0.15346101166712406,0.48261190154448225,324
aVL,-305.0,Upper quintile,0.24822889900687847,0.14234773017187036,0.4623351940420827,324
aVL,-302.5,Upper quintile,0.24793790502231555,0.1456080142891745,0.4640216526979911,324
aVL,-300.0,Upper quintile,0.2507081064634493,0.14887534342755426,0.4636211085112381,324
aVL,-297.5,Upper quintile,0.2515901362842068,0.1419551101297526,0.45519407919963717,324
aVL,-295.0,Upper quintile,0.2511592257996552,0.14306790304431394,0.45889390959516496,324
aVL,-292.5,Upper quintile,0.25557191215551356,0.1458119781408408,0.4746954616494917,324
aVL,-290.0,Upper quintile,0.2543666753542889,0.14342733613285302,0.4807339470449976,324
aVL,-287.5,Upper quintile,0.25337363750801256,0.14382887586229448,0.474772760655889,324
aVL,-285.0,Upper quintile,0.2508540325198606,0.14938020426183066,0.46079125457738546,324
aVL,-282.5,Upper quintile,0.2502559343936718,0.14613759061238182,0.4700047488962279,324
aVL,-280.0,Upper quintile,0.24720311578699777,0.14005661117442358,0.468954893157826,324
aVL,-277.5,Upper quintile,0.24388089291542714,0.14307138527568042,0.46536021389967763,324
aVL,-275.0,Upper quintile,0.24515506245227464,0.1490639198257373,0.4759258556948634,324
aVL,-272.5,Upper quintile,0.2459399810359268,0.14581666402390905,0.4648618061163008,324
aVL,-270.0,Upper quintile,0.2453626746747178,0.1443588797731452,0.4383853626932093,324
aVL,-267.5,Upper quintile,0.25160415671248837,0.1472559218901314,0.43821929800370973,324
aVL,-265.0,Upper quintile,0.24882024843906503,0.1455023398763983,0.44633461398872964,324
aVL,-262.5,Upper quintile,0.2434323295033773,0.14338632664211398,0.4408616960978422,324
aVL,-260.0,Upper quintile,0.24555570272803193,0.1496251974321664,0.44498370422488753,324
aVL,-257.5,Upper quintile,0.24887644975717205,0.1529073198769726,0.4448787731696978,324
aVL,-255.0,Upper quintile,0.24713360860766598,0.14893126440254414,0.450507965160503,324
aVL,-252.5,Upper quintile,0.24428135976208432,0.15023566977761935,0.4266235544250155,324
aVL,-250.0,Upper quintile,0.2456569485540439,0.15442184363416617,0.44344537514035565,324
aVL,-247.5,Upper quintile,0.2439334648825717,0.1443378083676614,0.4600286784543356,324
aVL,-245.0,Upper quintile,0.23587475171840117,0.14532093960108045,0.4558841666962926,324
aVL,-242.5,Upper quintile,0.24300549418307787,0.15571926849217033,0.45833318186164107,324
aVL,-240.0,Upper quintile,0.23935935282571308,0.15118486555915503,0.4604104916071222,324
aVL,-237.5,Upper quintile,0.23751023289931497,0.144302190922279,0.4475644785730283,324
aVL,-235.0,Upper quintile,0.24173498910801094,0.14463878783502732,0.45922785697998336,324
aVL,-232.5,Upper quintile,0.24256890703548967,0.1460708818206107,0.46323309942810226,324
aVL,-230.0,Upper quintile,0.24127628771250806,0.1454556815791378,0.44342716922922387,324
aVL,-227.5,Upper quintile,0.24069431570776856,0.14363994273803302,0.45631947486293456,324
aVL,-225.0,Upper quintile,0.2439142996540711,0.14835491080319638,0.46811990126505454,324
aVL,-222.5,Upper quintile,0.24123515552254993,0.1420750207975337,0.47134753355519754,324
aVL,-220.0,Upper quintile,0.23910003281917547,0.14168924835173197,0.45888399685089465,324
aVL,-217.5,Upper quintile,0.2476818542122033,0.14645071474094665,0.45750413959145314,324
aVL,-215.0,Upper quintile,0.23974040659408072,0.14734667361059034,0.4550489571525229,324
aVL,-212.5,Upper quintile,0.24297296836251145,0.14705311125142487,0.44729241903291855,324
aVL,-210.0,Upper quintile,0.24465847349702347,0.14787720238429364,0.450790305808608,324
aVL,-207.5,Upper quintile,0.24253767801486642,0.15229120763439555,0.45306285673107694,324
aVL,-205.0,Upper quintile,0.24407215468036506,0.15029818280918011,0.452645887869239,324
aVL,-202.5,Upper quintile,0.25181762138180175,0.15555838245085368,0.45236968847072245,324
aVL,-200.0,Upper quintile,0.2569179093719388,0.16007506224961,0.450790305808608,324
aVL,-197.5,Upper quintile,0.2486237511947113,0.15522604954785482,0.449706656381633,324
aVL,-195.0,Upper quintile,0.2536122237854995,0.15157832882742583,0.4518973526315266,324
aVL,-192.5,Upper quintile,0.2535466232156101,0.15538671943594298,0.45279490371174874,324
aVL,-190.0,Upper quintile,0.2518776403243224,0.1533961871649469,0.44895044458617017,324
aVL,-187.5,Upper quintile,0.2537548679838969,0.15222760140796715,0.4636120900485546,324
aVL,-185.0,Upper quintile,0.25059538246941365,0.15491499689243443,0.46606835176015404,324
aVL,-182.5,Upper quintile,0.24883242506221986,0.1578932070555291,0.4687830444847192,324
aVL,-180.0,Upper quintile,0.24931574591414885,0.1541106841652165,0.46254377753114984,324
aVL,-177.5,Upper quintile,0.24964901110375,0.15187489253411116,0.45757644577253354,324
aVL,-175.0,Upper quintile,0.2514585531421507,0.15857317193794185,0.45270414564262434,324
aVL,-172.5,Upper quintile,0.25225819111366476,0.1564421384735503,0.4617427809487614,324
aVL,-170.0,Upper quintile,0.2516720310706577,0.15846442822191514,0.4731381370966478,324
aVL,-167.5,Upper quintile,0.25465534305264415,0.1612127557942904,0.47828308058947794,324
aVL,-165.0,Upper quintile,0.25358081585560976,0.15837039209224518,0.49656495897666597,324
aVL,-162.5,Upper quintile,0.25364055968836263,0.1541397979246776,0.509212978451196,324
aVL,-160.0,Upper quintile,0.25582565631420223,0.15731824151450455,0.48902460611978427,324
aVL,-157.5,Upper quintile,0.25573549316524696,0.15623895063691942,0.4859507317133706,324
aVL,-155.0,Upper quintile,0.25827444379957726,0.1556242162007415,0.4959492358416685,324
aVL,-152.5,Upper quintile,0.2582797532091499,0.155176701785657,0.4975438647632612,324
aVL,-150.0,Upper quintile,0.26147877158530786,0.16023803352292396,0.4967767996722977,324
aVL,-147.5,Upper quintile,0.2599757336179706,0.15151986238904827,0.5053478539818366,324
aVL,-145.0,Upper quintile,0.2599882459531136,0.1507922342308824,0.5127146327591424,324
aVL,-142.5,Upper quintile,0.264289277888911,0.1570163301178657,0.5019113621523134,324
aVL,-140.0,Upper quintile,0.2574154997323736,0.15820582985743262,0.5039844932609928,324
aVL,-137.5,Upper quintile,0.2574377933544376,0.15482708051298422,0.507543231965418,324
aVL,-135.0,Upper quintile,0.2571177053775172,0.15587641702638552,0.4971064884244125,324
aVL,-132.5,Upper quintile,0.25831341003232244,0.1575295588156913,0.5038793180818409,324
aVL,-130.0,Upper quintile,0.25713891791321386,0.15589854118001134,0.5093095908220374,324
aVL,-127.5,Upper quintile,0.25561403179877773,0.15645431664183973,0.5028487476607975,324
aVL,-125.0,Upper quintile,0.2613896620077737,0.15853847359117723,0.51085920925478,324
aVL,-122.5,Upper quintile,0.26363575715532117,0.15750402295191943,0.5117253790520306,324
aVL,-120.0,Upper quintile,0.26142015829075693,0.15273398445946734,0.5068469348980397,324
aVL,-117.5,Upper quintile,0.26424375253291166,0.15785670505885124,0.48693317872880315,324
aVL,-115.0,Upper quintile,0.26172278145450345,0.15313554366833818,0.5022064046206087,324
aVL,-112.5,Upper quintile,0.25525310869036405,0.14945359537221622,0.4964680661162875,324
aVL,-110.0,Upper quintile,0.2604663884600237,0.14980736293389574,0.49042595690628693,324
aVL,-107.5,Upper quintile,0.2635142239284114,0.15125380545572537,0.5038440933187163,324
aVL,-105.0,Upper quintile,0.25442126150288885,0.15051204781703706,0.4992741148095827,324
aVL,-102.5,Upper quintile,0.2583994707253227,0.14762319600560275,0.5022692512298739,324
aVL,-100.0,Upper quintile,0.25456562479593536,0.15393353065087584,0.5029635639584887,324
aVL,-97.5,Upper quintile,0.2537259928335325,0.15207023556990282,0.49586980865923413,324
aVL,-95.0,Upper quintile,0.2551460079268632,0.15025689377725485,0.4823601927273316,324
aVL,-92.5,Upper quintile,0.25923971215595304,0.1487375532899764,0.4923974177311411,324
aVL,-90.0,Upper quintile,0.2572878981653651,0.14888929170539753,0.49304915476211175,324
aVL,-87.5,Upper quintile,0.2524212604751797,0.14815025597610257,0.4888225408419539,324
aVL,-85.0,Upper quintile,0.2550612510214605,0.14775921119909835,0.49719716569328054,324
aVL,-82.5,Upper quintile,0.2591466730976098,0.14811817255321555,0.497053555352327,324
aVL,-80.0,Upper quintile,0.258262543105371,0.14802203042072976,0.5002141277338124,324
aVL,-77.5,Upper quintile,0.2677066928943291,0.14931407121287626,0.5158243961436995,324
aVL,-75.0,Upper quintile,0.2695634539617413,0.15042162443258691,0.5074803585672687,324
aVL,-72.5,Upper quintile,0.2653522151803906,0.1482957980420463,0.5141120273264322,324
aVL,-70.0,Upper quintile,0.2709178610288351,0.14707838361806724,0.5182946836647989,324
aVL,-67.5,Upper quintile,0.27233060507662044,0.14716066207516848,0.5179715839631744,324
aVL,-65.0,Upper quintile,0.27264807425220516,0.14557723419554358,0.5077993507227525,324
aVL,-62.5,Upper quintile,0.2782150102039965,0.13821324687454353,0.5421334724399292,324
aVL,-60.0,Upper quintile,0.2807225965320269,0.1387154706524081,0.5356929190605039,324
aVL,-57.5,Upper quintile,0.2931364746327795,0.134481882260038,0.5495302222578797,324
aVL,-55.0,Upper quintile,0.2808270521988564,0.12468539528781317,0.5660555092881244,324
aVL,-52.5,Upper quintile,0.29274386383943163,0.12411378178407065,0.5823810427016668,324
aVL,-50.0,Upper quintile,0.3080345937589808,0.12303120906359767,0.5773556359811425,324
aVL,-47.5,Upper quintile,0.3317082702630937,0.12345743969443812,0.5808194992330218,324
aVL,-45.0,Upper quintile,0.35420642732267454,0.1358370427634452,0.5748587129917376,324
aVL,-42.5,Upper quintile,0.35932622043066226,0.13339474609004837,0.5779070547390617,324
aVL,-40.0,Upper quintile,0.3847373370679166,0.13640962321149802,0.5865035377928136,324
aVL,-37.5,Upper quintile,0.3870524410509327,0.14573523319325318,0.5964976421707404,324
aVL,-35.0,Upper quintile,0.37832382181689855,0.1630479775604923,0.6007417611835337,324
aVL,-32.5,Upper quintile,0.3916137143959024,0.18893119796104443,0.6131297747113253,324
aVL,-30.0,Upper quintile,0.41099816359489993,0.20524668125989223,0.6330656927572749,324
aVL,-27.5,Upper quintile,0.4147141233567161,0.2219628247149476,0.6587101033727887,324
aVL,-25.0,Upper quintile,0.4495764939939787,0.257512108110891,0.6900424493173923,324
aVL,-22.5,Upper quintile,0.4856141823951339,0.2990433049423299,0.6981657922066379,324
aVL,-20.0,Upper quintile,0.525884571961885,0.3410000451502031,0.7130172972245383,324
aVL,-17.5,Upper quintile,0.5818726812238822,0.3780228256294759,0.7549415043848818,324
aVL,-15.0,Upper quintile,0.6521422898311547,0.4310910363649027,0.8024737208347535,324
aVL,-12.5,Upper quintile,0.7258617100532353,0.49874890134822464,0.8426729052954143,324
aVL,-10.0,Upper quintile,0.8125666983158228,0.5195873296419441,0.8959666179300174,324
aVL,-7.5,Upper quintile,0.8873091064581731,0.4882408451931763,0.936608174638637,324
aVL,-5.0,Upper quintile,0.9405355376678005,0.4547906123337492,0.9680084191798155,324
aVL,-2.5,Upper quintile,0.9828315947120708,0.3215627730723536,0.9906585482919814,324
aVL,0.0,Upper quintile,1.0,0.3366839235964654,1.0,324
aVL,2.5,Upper quintile,0.9820446802833942,0.33823278383530375,0.9914511821908544,324
aVL,5.0,Upper quintile,0.9433129702287091,0.34020266423001744,0.9668819841943066,324
aVL,7.5,Upper quintile,0.8913455623323407,0.38834902653498127,0.9416174565271458,324
aVL,10.0,Upper quintile,0.8241182471243886,0.43632362174565265,0.9027762602397766,324
aVL,12.5,Upper quintile,0.7437903818605842,0.42289856543084314,0.8539633663156024,324
aVL,15.0,Upper quintile,0.68843142450698,0.3693702685606556,0.8157926560744956,324
aVL,17.5,Upper quintile,0.6197540122568683,0.33703483141565027,0.7747022899197342,324
aVL,20.0,Upper quintile,0.5730002722978296,0.32991550871547803,0.7324462526229158,324
aVL,22.5,Upper quintile,0.5165594575093135,0.3334714329403035,0.6959830479458367,324
aVL,25.0,Upper quintile,0.504528849119475,0.32074783269648127,0.6603467572037975,324
aVL,27.5,Upper quintile,0.4931101994472774,0.29622155187227855,0.6246878591763876,324
aVL,30.0,Upper quintile,0.4578125331249152,0.2678818648539169,0.5951356964357533,324
aVL,32.5,Upper quintile,0.4266113015494468,0.24345904699430057,0.5913831865968078,324
aVL,35.0,Upper quintile,0.4006413752004875,0.2311451389653844,0.5715841430986862,324
aVL,37.5,Upper quintile,0.37227450066464385,0.2074713630991016,0.5693885835595102,324
aVL,40.0,Upper quintile,0.35133973704169574,0.19979853947473883,0.5585376083272005,324
aVL,42.5,Upper quintile,0.337592469509127,0.18207789765896934,0.5510521794502907,324
aVL,45.0,Upper quintile,0.32517568774332395,0.16575987851050972,0.5424116458116911,324
aVL,47.5,Upper quintile,0.30340268189317054,0.15048145733930846,0.5302185119650101,324
aVL,50.0,Upper quintile,0.29061804473832764,0.14060736630282486,0.5149584293135344,324
aVL,52.5,Upper quintile,0.27068156389123094,0.13322728974563625,0.5085101023640752,324
aVL,55.0,Upper quintile,0.2632078475470926,0.1312762985028236,0.5035648983703572,324
aVL,57.5,Upper quintile,0.2552900423679415,0.12587341966388466,0.4900081041607545,324
aVL,60.0,Upper quintile,0.2514529328363153,0.1261932730907061,0.48694297813087356,324
aVL,62.5,Upper quintile,0.2372461793415691,0.1214106826827131,0.4886345560662862,324
aVL,65.0,Upper quintile,0.23269439703818617,0.12417963538981983,0.49483844531748533,324
aVL,67.5,Upper quintile,0.22457549072518712,0.1239328991749748,0.4905778853645223,324
aVL,70.0,Upper quintile,0.22479044605496928,0.11285562082952572,0.5048891370799383,324
aVL,72.5,Upper quintile,0.2243321253443299,0.11265641167127508,0.5016646153738846,324
aVL,75.0,Upper quintile,0.22569848599705972,0.11730604867304203,0.5058683972753628,324
aVL,77.5,Upper quintile,0.22499466203752663,0.11322203891548663,0.5037664558723454,324
aVL,80.0,Upper quintile,0.22118077107240802,0.11218098827438557,0.4903711983864263,324
aVL,82.5,Upper quintile,0.22188930008891733,0.11471077715014386,0.5012386170904795,324
aVL,85.0,Upper quintile,0.21889855059498464,0.11383854468346151,0.49776164432616377,324
aVL,87.5,Upper quintile,0.21468631655171677,0.1139156437567779,0.5074395593186731,324
aVL,90.0,Upper quintile,0.214624347026172,0.11467744102211282,0.5030221430249204,324
aVL,92.5,Upper quintile,0.2195113065225643,0.12153866807138552,0.4801850120868457,324
aVL,95.0,Upper quintile,0.21132752257913462,0.11951224623789287,0.4639632645679742,324
aVL,97.5,Upper quintile,0.20987823217838508,0.11949208162698072,0.4842669427918509,324
aVL,100.0,Upper quintile,0.21199336049044587,0.12515832806705188,0.4915873278903178,324
aVL,102.5,Upper quintile,0.2079298046175354,0.12197539295401469,0.4852621767859035,324
aVL,105.0,Upper quintile,0.20572655644316618,0.12045494505483485,0.48563739643877607,324
aVL,107.5,Upper quintile,0.21270781001899985,0.12755240730693942,0.4879160971498214,324
aVL,110.0,Upper quintile,0.21347009343257944,0.12117385081098746,0.4975463720605048,324
aVL,112.5,Upper quintile,0.2073250290724925,0.11739386104750306,0.4850207535749403,324
aVL,115.0,Upper quintile,0.20913550618918525,0.12219748271728742,0.473056156635524,324
aVL,117.5,Upper quintile,0.21116330989687526,0.12339239386179732,0.48096211658606464,324
aVL,120.0,Upper quintile,0.20873740074786623,0.11992651430760179,0.47728842935903165,324
aVL,122.5,Upper quintile,0.21595817476797363,0.1211468809984981,0.47184857445066986,324
aVL,125.0,Upper quintile,0.2185563293730081,0.1295720052954333,0.4875148108257326,324
aVL,127.5,Upper quintile,0.21723544171482248,0.12251319973338881,0.49665444966419925,324
aVL,130.0,Upper quintile,0.21910835083586633,0.12148386745023229,0.5082315334722921,324
aVL,132.5,Upper quintile,0.21821583824011354,0.12580446913329477,0.5096694321599455,324
aVL,135.0,Upper quintile,0.21670952500769683,0.12420787693585486,0.4926589665081191,324
aVL,137.5,Upper quintile,0.21520697318703821,0.11933981743482694,0.5022250382091472,324
aVL,140.0,Upper quintile,0.2190774114964797,0.1229664382541174,0.5062436912990917,324
aVL,142.5,Upper quintile,0.2199107326611533,0.12183430671449386,0.5134080897114419,324
aVL,145.0,Upper quintile,0.21817130663426504,0.11694354867457835,0.5162975012802105,324
aVL,147.5,Upper quintile,0.21667554604106787,0.11562723443709293,0.5138884672706725,324
aVL,150.0,Upper quintile,0.2234997322153856,0.1194322053253718,0.5080810091896562,324
aVL,152.5,Upper quintile,0.22158162584826052,0.11775342666336275,0.5156912873681844,324
aVL,155.0,Upper quintile,0.21740165822304186,0.11472156810312775,0.518716487762164,324
aVL,157.5,Upper quintile,0.21910592331627876,0.11937702873535748,0.5128656146406009,324
aVL,160.0,Upper quintile,0.21968810960978075,0.11642830120904964,0.5238100653669919,324
aVL,162.5,Upper quintile,0.21775947365110632,0.10789462730464638,0.5312067238654182,324
aVL,165.0,Upper quintile,0.21933061971595558,0.10944956833662345,0.5418984666225946,324
aVL,167.5,Upper quintile,0.22216343747969858,0.10796147723515358,0.5464432973989427,324
aVL,170.0,Upper quintile,0.22296098816901455,0.1044726384161212,0.565653357466323,324
aVL,172.5,Upper quintile,0.21563738420048345,0.0998564058703732,0.5538590391218725,324
aVL,175.0,Upper quintile,0.21603934554121573,0.10392018790275952,0.5477527021566566,324
aVL,177.5,Upper quintile,0.21873025077272584,0.10170622062618759,0.5516975509546128,324
aVL,180.0,Upper quintile,0.21765434836253927,0.09732141712001918,0.5495270436331312,324
aVL,182.5,Upper quintile,0.21809891166717926,0.10318365824927886,0.5607723927876689,324
aVL,185.0,Upper quintile,0.2181473526258741,0.10048872687338563,0.542428786211544,324
aVL,187.5,Upper quintile,0.21385657481819048,0.09261036982089849,0.5336080040018955,324
aVL,190.0,Upper quintile,0.20867025794851873,0.09597221334392048,0.545859601673587,324
aVL,192.5,Upper quintile,0.2117568247154752,0.09679535798914699,0.5582741064715263,324
aVL,195.0,Upper quintile,0.21035863763888218,0.08749864354663824,0.5661450275482957,324
aVL,197.5,Upper quintile,0.20707878562286267,0.09138713626586756,0.5627840143257821,324
aVL,200.0,Upper quintile,0.2092942755442211,0.09351612004722948,0.5692344415572288,324
aVL,202.5,Upper quintile,0.2076218023040226,0.0906817835174314,0.56146497775477,324
aVL,205.0,Upper quintile,0.2048631942764132,0.08580201827307989,0.5573239429292127,324
aVL,207.5,Upper quintile,0.20093436562036082,0.09201934133328862,0.5535571265512227,324
aVL,210.0,Upper quintile,0.19937776477333885,0.08930876148272014,0.5593061283479741,324
aVL,212.5,Upper quintile,0.20438852356826603,0.08338763413540284,0.5576051907414455,324
aVL,215.0,Upper quintile,0.20359371121460082,0.08574145661574577,0.5573908149348978,324
aVL,217.5,Upper quintile,0.2037353773014152,0.08348233882973582,0.5552904031555072,324
aVL,220.0,Upper quintile,0.19661375883208032,0.08165943299681794,0.563446099802691,324
aVL,222.5,Upper quintile,0.1980581397029083,0.08051496486189985,0.5615791238207417,324
aVL,225.0,Upper quintile,0.20261158133876828,0.08365243413362292,0.5719192400828651,324
aVL,227.5,Upper quintile,0.20721921077086808,0.07833899855568442,0.585935484571696,324
aVL,230.0,Upper quintile,0.20694640705166595,0.07786398724812502,0.6027942839412628,324
aVL,232.5,Upper quintile,0.20873180591597096,0.08155113274090309,0.5990643750285672,324
aVL,235.0,Upper quintile,0.2041627936635254,0.081814026147367,0.6048027925924547,324
aVL,237.5,Upper quintile,0.20954869548616495,0.06998367992257744,0.5881529823365053,324
aVL,240.0,Upper quintile,0.21810142810416244,0.07423183977204165,0.5957516481683894,324
aVL,242.5,Upper quintile,0.22210726576837264,0.07096280965375565,0.5851818033444244,324
aVL,245.0,Upper quintile,0.22862605666935892,0.06960813705119417,0.5829453494559149,324
aVL,247.5,Upper quintile,0.23155265239081105,0.06994055534639501,0.5808831410807166,324
aVL,250.0,Upper quintile,0.23716890487260656,0.0768750706317434,0.5921767972938232,324
aVL,252.5,Upper quintile,0.23114951676651072,0.07235956433763088,0.6074204473432514,324
aVL,255.0,Upper quintile,0.23630862232345579,0.07205214793498067,0.606647544481002,324
aVL,257.5,Upper quintile,0.23553385454054587,0.08078698480275186,0.5955793344505151,324
aVL,260.0,Upper quintile,0.23406223425073874,0.07678136486054425,0.6101684759040632,324
aVL,262.5,Upper quintile,0.24065173087181618,0.0731706397632277,0.6128325213712391,324
aVL,265.0,Upper quintile,0.24906015814005777,0.07712545242623567,0.596485805746013,324
aVL,267.5,Upper quintile,0.2457127777374543,0.08191439955185931,0.6004947322743319,324
aVL,270.0,Upper quintile,0.2391258509681724,0.07862668497119432,0.6157753897490608,324
aVL,272.5,Upper quintile,0.2558895304824761,0.08904259113937682,0.6020872021759325,324
aVL,275.0,Upper quintile,0.2576582935985135,0.09245310053760676,0.5960955304213128,324
aVL,277.5,Upper quintile,0.25598691582003125,0.09168065671412878,0.6049238666328465,324
aVL,280.0,Upper quintile,0.2581099986794838,0.09453023441732618,0.5971334895029707,324
aVL,282.5,Upper quintile,0.25563824162508497,0.10395161639766616,0.5960606244337903,324
aVL,285.0,Upper quintile,0.2533449873343707,0.10279701797270763,0.5929960692157215,324
aVL,287.5,Upper quintile,0.2555415897138687,0.09861949899471806,0.5807262244750035,324
aVL,290.0,Upper quintile,0.2627605613453783,0.108423284341341,0.5692035062411149,324
aVL,292.5,Upper quintile,0.2570495603704995,0.10990559805723257,0.5673880121393334,324
aVL,295.0,Upper quintile,0.26119697386203633,0.10890122761388578,0.5689385418025544,324
aVL,297.5,Upper quintile,0.26719968859024334,0.11164079160271131,0.5698534017513868,324
aVL,300.0,Upper quintile,0.26254355122133943,0.11909397936216444,0.5759138610088022,324
aVL,302.5,Upper quintile,0.25934103232707506,0.11545581295897948,0.5734308821211991,324
aVL,305.0,Upper quintile,0.26549170519407783,0.11353972677501835,0.5722053903829821,324
aVL,307.5,Upper quintile,0.2703468884801396,0.12139730700224952,0.5615758426433822,324
aVL,310.0,Upper quintile,0.2661199659935448,0.12040537763582787,0.5503891795411204,324
aVL,312.5,Upper quintile,0.2702244491086648,0.11859877852379747,0.5505096837373237,324
aVL,315.0,Upper quintile,0.2728991718471721,0.1304190605520778,0.5593368053480889,324
aVL,317.5,Upper quintile,0.2652557257257758,0.12893535164297307,0.5617820286908185,324
aVL,320.0,Upper quintile,0.26251548696271165,0.12752915759015065,0.5646884271896817,324
aVL,322.5,Upper quintile,0.2641001245047306,0.13878565834676865,0.5481114873740051,324
aVL,325.0,Upper quintile,0.25889164638952855,0.1414336412674825,0.5471156903124293,324
aVL,327.5,Upper quintile,0.25788706289184077,0.1429237164515613,0.5400748248595864,324
aVL,330.0,Upper quintile,0.26023953453152826,0.14198866553337144,0.5296793510169222,324
aVL,332.5,Upper quintile,0.25705905266348844,0.1491921495098467,0.5218773003562609,324
aVL,335.0,Upper quintile,0.2578809597384424,0.1504064929560378,0.5328976416209172,324
aVL,337.5,Upper quintile,0.25869860783273535,0.1469226362624777,0.5345655115080803,324
aVL,340.0,Upper quintile,0.2607370205645132,0.14737710339704763,0.53368824996854,324
aVL,342.5,Upper quintile,0.2611198224748431,0.15041440983931006,0.5255454546012475,324
aVL,345.0,Upper quintile,0.2617265464530564,0.14980401352920342,0.5165064513499475,324
aVL,347.5,Upper quintile,0.2630247817037843,0.1531315572892296,0.5006523415902735,324
aVL,350.0,Upper quintile,0.26263170209581865,0.1567919155757031,0.5013240132001145,324
aVL,352.5,Upper quintile,0.2632710774132171,0.15255096930838588,0.4954465817644978,324
aVL,355.0,Upper quintile,0.26487859211547354,0.15011806927384747,0.5055430377248072,324
aVL,357.5,Upper quintile,0.2644768359770636,0.1549500156725763,0.5157580610193422,324
aVL,360.0,Upper quintile,0.2652689917584175,0.15564890835848838,0.5361923711074168,324
aVL,362.5,Upper quintile,0.2612984171303866,0.15179459896605346,0.5313144070611108,324
aVL,365.0,Upper quintile,0.26670919383807545,0.1526187434563248,0.5026445426918627,324
aVL,367.5,Upper quintile,0.2655849565460805,0.1581533704174465,0.4901380712802765,324
aVL,370.0,Upper quintile,0.25976993181188723,0.15167336936937342,0.5121592752866715,324
aVL,372.5,Upper quintile,0.26065122128911344,0.1511324568648405,0.5108523107556381,324
aVL,375.0,Upper quintile,0.26008046699375487,0.1590614427448157,0.5156710460027893,324
aVL,377.5,Upper quintile,0.25944091389684565,0.15780940284203815,0.5031955108329046,324
aVL,380.0,Upper quintile,0.25493021685168465,0.15727092804261636,0.4997412353408186,324
aVL,382.5,Upper quintile,0.2582610482368701,0.16421214328841288,0.4859164282373774,324
aVL,385.0,Upper quintile,0.2567629038706568,0.16725779387047254,0.48469519252161264,324
aVL,387.5,Upper quintile,0.2546852817980194,0.1601286697658657,0.4878407273543507,324
aVL,390.0,Upper quintile,0.2561549470330631,0.1623558382608321,0.4817437591278203,324
aVL,392.5,Upper quintile,0.255607882119464,0.16304221397242352,0.4892802113931656,324
aVL,395.0,Upper quintile,0.2528873085542188,0.1616622602334675,0.47963514986047895,324
aVL,397.5,Upper quintile,0.252360976549696,0.15998490368180218,0.48204077730014067,324
aVL,400.0,Upper quintile,0.25664484758738826,0.16852553340300933,0.4973765281617671,324
aVL,402.5,Upper quintile,0.2565887880010904,0.16067508808477604,0.5161316711108382,324
aVL,405.0,Upper quintile,0.25563187802307424,0.1610236843835376,0.4936300434456079,324
aVL,407.5,Upper quintile,0.2537060428028309,0.16286804683217374,0.5092465695408392,324
aVL,410.0,Upper quintile,0.2510111011513906,0.1614598111384034,0.49762513779197926,324
aVL,412.5,Upper quintile,0.25064033235029537,0.15719996611660247,0.5005122770373451,324
aVL,415.0,Upper quintile,0.2511256549682964,0.1607494270109513,0.4868606039111505,324
aVL,417.5,Upper quintile,0.25273650771864486,0.163291021690071,0.4868154272629258,324
aVL,420.0,Upper quintile,0.2567513214658612,0.1605889127030165,0.49882673635806546,324
aVL,422.5,Upper quintile,0.2529603479822275,0.158986841687641,0.5014236201372723,324
aVL,425.0,Upper quintile,0.25076071922903514,0.16124187669707238,0.49197787059099823,324
aVL,427.5,Upper quintile,0.2513916873439228,0.1569980329949978,0.4970866508820475,324
aVL,430.0,Upper quintile,0.25020420593037007,0.15442564526466396,0.506304190297465,324
aVL,432.5,Upper quintile,0.25039822881272766,0.15921378840608036,0.5109790072808182,324
aVL,435.0,Upper quintile,0.24836597833920288,0.15644933062714733,0.5134865968903728,324
aVL,437.5,Upper quintile,0.24908853943083104,0.15340017443763543,0.5165213878727628,324
aVL,440.0,Upper quintile,0.2531630079325426,0.15550236458431713,0.515109098046885,324
aVL,442.5,Upper quintile,0.25084902373123275,0.15563867034504703,0.5183476198436348,324
aVL,445.0,Upper quintile,0.24861200300795644,0.1515026351294588,0.509038571984637,324
aVL,447.5,Upper quintile,0.2484815704994975,0.15305881044004777,0.5003198508957756,324
aVL,450.0,Upper quintile,0.24876083207227437,0.15207282890993545,0.4926492962894461,324
aVL,452.5,Upper quintile,0.24387258068878287,0.1483679949064331,0.49492816117167016,324
aVL,455.0,Upper quintile,0.2403502485572811,0.14978683353374456,0.5046380753225088,324
aVL,457.5,Upper quintile,0.24448744903646907,0.15643749660317466,0.4919961902135427,324
aVL,460.0,Upper quintile,0.24362270831398347,0.15159898855795997,0.4810866286442623,324
aVL,462.5,Upper quintile,0.24202912676103183,0.14886889828000496,0.4892732775645153,324
aVL,465.0,Upper quintile,0.24649443160468354,0.15076315320423397,0.48822319249651774,324
aVL,467.5,Upper quintile,0.24939127113851536,0.15025720760569294,0.4782934843376866,324
aVL,470.0,Upper quintile,0.24733370924284281,0.14807103708805922,0.48446056087362577,324
aVL,472.5,Upper quintile,0.2518276148475662,0.14858618815751998,0.4914337195430598,324
aVL,475.0,Upper quintile,0.25898372323450936,0.1512300815810661,0.4814028793026587,324
aVL,477.5,Upper quintile,0.25816165355585363,0.14742136185349758,0.49016279119070155,324
aVL,480.0,Upper quintile,0.2547534378730236,0.14776611284982155,0.48763854602223977,324
aVL,482.5,Upper quintile,0.258258951680894,0.14996782825435484,0.48604953141072726,324
aVL,485.0,Upper quintile,0.2604604289379284,0.14685998578413523,0.4880414996064078,324
aVL,487.5,Upper quintile,0.2598079649816929,0.1415220837276988,0.5085301520261265,324
aVL,490.0,Upper quintile,0.2625861467324357,0.14737305830005473,0.5144198930434649,324
aVL,492.5,Upper quintile,0.2625974708908949,0.15095187026815673,0.5169512741908385,324
aVL,495.0,Upper quintile,0.2578615817911628,0.1449479441536719,0.506692066839874,324
aVL,497.5,Upper quintile,0.25481466655613144,0.14338911620459266,0.5045080843182731,324
aVF,-500.0,Upper quintile,0.6835109789410786,0.36442922735974137,0.8443722600002999,324
aVF,-497.5,Upper quintile,0.6946024912168425,0.36465290015560536,0.8458833288792036,324
aVF,-495.0,Upper quintile,0.6941345600573585,0.36106373074512194,0.847331460413289,324
aVF,-492.5,Upper quintile,0.6893214635676329,0.3574545299573476,0.8480094827840505,324
aVF,-490.0,Upper quintile,0.6881743063669689,0.35772039573279124,0.8471030422593084,324
aVF,-487.5,Upper quintile,0.6927233160025761,0.35620793448318294,0.8474148925524237,324
aVF,-485.0,Upper quintile,0.6931800489077349,0.35923589352758456,0.8440477744805484,324
aVF,-482.5,Upper quintile,0.6878913768042119,0.37947470006028994,0.845137321897986,324
aVF,-480.0,Upper quintile,0.6957522676927914,0.35779270836027227,0.8483936623877696,324
aVF,-477.5,Upper quintile,0.7013051751512023,0.35377635900853877,0.8445262704050043,324
aVF,-475.0,Upper quintile,0.6930963409579245,0.37017551867846243,0.8428438805848985,324
aVF,-472.5,Upper quintile,0.6968702737137038,0.3585723031760132,0.8424430396044154,324
aVF,-470.0,Upper quintile,0.7097541001049676,0.3595759639664259,0.8498149776976498,324
aVF,-467.5,Upper quintile,0.6882098893235898,0.3615253629201862,0.8467091125673097,324
aVF,-465.0,Upper quintile,0.6927012783702143,0.36403873476083015,0.8420206202126606,324
aVF,-462.5,Upper quintile,0.6941039618768088,0.3577975570944331,0.8504348234063428,324
aVF,-460.0,Upper quintile,0.6925582905075576,0.35858808675176984,0.8460254825048747,324
aVF,-457.5,Upper quintile,0.6869313266138265,0.3426301080461813,0.8420333349380663,324
aVF,-455.0,Upper quintile,0.6931525266900049,0.3419194939110304,0.8514514228028736,324
aVF,-452.5,Upper quintile,0.6932853218454186,0.3510894837991613,0.8509514747905993,324
aVF,-450.0,Upper quintile,0.6906384374124608,0.35357241769516434,0.842747183598896,324
aVF,-447.5,Upper quintile,0.6927233160025761,0.3499595577410136,0.8475201379640134,324
aVF,-445.0,Upper quintile,0.7122925781088505,0.33849766338821397,0.8507088101808695,324
aVF,-442.5,Upper quintile,0.6930576894624072,0.34912134344367485,0.8416047991502449,324
aVF,-440.0,Upper quintile,0.6996991736314568,0.3538045664267077,0.8419424806773506,324
aVF,-437.5,Upper quintile,0.7093309356312774,0.3394573087022587,0.8447797610716145,324
aVF,-435.0,Upper quintile,0.6979688876395673,0.35915454788444556,0.8379603321698195,324
aVF,-432.5,Upper quintile,0.6934815025888571,0.3574142487825023,0.838725137958386,324
aVF,-430.0,Upper quintile,0.6933861895968977,0.3376074879967055,0.8447670309686792,324
aVF,-427.5,Upper quintile,0.6981215194279589,0.33351860590728544,0.839298343343008,324
aVF,-425.0,Upper quintile,0.6905085857431668,0.35326962083745295,0.8384857848683787,324
aVF,-422.5,Upper quintile,0.6926156414385272,0.34479573283321885,0.8394506711763785,324
aVF,-420.0,Upper quintile,0.6929510534317777,0.3208090812642969,0.8428093919656319,324
aVF,-417.5,Upper quintile,0.6924153980426774,0.3421932186980965,0.8402955313196642,324
aVF,-415.0,Upper quintile,0.6820780800970274,0.3521726300012099,0.8376529496977467,324
aVF,-412.5,Upper quintile,0.6849054505346869,0.3366904086075124,0.8350947779309265,324
aVF,-410.0,Upper quintile,0.6802105980301474,0.3484500961481286,0.8314251739406691,324
aVF,-407.5,Upper quintile,0.6785632718251671,0.3539821201875332,0.8314099654253575,324
aVF,-405.0,Upper quintile,0.6830717344134022,0.34461828153856944,0.8335854157673622,324
aVF,-402.5,Upper quintile,0.6835906466455735,0.3468787052124908,0.8285406869327727,324
aVF,-400.0,Upper quintile,0.6746495214600052,0.35613891617755566,0.8286684517918316,324
aVF,-397.5,Upper quintile,0.6758781513103903,0.34300089743530526,0.8252026139035495,324
aVF,-395.0,Upper quintile,0.6792591140056914,0.3421845567614439,0.8280719463305056,324
aVF,-392.5,Upper quintile,0.6817273518820735,0.350668930230687,0.8254990477226357,324
aVF,-390.0,Upper quintile,0.6759800377180438,0.3447096146863829,0.823081840856029,324
aVF,-387.5,Upper quintile,0.6816623643268781,0.34810471206410687,0.8240636907409181,324
aVF,-385.0,Upper quintile,0.6801327679089939,0.3464391138863228,0.8222335786358744,324
aVF,-382.5,Upper quintile,0.6758280687205237,0.3561437618477388,0.8170634672880349,324
aVF,-380.0,Upper quintile,0.6792184487453912,0.347349000190925,0.8201258581521541,324
aVF,-377.5,Upper quintile,0.6812317399238074,0.3390471767261918,0.8198386178376251,324
aVF,-375.0,Upper quintile,0.6790628455109101,0.35445266493442484,0.8191563892237759,324
aVF,-372.5,Upper quintile,0.6756545322891113,0.3461249210383289,0.8188041862207337,324
aVF,-370.0,Upper quintile,0.6849990755243889,0.3396795617505733,0.8173265309424861,324
aVF,-367.5,Upper quintile,0.6742610009208407,0.35759639658609144,0.8172298074326229,324
aVF,-365.0,Upper quintile,0.6747168774324597,0.3484317604949914,0.8170394088458516,324
aVF,-362.5,Upper quintile,0.6936013184814829,0.33042803659984754,0.8180278947834249,324
aVF,-360.0,Upper quintile,0.6821129208855388,0.34199522587034054,0.8145360931923804,324
aVF,-357.5,Upper quintile,0.6740963437953662,0.35335707556867874,0.8092305571979539,324
aVF,-355.0,Upper quintile,0.685907280009571,0.3346033091464958,0.8132873885316746,324
aVF,-352.5,Upper quintile,0.6937544669103362,0.3288153388847581,0.8113441557057443,324
aVF,-350.0,Upper quintile,0.679376645437404,0.3506552538536081,0.8017902718751649,324
aVF,-347.5,Upper quintile,0.6813368040111273,0.3450618987749809,0.8056854339996785,324
aVF,-345.0,Upper quintile,0.6905890357173707,0.3266579707822042,0.8081018724379632,324
aVF,-342.5,Upper quintile,0.6786560873304973,0.3514590802879394,0.8031780193640428,324
aVF,-340.0,Upper quintile,0.6742690825675396,0.351199067210542,0.8027640148763668,324
aVF,-337.5,Upper quintile,0.6892886683708607,0.3435460562763818,0.8089180255632386,324
aVF,-335.0,Upper quintile,0.6879711722531848,0.3512135325801709,0.8033299331601351,324
aVF,-332.5,Upper quintile,0.6715798783017352,0.35370549684273755,0.8031182469400862,324
aVF,-330.0,Upper quintile,0.6913834459284736,0.33883606507055974,0.8075061629200305,324
aVF,-327.5,Upper quintile,0.6948468305259432,0.3402702645965732,0.8087117674738066,324
aVF,-325.0,Upper quintile,0.6812348465934875,0.3595784851441533,0.8026684957654557,324
aVF,-322.5,Upper quintile,0.6832186663194164,0.34086029748668006,0.8068899979854222,324
aVF,-320.0,Upper quintile,0.6978992065138383,0.3413568682071409,0.8077390014637147,324
aVF,-317.5,Upper quintile,0.6788645394640871,0.36311944102680693,0.8063266361026051,324
aVF,-315.0,Upper quintile,0.6757753348285851,0.35715498103839033,0.8056549714092966,324
aVF,-312.5,Upper quintile,0.6936410253796903,0.33326944334664366,0.8108225816370472,324
aVF,-310.0,Upper quintile,0.6902932833213912,0.3550341609894315,0.8065621456896469,324
aVF,-307.5,Upper quintile,0.6857687084916833,0.35610609097804946,0.8041310751790982,324
aVF,-305.0,Upper quintile,0.6902535079280032,0.34915541117835336,0.8086439714625526,324
aVF,-302.5,Upper quintile,0.6889788820669454,0.35516956876157374,0.8083901406806735,324
aVF,-300.0,Upper quintile,0.6802934775735607,0.366932182208614,0.8003707503644787,324
aVF,-297.5,Upper quintile,0.6762631473666343,0.35131579732406637,0.8071908979299758,324
aVF,-295.0,Upper quintile,0.6898177900617768,0.3569116989363491,0.8110947131745537,324
aVF,-292.5,Upper quintile,0.6723544343962132,0.3695708736377618,0.804537204716989,324
aVF,-290.0,Upper quintile,0.6737238592611815,0.3697554470323036,0.8054972815236271,324
aVF,-287.5,Upper quintile,0.6883710597514215,0.3497605963302216,0.8091135520914664,324
aVF,-285.0,Upper quintile,0.6883615515246101,0.35823187686123553,0.8092958539477847,324
aVF,-282.5,Upper quintile,0.6894623871630349,0.3683565015846278,0.8048857366609921,324
aVF,-280.0,Upper quintile,0.6837964738067303,0.3472634543409526,0.809624041354575,324
aVF,-277.5,Upper quintile,0.6931674432563084,0.3565339633116716,0.8133298803543001,324
aVF,-275.0,Upper quintile,0.6844067564727045,0.3707878967333303,0.8064871715370778,324
aVF,-272.5,Upper quintile,0.692258264184802,0.36001581406663674,0.8092985526008094,324
aVF,-270.0,Upper quintile,0.6981319538411075,0.3556770099205891,0.810661875640735,324
aVF,-267.5,Upper quintile,0.684835504935478,0.371812063869276,0.8008196534178186,324
aVF,-265.0,Upper quintile,0.687562414048007,0.37250611319119764,0.8074344857760354,324
aVF,-262.5,Upper quintile,0.6962087387339959,0.36506691846679484,0.8142416979897229,324
aVF,-260.0,Upper quintile,0.6813738070659543,0.38801279127274685,0.8080453480522893,324
aVF,-257.5,Upper quintile,0.6836399089597427,0.3716980909413065,0.806815929462326,324
aVF,-255.0,Upper quintile,0.6816706608379234,0.3702114303194305,0.8169229820412554,324
aVF,-252.5,Upper quintile,0.6839087681910174,0.37358929323851603,0.8186708006382842,324
aVF,-250.0,Upper quintile,0.6866326953141877,0.3852502786025324,0.8090218781454591,324
aVF,-247.5,Upper quintile,0.6886407688866275,0.37586917421983473,0.8142969552555605,324
aVF,-245.0,Upper quintile,0.6946847041977,0.37524417757279516,0.8214787309232219,324
aVF,-242.5,Upper quintile,0.6907329753711278,0.38645022941227114,0.8127556819983608,324
aVF,-240.0,Upper quintile,0.6905990380512891,0.38226851667017214,0.8114864842093737,324
aVF,-237.5,Upper quintile,0.7072066759925546,0.388504755288271,0.8162643629750712,324
aVF,-235.0,Upper quintile,0.7052441988997243,0.38107916839827394,0.8132084062880937,324
aVF,-232.5,Upper quintile,0.7023488358581624,0.3787088784759878,0.8103770309997326,324
aVF,-230.0,Upper quintile,0.7115878371033344,0.38107017388006587,0.8211668559136155,324
aVF,-227.5,Upper quintile,0.7095240595267298,0.3808513540007378,0.8209099580073798,324
aVF,-225.0,Upper quintile,0.7025909161904647,0.38945501303252733,0.8205212336896242,324
aVF,-222.5,Upper quintile,0.7032245318419199,0.378080069814595,0.8285554236068114,324
aVF,-220.0,Upper quintile,0.7047241727878104,0.3801386885861953,0.833461951514571,324
aVF,-217.5,Upper quintile,0.70214923378764,0.39043387309189875,0.8252570298177059,324
aVF,-215.0,Upper quintile,0.7063433692058858,0.38377413756647083,0.8336830151817167,324
aVF,-212.5,Upper quintile,0.6996363526596823,0.3987928815018949,0.8377511261725898,324
aVF,-210.0,Upper quintile,0.7016224246270878,0.38045182167321956,0.8370833791601449,324
aVF,-207.5,Upper quintile,0.7041041859247308,0.3844559517412519,0.831115678564299,324
aVF,-205.0,Upper quintile,0.7026261257642095,0.3824654205665928,0.8366791856790624,324
aVF,-202.5,Upper quintile,0.7092729779436288,0.3866451462266238,0.8351464399398146,324
aVF,-200.0,Upper quintile,0.7049760455795249,0.3735928618665424,0.8294914030985527,324
aVF,-197.5,Upper quintile,0.7049637008884813,0.36954052950565824,0.8295117054671343,324
aVF,-195.0,Upper quintile,0.70745066648862,0.3725363402693221,0.8260552454615708,324
aVF,-192.5,Upper quintile,0.7013472193505778,0.3815338248137473,0.82296438891073,324
aVF,-190.0,Upper quintile,0.7050674307694371,0.371561111779728,0.8247684339713794,324
aVF,-187.5,Upper quintile,0.7037804821044849,0.3559961540917485,0.831128513850409,324
aVF,-185.0,Upper quintile,0.7038709024650165,0.39183950171613724,0.8255824959862286,324
aVF,-182.5,Upper quintile,0.6992351077900169,0.3850683845482185,0.822316359716578,324
aVF,-180.0,Upper quintile,0.695345476009618,0.36853655214245823,0.8299038857627263,324
aVF,-177.5,Upper quintile,0.6970582778882227,0.3842652230661966,0.8335420793428769,324
aVF,-175.0,Upper quintile,0.6932131469882762,0.37601919565592784,0.8199662965058627,324
aVF,-172.5,Upper quintile,0.697347716601243,0.3766781564568383,0.8228180081394908,324
aVF,-170.0,Upper quintile,0.6967617728459232,0.37399989202614886,0.8177986139131432,324
aVF,-167.5,Upper quintile,0.6922239466837304,0.3852613525354852,0.8156546461767831,324
aVF,-165.0,Upper quintile,0.6928181923969472,0.3725769528073851,0.8123965684442326,324
aVF,-162.5,Upper quintile,0.6981664232513771,0.3665499276312396,0.8109768972789064,324
aVF,-160.0,Upper quintile,0.6940555965209108,0.3646290508044874,0.8122019592824622,324
aVF,-157.5,Upper quintile,0.6867977438988564,0.36500541360709093,0.8063120360045473,324
aVF,-155.0,Upper quintile,0.6929514242452623,0.3523114283526079,0.8050356837962728,324
aVF,-152.5,Upper quintile,0.6908735018246737,0.35455166346450717,0.811819845474685,324
aVF,-150.0,Upper quintile,0.6803842224293914,0.354625018977606,0.8056644741415911,324
aVF,-147.5,Upper quintile,0.6960700614862707,0.3534464150481284,0.8048951045479242,324
aVF,-145.0,Upper quintile,0.6902026198563997,0.3511629498121829,0.8039314718473263,324
aVF,-142.5,Upper quintile,0.6892154395075836,0.34636054264201166,0.7990562224639339,324
aVF,-140.0,Upper quintile,0.6950245213192718,0.34518737345535394,0.7950262177315539,324
aVF,-137.5,Upper quintile,0.6900336762535542,0.3409528595327677,0.8007852342684246,324
aVF,-135.0,Upper quintile,0.6771494921482315,0.33788227406512905,0.7920579451111887,324
aVF,-132.5,Upper quintile,0.6757591998160146,0.34999689092915354,0.7890709706039813,324
aVF,-130.0,Upper quintile,0.6782039851772674,0.3213906313264722,0.7943240173058854,324
aVF,-127.5,Upper quintile,0.6725861719924087,0.3240192816667901,0.7920912874210061,324
aVF,-125.0,Upper quintile,0.6618504167042119,0.3290838237622713,0.7848031766707928,324
aVF,-122.5,Upper quintile,0.658392074824026,0.3152629036677102,0.7869034153353363,324
aVF,-120.0,Upper quintile,0.6597168382483608,0.3213962757023867,0.7890827414624195,324
aVF,-117.5,Upper quintile,0.6573232211683195,0.3288801250027538,0.7855127488293979,324
aVF,-115.0,Upper quintile,0.6570651540486994,0.3315647999607991,0.7843284809860005,324
aVF,-112.5,Upper quintile,0.6654591232874594,0.3312029765142978,0.7858674747920869,324
aVF,-110.0,Upper quintile,0.6653658701998053,0.3330970387829042,0.7838501191300628,324
aVF,-107.5,Upper quintile,0.6603422389430038,0.3355012829706236,0.7805385563704514,324
aVF,-105.0,Upper quintile,0.6589003716402031,0.33542687719040887,0.78465314746898,324
aVF,-102.5,Upper quintile,0.6605026056257324,0.33904897154836766,0.7900669222641772,324
aVF,-100.0,Upper quintile,0.6535630514939406,0.3431205268747022,0.7855112196465868,324
aVF,-97.5,Upper quintile,0.6489124144669779,0.33115069970020145,0.7867918550029005,324
aVF,-95.0,Upper quintile,0.663951756086254,0.33132716582897365,0.7909963804059357,324
aVF,-92.5,Upper quintile,0.6591387972158775,0.35177804561474174,0.7901326867997136,324
aVF,-90.0,Upper quintile,0.6414995138747193,0.3514636086941024,0.7912871429200518,324
aVF,-87.5,Upper quintile,0.6516475221676985,0.3444718328401961,0.7984941008901413,324
aVF,-85.0,Upper quintile,0.6495040098529931,0.3539752880117309,0.7942040178816915,324
aVF,-82.5,Upper quintile,0.6468465914690786,0.3508429522047838,0.7918236640481153,324
aVF,-80.0,Upper quintile,0.6594372399810322,0.36402744168808376,0.7972292418854361,324
aVF,-77.5,Upper quintile,0.6575995446576548,0.3717400395302782,0.7873094986921406,324
aVF,-75.0,Upper quintile,0.6572527014407902,0.3729034460873312,0.7854732949880996,324
aVF,-72.5,Upper quintile,0.6585223711620426,0.3761611292957352,0.7952933020399127,324
aVF,-70.0,Upper quintile,0.6555619892748057,0.3825744684073777,0.8021987495242141,324
aVF,-67.5,Upper quintile,0.6640127215612692,0.39694898239249643,0.8004628835766656,324
aVF,-65.0,Upper quintile,0.670335333197501,0.4096138973806318,0.808685459167159,324
aVF,-62.5,Upper quintile,0.6725107093772948,0.4133033898351451,0.8208554486280466,324
aVF,-60.0,Upper quintile,0.683853096035876,0.4187023216857765,0.8331119807571464,324
aVF,-57.5,Upper quintile,0.678040741193292,0.44078343200352493,0.838110242811961,324
aVF,-55.0,Upper quintile,0.682618882301176,0.43637889887640857,0.8421614624647049,324
aVF,-52.5,Upper quintile,0.6858140830491317,0.4706871050426982,0.8521789236676316,324
aVF,-50.0,Upper quintile,0.6922947447588703,0.46978963725538464,0.8723701854578411,324
aVF,-47.5,Upper quintile,0.696100513788148,0.46899109244315956,0.8856710525235415,324
aVF,-45.0,Upper quintile,0.691393059343363,0.4532237405264886,0.8972538906331614,324
aVF,-42.5,Upper quintile,0.6796263808848362,0.4482788135349671,0.9045253083036731,324
aVF,-40.0,Upper quintile,0.6734300657217891,0.4246121702237551,0.9066565254778338,324
aVF,-37.5,Upper quintile,0.6736139012690883,0.44062152112493636,0.9063572415957801,324
aVF,-35.0,Upper quintile,0.6599724227380868,0.4134622604710776,0.9135641761277298,324
aVF,-32.5,Upper quintile,0.6230334641412905,0.3892587778105307,0.890569001204686,324
aVF,-30.0,Upper quintile,0.6099094502829336,0.3726742454299021,0.8711688707660087,324
aVF,-27.5,Upper quintile,0.5894966486051569,0.3462925701826938,0.8450903273431468,324
aVF,-25.0,Upper quintile,0.572452221511549,0.32433740053301485,0.8018809483955665,324
aVF,-22.5,Upper quintile,0.5551156487731557,0.2993346596458826,0.7489501451817661,324
aVF,-20.0,Upper quintile,0.5231880016244713,0.26864196394187995,0.7111648121938864,324
aVF,-17.5,Upper quintile,0.4628787250794115,0.24603840128994053,0.6776053420561535,324
aVF,-15.0,Upper quintile,0.3921406452565551,0.2274590811182993,0.6125729716640589,324
aVF,-12.5,Upper quintile,0.3418318063199065,0.19879056759479402,0.555908817422005,324
aVF,-10.0,Upper quintile,0.29080651401549107,0.150519767842323,0.5063386758170978,324
aVF,-7.5,Upper quintile,0.22068407362664239,0.10554150182857007,0.4854758588157479,324
aVF,-5.0,Upper quintile,0.1520704835909402,0.0673618851802416,0.4658679784157432,324
aVF,-2.5,Upper quintile,0.10730924043689379,0.029808069295175987,0.4555150759845989,324
aVF,0.0,Upper quintile,0.056097529777069596,0.004146381522826511,0.4485077531427174,324
aVF,2.5,Upper quintile,0.059253184692793726,0.008249535198893583,0.40949994136094536,324
aVF,5.0,Upper quintile,0.06260287368554823,0.01614734478161696,0.3930163479163836,324
aVF,7.5,Upper quintile,0.08402034248064111,0.028145313405992817,0.3827335447891643,324
aVF,10.0,Upper quintile,0.11384286591412288,0.05217343702379747,0.3932485000592557,324
aVF,12.5,Upper quintile,0.15648130392513596,0.08104435299501667,0.4029282277416421,324
aVF,15.0,Upper quintile,0.1974020682493739,0.10479009510583646,0.37828415859742687,324
aVF,17.5,Upper quintile,0.2318399901386945,0.12937249909759638,0.3816533034353332,324
aVF,20.0,Upper quintile,0.25501364154483913,0.15763944883622735,0.3980859949482548,324
aVF,22.5,Upper quintile,0.2897050867659858,0.17849672276991857,0.44061229263913587,324
aVF,25.0,Upper quintile,0.31231026968911113,0.18827927639102268,0.4495474448047405,324
aVF,27.5,Upper quintile,0.3341152896679008,0.2000072054337658,0.4659654837909979,324
aVF,30.0,Upper quintile,0.3619965769781905,0.21470212019470075,0.48790096463465926,324
aVF,32.5,Upper quintile,0.3794466546322288,0.22245701553362832,0.5117797713464842,324
aVF,35.0,Upper quintile,0.39085873064475046,0.2339979744240299,0.5390364471443366,324
aVF,37.5,Upper quintile,0.4062731197390932,0.24094949713711658,0.5767735486813449,324
aVF,40.0,Upper quintile,0.43254150589263507,0.2426220476145296,0.5811363996790118,324
aVF,42.5,Upper quintile,0.4486568440070061,0.24198549947277787,0.5928059312898114,324
aVF,45.0,Upper quintile,0.4611382911754961,0.25313974029918523,0.6221506523324284,324
aVF,47.5,Upper quintile,0.48221167006074334,0.24648864584717262,0.6447170954780094,324
aVF,50.0,Upper quintile,0.4986035405688267,0.269033007604151,0.6570562495001604,324
aVF,52.5,Upper quintile,0.5204726426502759,0.2632050806308213,0.6838412094592963,324
aVF,55.0,Upper quintile,0.5339933891035029,0.2558169639748827,0.6904336641911555,324
aVF,57.5,Upper quintile,0.5480546848596614,0.2566501327097626,0.7079143556981462,324
aVF,60.0,Upper quintile,0.5619204553035746,0.2601744108222578,0.7258225737102559,324
aVF,62.5,Upper quintile,0.5817211457733771,0.24583856381385713,0.7408903931917238,324
aVF,65.0,Upper quintile,0.5794160982326496,0.25570258898983755,0.7445574920891435,324
aVF,67.5,Upper quintile,0.5876851762266869,0.27238679549311573,0.7466350755261186,324
aVF,70.0,Upper quintile,0.5945620345893678,0.27284338602050934,0.7595874072452359,324
aVF,72.5,Upper quintile,0.6042953923555652,0.28067671911714,0.7757789820143797,324
aVF,75.0,Upper quintile,0.6039284958904806,0.28476566327710146,0.7769673699008139,324
aVF,77.5,Upper quintile,0.6078397201172439,0.2852908000295908,0.7941184798615009,324
aVF,80.0,Upper quintile,0.6163652654886747,0.2875446116041864,0.8005908537632362,324
aVF,82.5,Upper quintile,0.6179865624949986,0.29666112607165734,0.7986822683383195,324
aVF,85.0,Upper quintile,0.6185826614625973,0.30529199770659166,0.804803958985516,324
aVF,87.5,Upper quintile,0.6340997672921231,0.3050488153796642,0.8144799021442555,324
aVF,90.0,Upper quintile,0.6346389660899379,0.3134263950274647,0.8132803970170479,324
aVF,92.5,Upper quintile,0.6402136755491888,0.3038939968160295,0.8072971292085231,324
aVF,95.0,Upper quintile,0.6400282938138131,0.2991882786801439,0.8123658379006462,324
aVF,97.5,Upper quintile,0.6377068949802547,0.3049626086216515,0.8210689952620054,324
aVF,100.0,Upper quintile,0.6428039638362699,0.2913158216833332,0.813363472501637,324
aVF,102.5,Upper quintile,0.6494650606215645,0.2901262559770424,0.8161038102921372,324
aVF,105.0,Upper quintile,0.662624767707608,0.28690067725635227,0.8288282608339989,324
aVF,107.5,Upper quintile,0.6638284033487716,0.28974241445107163,0.8178000363472403,324
aVF,110.0,Upper quintile,0.67006471257924,0.30559073550273647,0.8200576242282929,324
aVF,112.5,Upper quintile,0.6728345284262305,0.29688459169229825,0.8292603682643374,324
aVF,115.0,Upper quintile,0.6713071886449979,0.3055110086904166,0.8213663634031925,324
aVF,117.5,Upper quintile,0.6747413660550885,0.29883552041218087,0.8224235978272968,324
aVF,120.0,Upper quintile,0.6590814851424357,0.3010017718517431,0.828501616877183,324
aVF,122.5,Upper quintile,0.6659232507430228,0.3053489918508105,0.8279235462023012,324
aVF,125.0,Upper quintile,0.6637416001790364,0.3047738778526873,0.8251053975127974,324
aVF,127.5,Upper quintile,0.6673121523571964,0.30669632196497376,0.8288645512012679,324
aVF,130.0,Upper quintile,0.6460270464029493,0.3104738182177495,0.829791650681127,324
aVF,132.5,Upper quintile,0.6444467030230625,0.3120230615285731,0.8277308076465064,324
aVF,135.0,Upper quintile,0.654402766358357,0.3128508667869208,0.8337186233638223,324
aVF,137.5,Upper quintile,0.6562461957673082,0.30619369008919384,0.8383327889957888,324
aVF,140.0,Upper quintile,0.6550027064215976,0.30488752652846385,0.8296194177052125,324
aVF,142.5,Upper quintile,0.6588932726132133,0.301146042785403,0.827105453175734,324
aVF,145.0,Upper quintile,0.6594300953789404,0.2963459109231698,0.8326535220492377,324
aVF,147.5,Upper quintile,0.6574938304281813,0.3073426584924084,0.8346209268364855,324
aVF,150.0,Upper quintile,0.668680127599706,0.3026677111372926,0.8315384875347165,324
aVF,152.5,Upper quintile,0.6666834325381277,0.30040312761262233,0.8381427076481636,324
aVF,155.0,Upper quintile,0.6680300917217612,0.314612802278411,0.8440475928933461,324
aVF,157.5,Upper quintile,0.6658300099085884,0.3142089126810889,0.8373093543302893,324
aVF,160.0,Upper quintile,0.6686044431839896,0.3121908955124437,0.8429156086961798,324
aVF,162.5,Upper quintile,0.67726967478862,0.3156736029704982,0.8447046066676818,324
aVF,165.0,Upper quintile,0.6780658003838911,0.32381629681627966,0.8451257192639423,324
aVF,167.5,Upper quintile,0.6710994946870958,0.3212967047749302,0.8462688745552779,324
aVF,170.0,Upper quintile,0.6839297807703376,0.31833739725464855,0.8506616258025516,324
aVF,172.5,Upper quintile,0.6795808647281767,0.31786595509514914,0.8494257154275048,324
aVF,175.0,Upper quintile,0.6792980443103769,0.3223543344645324,0.851305828770071,324
aVF,177.5,Upper quintile,0.6804285295214072,0.31865346675379075,0.8552807251184428,324
aVF,180.0,Upper quintile,0.6808887205593879,0.30547976721274994,0.8587217381434614,324
aVF,182.5,Upper quintile,0.6817582185166289,0.3266501542241207,0.8583145702170766,324
aVF,185.0,Upper quintile,0.6769281831960825,0.3278991282107742,0.8597739019133435,324
aVF,187.5,Upper quintile,0.6888684586081104,0.32477141708637525,0.8650972926997189,324
aVF,190.0,Upper quintile,0.6807490192393868,0.32394481855943874,0.869655546226644,324
aVF,192.5,Upper quintile,0.6901290673517487,0.32573608321846825,0.8686896665421019,324
aVF,195.0,Upper quintile,0.7016201799408808,0.32509078225610366,0.8740557322761422,324
aVF,197.5,Upper quintile,0.7024753618071924,0.3324181549401594,0.8737495269750266,324
aVF,200.0,Upper quintile,0.7055749222056715,0.3351245382041201,0.8758851884489214,324
aVF,202.5,Upper quintile,0.7052862147175627,0.33029379982814466,0.8807830958315267,324
aVF,205.0,Upper quintile,0.714881640813065,0.334356052128263,0.8821347174644273,324
aVF,207.5,Upper quintile,0.714591025475316,0.35478185640666615,0.8833861152102336,324
aVF,210.0,Upper quintile,0.7211012484577992,0.3344206615283178,0.8826451679352519,324
aVF,212.5,Upper quintile,0.7181617185974176,0.333507862182492,0.8850276650021224,324
aVF,215.0,Upper quintile,0.7143798850004468,0.34716348213077164,0.887077783265475,324
aVF,217.5,Upper quintile,0.7227709297431528,0.35179745931838485,0.8885630781625816,324
aVF,220.0,Upper quintile,0.7321975505272359,0.34647549995634874,0.8957238293267062,324
aVF,222.5,Upper quintile,0.73298864863735,0.36825058115220244,0.8999956969951369,324
aVF,225.0,Upper quintile,0.7339149704040635,0.3696715672463691,0.9000822019758544,324
aVF,227.5,Upper quintile,0.7383423508535183,0.35956327002833777,0.9091952125793381,324
aVF,230.0,Upper quintile,0.740752345871257,0.340965238694544,0.9125586299813756,324
aVF,232.5,Upper quintile,0.7448068878917765,0.3420800400582905,0.9069388221453751,324
aVF,235.0,Upper quintile,0.7435245212198912,0.35557025892098176,0.9116522688100801,324
aVF,237.5,Upper quintile,0.7469638052984584,0.3322113230538666,0.9128027512997388,324
aVF,240.0,Upper quintile,0.7445417952245926,0.3513084511076214,0.9141662628793111,324
aVF,242.5,Upper quintile,0.7485846988367464,0.3447673109351835,0.9142931263678482,324
aVF,245.0,Upper quintile,0.7491888416368914,0.3508071118523112,0.920613099220525,324
aVF,247.5,Upper quintile,0.7478559248496057,0.3503779458718873,0.9214222616060623,324
aVF,250.0,Upper quintile,0.7486094026953607,0.35397298644788944,0.9193384960890201,324
aVF,252.5,Upper quintile,0.7490501897525108,0.35503366599443753,0.9157858081417651,324
aVF,255.0,Upper quintile,0.752101726497403,0.360547760588961,0.9168190381473511,324
aVF,257.5,Upper quintile,0.7484690001518202,0.3535520964598781,0.9161040858564355,324
aVF,260.0,Upper quintile,0.7572072201557035,0.3713791991086086,0.9127184056742226,324
aVF,262.5,Upper quintile,0.754030770216523,0.382480936345688,0.9223121483766601,324
aVF,265.0,Upper quintile,0.7511578930765695,0.3660078533798749,0.9162759075017918,324
aVF,267.5,Upper quintile,0.7468466198388514,0.37128716577040327,0.9090832587443902,324
aVF,270.0,Upper quintile,0.7465765402448944,0.3665079447737508,0.9148256040955696,324
aVF,272.5,Upper quintile,0.744127949748911,0.3662970991464659,0.9203291699137235,324
aVF,275.0,Upper quintile,0.7389366942121567,0.3624733113234504,0.9149913098137619,324
aVF,277.5,Upper quintile,0.7377153604813371,0.3688039495436865,0.9085488631010055,324
aVF,280.0,Upper quintile,0.737096073486076,0.3709701653606435,0.9108136352182395,324
aVF,282.5,Upper quintile,0.727413970647219,0.36751489783331603,0.9049570065351349,324
aVF,285.0,Upper quintile,0.7377037279822096,0.37535660298000206,0.9005522937251372,324
aVF,287.5,Upper quintile,0.7338804856550897,0.3775987437658606,0.8982527773687299,324
aVF,290.0,Upper quintile,0.729488025986061,0.39275141882404285,0.8977196763337143,324
aVF,292.5,Upper quintile,0.7256570321489422,0.3846901492710891,0.8918260078136862,324
aVF,295.0,Upper quintile,0.7240389357087593,0.378062641029983,0.895092421647305,324
aVF,297.5,Upper quintile,0.7187324359114527,0.3863827714879505,0.8892826747975139,324
aVF,300.0,Upper quintile,0.7239265659611034,0.3815465658860937,0.885246252534259,324
aVF,302.5,Upper quintile,0.7312623546775212,0.3753738738943249,0.8816036735176576,324
aVF,305.0,Upper quintile,0.7233876213589596,0.3799155259543746,0.8833062886040339,324
aVF,307.5,Upper quintile,0.7165553841059049,0.3783550135010914,0.8713465446273985,324
aVF,310.0,Upper quintile,0.7209070101640567,0.37751809692853044,0.8699837711716214,324
aVF,312.5,Upper quintile,0.71829880471624,0.36082708030142957,0.8689832245312842,324
aVF,315.0,Upper quintile,0.7093961261966335,0.3615987189376623,0.8611606797515652,324
aVF,317.5,Upper quintile,0.7087395325453874,0.35353476164324193,0.8596931433515989,324
aVF,320.0,Upper quintile,0.7111081445727079,0.3527876104509572,0.8595050200374879,324
aVF,322.5,Upper quintile,0.7063380119993181,0.35163668233314155,0.8548459317677928,324
aVF,325.0,Upper quintile,0.6971521870579531,0.3508576038377354,0.8480789946535257,324
aVF,327.5,Upper quintile,0.7008001503514272,0.351447127171443,0.8523068536536635,324
aVF,330.0,Upper quintile,0.6990452143551047,0.35170982784603294,0.848236869472178,324
aVF,332.5,Upper quintile,0.6941723655522076,0.35357824181041214,0.8385561341617047,324
aVF,335.0,Upper quintile,0.6926820144453467,0.3448195619206451,0.8384156717102207,324
aVF,337.5,Upper quintile,0.6929100304783868,0.34282388400804636,0.8390433601589151,324
aVF,340.0,Upper quintile,0.6945617401760737,0.3388808019529258,0.8348229777100917,324
aVF,342.5,Upper quintile,0.695647617018877,0.341382667087084,0.8328891090338133,324
aVF,345.0,Upper quintile,0.6929925827249914,0.34471646056881067,0.8363272866575358,324
aVF,347.5,Upper quintile,0.6880754518768425,0.33479525351260186,0.8378497891907146,324
aVF,350.0,Upper quintile,0.6855000336497148,0.3368965811410648,0.8348775848911716,324
aVF,352.5,Upper quintile,0.6889237259409742,0.3431137994677559,0.8314803664238197,324
aVF,355.0,Upper quintile,0.6882261605523559,0.33898692029365884,0.8291635846939898,324
aVF,357.5,Upper quintile,0.6748489163571775,0.3447680561962299,0.821286946072795,324
aVF,360.0,Upper quintile,0.6816836776868844,0.33877858417173284,0.8213093602116843,324
aVF,362.5,Upper quintile,0.678338952229083,0.32676746198729784,0.8287760494294358,324
aVF,365.0,Upper quintile,0.6714275624101796,0.33106679585044674,0.817932180058839,324
aVF,367.5,Upper quintile,0.6771600427904929,0.34129095240913876,0.8112907139281987,324
aVF,370.0,Upper quintile,0.6769028920575992,0.3354329430115316,0.8203867057055141,324
aVF,372.5,Upper quintile,0.6734185169355397,0.3310781871474793,0.8127826875031405,324
aVF,375.0,Upper quintile,0.6650073358598831,0.33440031079870913,0.8129530604489024,324
aVF,377.5,Upper quintile,0.667981900025175,0.3399779321872273,0.815105485373413,324
aVF,380.0,Upper quintile,0.6734088316689348,0.34747895503383974,0.817281143621555,324
aVF,382.5,Upper quintile,0.6719328934122859,0.34998014393692434,0.8113046431901699,324
aVF,385.0,Upper quintile,0.675374999769258,0.3427323101999393,0.8102582523942023,324
aVF,387.5,Upper quintile,0.6797073068587918,0.35266088929943895,0.8118719558638283,324
aVF,390.0,Upper quintile,0.6807952809753745,0.3372402075277534,0.8008409000109185,324
aVF,392.5,Upper quintile,0.6794593048545635,0.34267349692207894,0.8035857482956046,324
aVF,395.0,Upper quintile,0.673556673832088,0.3452483036775246,0.8114876692311571,324
aVF,397.5,Upper quintile,0.6734821732334717,0.33498328962066426,0.8068800039919292,324
aVF,400.0,Upper quintile,0.6690892895932232,0.3261604099890728,0.8006095112772887,324
aVF,402.5,Upper quintile,0.6725891501725388,0.3490854199297189,0.8044015462154579,324
aVF,405.0,Upper quintile,0.681719774813011,0.35346338822797463,0.8026216605749344,324
aVF,407.5,Upper quintile,0.676438386387746,0.3393430991429781,0.7981218426512122,324
aVF,410.0,Upper quintile,0.6827060117089628,0.3381860192709416,0.7968892440237579,324
aVF,412.5,Upper quintile,0.6824543139752648,0.3378065039080683,0.800325024001384,324
aVF,415.0,Upper quintile,0.6813137534872369,0.3467286940104325,0.7911011537096408,324
aVF,417.5,Upper quintile,0.6780840686257558,0.34540776009045926,0.796990436872858,324
aVF,420.0,Upper quintile,0.6824649970540616,0.3455181023117121,0.8005086469157596,324
aVF,422.5,Upper quintile,0.6901048725488861,0.35395635743440695,0.7960726373104783,324
aVF,425.0,Upper quintile,0.6855915860116908,0.35750529885265575,0.7934203062551956,324
aVF,427.5,Upper quintile,0.6871337192385063,0.3456917393916189,0.7950295201472595,324
aVF,430.0,Upper quintile,0.6854307525956658,0.35577420824758227,0.8018622363364967,324
aVF,432.5,Upper quintile,0.6820353219914895,0.35801672605869544,0.7857955062191929,324
aVF,435.0,Upper quintile,0.6807763022289339,0.34468775887891345,0.7951758869202793,324
aVF,437.5,Upper quintile,0.6808988583375719,0.3314111106729689,0.8023433997575228,324
aVF,440.0,Upper quintile,0.6772961483833526,0.3280739809737985,0.7943421712578809,324
aVF,442.5,Upper quintile,0.6706853503586745,0.31810154460479495,0.7943546322045044,324
aVF,445.0,Upper quintile,0.6771568329442053,0.3241626817734841,0.8055787022536357,324
aVF,447.5,Upper quintile,0.6667664774329134,0.340741503490543,0.7986755088044962,324
aVF,450.0,Upper quintile,0.6665930678044732,0.3316778084234439,0.7945048007239601,324
aVF,452.5,Upper quintile,0.6700227705648318,0.31879011391675127,0.8032046483789196,324
aVF,455.0,Upper quintile,0.6714070242042276,0.3421735476566635,0.7991644715542491,324
aVF,457.5,Upper quintile,0.6739413671038279,0.32912870279883233,0.7937867667373852,324
aVF,460.0,Upper quintile,0.6701179510903993,0.33081850588619516,0.7959477438674716,324
aVF,462.5,Upper quintile,0.6757487470982256,0.32539592602069023,0.802873982349442,324
aVF,465.0,Upper quintile,0.6743020293062376,0.3481997880225639,0.7921362509177794,324
aVF,467.5,Upper quintile,0.6687321601379255,0.35893169840687056,0.7906799230961311,324
aVF,470.0,Upper quintile,0.669885437223257,0.3384602989307396,0.792683582128326,324
aVF,472.5,Upper quintile,0.6707408485184321,0.3381826045073209,0.7963442153788949,324
aVF,475.0,Upper quintile,0.6762827863460177,0.3457038164036744,0.7990410127687251,324
aVF,477.5,Upper quintile,0.6743943098475201,0.33579940550506726,0.8074406292706996,324
aVF,480.0,Upper quintile,0.6765817810564767,0.3469330964743884,0.8088039558055558,324
aVF,482.5,Upper quintile,0.6719114565719151,0.34534128425678656,0.8016426955622985,324
aVF,485.0,Upper quintile,0.6706548361404348,0.327918383554661,0.8019835229589823,324
aVF,487.5,Upper quintile,0.6752008359032678,0.3275264912158579,0.8112781820391484,324
aVF,490.0,Upper quintile,0.6802266473644792,0.3293011947698502,0.802970576801616,324
aVF,492.5,Upper quintile,0.6816128221268851,0.3281133835708552,0.799578346545696,324
aVF,495.0,Upper quintile,0.6860785350817937,0.3200793579327919,0.8006626579818731,324
aVF,497.5,Upper quintile,0.683183484856458,0.3472990583319213,0.8020917268728385,324
V1,-500.0,Upper quintile,0.5567536510065638,0.2256272027583746,0.8266052739752983,324
V1,-497.5,Upper quintile,0.5479689198909099,0.22288519045793506,0.8246960273473983,324
V1,-495.0,Upper quintile,0.5475283128977769,0.22159094177972188,0.8240297216729109,324
V1,-492.5,Upper quintile,0.5551514047855155,0.2226785405212158,0.8232201385050041,324
V1,-490.0,Upper quintile,0.5508943643612803,0.22199108443373497,0.8241704124594296,324
V1,-487.5,Upper quintile,0.5450632989915487,0.22080083890087088,0.8205811884347357,324
V1,-485.0,Upper quintile,0.5492586919650926,0.22591595971545103,0.8219353124613724,324
V1,-482.5,Upper quintile,0.552285506741601,0.2223101484258859,0.8221578970969171,324
V1,-480.0,Upper quintile,0.5425070149154055,0.22077508091282372,0.8203411573688859,324
V1,-477.5,Upper quintile,0.5481666449172189,0.230812250066763,0.8235062606342468,324
V1,-475.0,Upper quintile,0.5443866681038773,0.22692591718771837,0.8238834905399846,324
V1,-472.5,Upper quintile,0.5454379859467544,0.22699018223779296,0.824282572428027,324
V1,-470.0,Upper quintile,0.5463684545521148,0.22725387671815686,0.8199283032158131,324
V1,-467.5,Upper quintile,0.5459826977700244,0.22744756118990048,0.8201276452161356,324
V1,-465.0,Upper quintile,0.5546129740959358,0.22418694572099368,0.8181022406819022,324
V1,-462.5,Upper quintile,0.553858208236478,0.22304304819058676,0.8211193245157978,324
V1,-460.0,Upper quintile,0.5516486998419403,0.22213923107854672,0.819009879444109,324
V1,-457.5,Upper quintile,0.5560031517223788,0.22018259442969884,0.8230370231976869,324
V1,-455.0,Upper quintile,0.5429254772953912,0.2241830850029703,0.8229036726621457,324
V1,-452.5,Upper quintile,0.5528735590672657,0.22500026727057137,0.8224537965631292,324
V1,-450.0,Upper quintile,0.5564293659469017,0.22803236307170674,0.8207345292973005,324
V1,-447.5,Upper quintile,0.5590803204586453,0.2356424602650959,0.8183942044082655,324
V1,-445.0,Upper quintile,0.5598550645505709,0.2355563584900607,0.8207739754314334,324
V1,-442.5,Upper quintile,0.5555132724795173,0.2285644419565601,0.8215894436889124,324
V1,-440.0,Upper quintile,0.5557245363716068,0.22748679135445532,0.8196789386374949,324
V1,-437.5,Upper quintile,0.5629112887929324,0.22830663373320353,0.8190890219484772,324
V1,-435.0,Upper quintile,0.5677059431932421,0.2291814545973892,0.8173200899223245,324
V1,-432.5,Upper quintile,0.5577955694857574,0.2271792892729362,0.815885555162868,324
V1,-430.0,Upper quintile,0.5516999994934775,0.2254403181851319,0.8110201702096609,324
V1,-427.5,Upper quintile,0.5500977756678782,0.2266686063091311,0.8091716406331667,324
V1,-425.0,Upper quintile,0.545190288280297,0.22840203163780878,0.8060698575490228,324
V1,-422.5,Upper quintile,0.5375455664807786,0.22493175099138973,0.8045409763582878,324
V1,-420.0,Upper quintile,0.5407249465987158,0.22995620031204944,0.8085028169689054,324
V1,-417.5,Upper quintile,0.5448203861183578,0.2295945111270538,0.8096968133248723,324
V1,-415.0,Upper quintile,0.5332700182067236,0.233115363046686,0.8108720657538586,324
V1,-412.5,Upper quintile,0.5352954867876476,0.23751365903855148,0.8081107236879492,324
V1,-410.0,Upper quintile,0.5370773400822035,0.23739333799883927,0.8100284366588693,324
V1,-407.5,Upper quintile,0.5355156709281264,0.23920176709480753,0.8117385266024197,324
V1,-405.0,Upper quintile,0.5402171086396559,0.23988942864816937,0.8101478644073227,324
V1,-402.5,Upper quintile,0.5505444907942281,0.24090961675100903,0.8124048504419187,324
V1,-400.0,Upper quintile,0.5267846187991483,0.242861312077213,0.809153604197446,324
V1,-397.5,Upper quintile,0.5258504403838916,0.24354977475393405,0.8073957180709868,324
V1,-395.0,Upper quintile,0.5213117837354896,0.24318601054938688,0.8037810422362109,324
V1,-392.5,Upper quintile,0.5358359504941932,0.2455138044001216,0.8125278434866756,324
V1,-390.0,Upper quintile,0.5383206957451242,0.24362448061890216,0.8137858091590997,324
V1,-387.5,Upper quintile,0.5314021157430224,0.23847721862534255,0.8102234460856472,324
V1,-385.0,Upper quintile,0.5307466111620397,0.23985023071465972,0.8144381955296884,324
V1,-382.5,Upper quintile,0.5288782669285739,0.2455266134983934,0.8096512219117602,324
V1,-380.0,Upper quintile,0.5286202467978401,0.24244535550028226,0.8057419732746067,324
V1,-377.5,Upper quintile,0.5361344559623942,0.24924696286070214,0.8115625593686886,324
V1,-375.0,Upper quintile,0.5344380957228388,0.2529252879543905,0.8106285365540858,324
V1,-372.5,Upper quintile,0.5305821609956272,0.2548234871439147,0.8060725688546246,324
V1,-370.0,Upper quintile,0.533118466216004,0.2589281587457856,0.8039610982287269,324
V1,-367.5,Upper quintile,0.5336104744122442,0.2679875460686382,0.8076051009626698,324
V1,-365.0,Upper quintile,0.5535151687635809,0.26485878265620516,0.8078906231032206,324
V1,-362.5,Upper quintile,0.5606122452696107,0.2661697834224386,0.8041151162318532,324
V1,-360.0,Upper quintile,0.5506645388498864,0.26472974356175605,0.8071914693807679,324
V1,-357.5,Upper quintile,0.5406615808431914,0.2641535564791446,0.8094053567422513,324
V1,-355.0,Upper quintile,0.5303641173589497,0.2611389933910984,0.8045517114795311,324
V1,-352.5,Upper quintile,0.5468107122964978,0.26290039455192815,0.8060347107492061,324
V1,-350.0,Upper quintile,0.5519045813251875,0.2611812475029487,0.8093929828077483,324
V1,-347.5,Upper quintile,0.536126295942605,0.25789483787036516,0.8053108242844754,324
V1,-345.0,Upper quintile,0.5423474160419282,0.26442611293287055,0.8046152188309226,324
V1,-342.5,Upper quintile,0.5443407576490805,0.2544903255113572,0.8089442161644924,324
V1,-340.0,Upper quintile,0.550911719988288,0.25039376734254676,0.8096526567545046,324
V1,-337.5,Upper quintile,0.5658225555404117,0.24872045399844223,0.8076449618071115,324
V1,-335.0,Upper quintile,0.5628248168799662,0.2490354673959265,0.8070578687272001,324
V1,-332.5,Upper quintile,0.5656368391973268,0.24623879454905007,0.8089013734563762,324
V1,-330.0,Upper quintile,0.5742150062036628,0.24273655279906098,0.8042099438285082,324
V1,-327.5,Upper quintile,0.5653448360405144,0.24642519499420568,0.8079285485024988,324
V1,-325.0,Upper quintile,0.5618842981430587,0.2451085272912114,0.807327666900942,324
V1,-322.5,Upper quintile,0.5520359969359117,0.2454779905897591,0.8045312728742852,324
V1,-320.0,Upper quintile,0.5514645892901149,0.24805616133093725,0.8049085623182527,324
V1,-317.5,Upper quintile,0.5479704455873028,0.24651204836402973,0.8070552244743883,324
V1,-315.0,Upper quintile,0.5568221527229318,0.24849562873224912,0.8055936134224484,324
V1,-312.5,Upper quintile,0.5445953905296268,0.2525179817070849,0.7996748993592007,324
V1,-310.0,Upper quintile,0.556178097462362,0.2502881618535355,0.8055539475178483,324
V1,-307.5,Upper quintile,0.5511972712217323,0.25286343877816864,0.8050312935560037,324
V1,-305.0,Upper quintile,0.5583724297428423,0.24788728254199763,0.8073982383429839,324
V1,-302.5,Upper quintile,0.5530299510162688,0.24809291030985745,0.8066068361464859,324
V1,-300.0,Upper quintile,0.5498405341945372,0.246339575837891,0.8074901363421345,324
V1,-297.5,Upper quintile,0.5496404591909057,0.24596509926358345,0.8070834438643235,324
V1,-295.0,Upper quintile,0.5466758182044013,0.24282136083196862,0.8080013289088624,324
V1,-292.5,Upper quintile,0.5492598394842925,0.24651998548724285,0.8051681223429036,324
V1,-290.0,Upper quintile,0.5489174792336713,0.24504936589352222,0.8059325635801391,324
V1,-287.5,Upper quintile,0.538385776439178,0.24408008576660886,0.802864335650411,324
V1,-285.0,Upper quintile,0.5476633982074977,0.2495926184032323,0.8043593379155662,324
V1,-282.5,Upper quintile,0.5420127083865818,0.24440120365418092,0.805464808149772,324
V1,-280.0,Upper quintile,0.5548428897028908,0.24371783775704153,0.8058703946209739,324
V1,-277.5,Upper quintile,0.5474682868946341,0.24635763996647658,0.8065973304555999,324
V1,-275.0,Upper quintile,0.542745188076211,0.24981793909685643,0.805239398233765,324
V1,-272.5,Upper quintile,0.5397658448094993,0.24632920067916203,0.8050026185829365,324
V1,-270.0,Upper quintile,0.5364663411521842,0.24877763911173292,0.8014562185405643,324
V1,-267.5,Upper quintile,0.5415941462149848,0.24850797770575966,0.8021335109785784,324
V1,-265.0,Upper quintile,0.5409907469645008,0.2476708191946011,0.8017761673418595,324
V1,-262.5,Upper quintile,0.5400870149954324,0.24132028776731126,0.79731842112283,324
V1,-260.0,Upper quintile,0.5456479724943133,0.24500279431558797,0.7995969448651679,324
V1,-257.5,Upper quintile,0.5416330521766367,0.253308222657731,0.802263757141053,324
V1,-255.0,Upper quintile,0.5198601249299984,0.2537204822283535,0.8004289123661389,324
V1,-252.5,Upper quintile,0.5218473069424412,0.2539970769270269,0.7989104627263446,324
V1,-250.0,Upper quintile,0.5265227384256133,0.2548077581275646,0.8037441239434161,324
V1,-247.5,Upper quintile,0.5270748389912068,0.2517953857180227,0.8025376083072472,324
V1,-245.0,Upper quintile,0.5340065971293517,0.25107842933019786,0.8024802264364059,324
V1,-242.5,Upper quintile,0.5541468563320604,0.25197660386266263,0.7994706602649461,324
V1,-240.0,Upper quintile,0.5526663468134081,0.25114431461603337,0.7992257566393166,324
V1,-237.5,Upper quintile,0.5394421741692101,0.2471196302895695,0.7979666585711088,324
V1,-235.0,Upper quintile,0.5410820651051909,0.24544894292757324,0.7997374184984416,324
V1,-232.5,Upper quintile,0.5481404245524982,0.24521717223253137,0.8025223054142807,324
V1,-230.0,Upper quintile,0.5408006527615286,0.24944810137122125,0.7975622001534701,324
V1,-227.5,Upper quintile,0.5597469306285061,0.25207999420283334,0.7997417583255089,324
V1,-225.0,Upper quintile,0.5645850465684326,0.24355202737334963,0.8026133951156971,324
V1,-222.5,Upper quintile,0.5612883447110071,0.24783200046914722,0.799189076154015,324
V1,-220.0,Upper quintile,0.5609434090560788,0.24606024260242979,0.795661059259229,324
V1,-217.5,Upper quintile,0.5679602692531578,0.24624802248324182,0.7972019350100702,324
V1,-215.0,Upper quintile,0.5608647283754052,0.24331967396044235,0.7959485905669472,324
V1,-212.5,Upper quintile,0.5636882130623011,0.24762081078076345,0.7934029559198137,324
V1,-210.0,Upper quintile,0.5655546834948143,0.23949355543332138,0.7973965215851153,324
V1,-207.5,Upper quintile,0.5485762115779136,0.236600370734021,0.8006463564351276,324
V1,-205.0,Upper quintile,0.559040321327238,0.2287550433749773,0.7986872641759515,324
V1,-202.5,Upper quintile,0.555966850872351,0.2314031950910713,0.7938569656983587,324
V1,-200.0,Upper quintile,0.5513108660263355,0.2341251737156353,0.7940048281648375,324
V1,-197.5,Upper quintile,0.5437224185584386,0.23312899569206288,0.7913404398049958,324
V1,-195.0,Upper quintile,0.5659151561844229,0.2401706698626969,0.7927142790827874,324
V1,-192.5,Upper quintile,0.5592841053353925,0.23848515661829706,0.7936255009001987,324
V1,-190.0,Upper quintile,0.5610539458444163,0.2348136916280197,0.7936666192141288,324
V1,-187.5,Upper quintile,0.5463447340244814,0.24003647566935185,0.7878855616867257,324
V1,-185.0,Upper quintile,0.5478375548691758,0.23960600443520974,0.7877837084541679,324
V1,-182.5,Upper quintile,0.5456204811485366,0.24300283186600438,0.7913860038142745,324
V1,-180.0,Upper quintile,0.5365844342354331,0.24127874822176126,0.7874285719269168,324
V1,-177.5,Upper quintile,0.5321071287655454,0.2492148220405529,0.790655695107172,324
V1,-175.0,Upper quintile,0.5345420541468242,0.24758889875064696,0.7896370076795273,324
V1,-172.5,Upper quintile,0.5289989929810052,0.2447385209334969,0.7863161361533553,324
V1,-170.0,Upper quintile,0.5253060693366463,0.244640809179864,0.783322116939821,324
V1,-167.5,Upper quintile,0.55797365802207,0.24767949230985759,0.7822224134955801,324
V1,-165.0,Upper quintile,0.5423932337796779,0.24159403671911933,0.784748452012693,324
V1,-162.5,Upper quintile,0.5343271227481153,0.2371122849371618,0.782464800092163,324
V1,-160.0,Upper quintile,0.530129227723439,0.23994196296519588,0.7822272325483747,324
V1,-157.5,Upper quintile,0.5150746228327109,0.23773577325913145,0.7829478498998274,324
V1,-155.0,Upper quintile,0.5269057538894806,0.24100349924317793,0.7851553633758338,324
V1,-152.5,Upper quintile,0.525668081834382,0.24194365251182723,0.7896909917364048,324
V1,-150.0,Upper quintile,0.523990581450182,0.2422620169353103,0.7844993968067605,324
V1,-147.5,Upper quintile,0.5301278478461617,0.24928728586612625,0.7838483898049,324
V1,-145.0,Upper quintile,0.5396003647134323,0.24808316512352682,0.7822166714861628,324
V1,-142.5,Upper quintile,0.535654814300859,0.24587119202813754,0.7831519891937095,324
V1,-140.0,Upper quintile,0.5434023563876038,0.24521740229937564,0.7829550480502177,324
V1,-137.5,Upper quintile,0.5351655664375838,0.24472933193372332,0.7818463445747731,324
V1,-135.0,Upper quintile,0.5297707328764389,0.24319394833456207,0.780180817283112,324
V1,-132.5,Upper quintile,0.5369186261313665,0.24259995521682454,0.7806494302988504,324
V1,-130.0,Upper quintile,0.5358852246053917,0.24391496321647854,0.7862026730478611,324
V1,-127.5,Upper quintile,0.5430193081208505,0.24433607806491475,0.786933645827105,324
V1,-125.0,Upper quintile,0.5558455792249004,0.2459189973170809,0.7882614480833863,324
V1,-122.5,Upper quintile,0.5596353386068847,0.24620127819021037,0.7855006000640121,324
V1,-120.0,Upper quintile,0.5432191571122503,0.24601043374983794,0.7923539403725162,324
V1,-117.5,Upper quintile,0.5469862316814315,0.2533932563210527,0.797109274534231,324
V1,-115.0,Upper quintile,0.5326381381143317,0.2524594183453759,0.7942919249482616,324
V1,-112.5,Upper quintile,0.534751321159417,0.2551756811546149,0.7947252214282362,324
V1,-110.0,Upper quintile,0.5328962979623331,0.25606017143303517,0.8037595023126968,324
V1,-107.5,Upper quintile,0.5269328656631025,0.2608289286247328,0.8061939493169431,324
V1,-105.0,Upper quintile,0.5446948039447702,0.2623098798309969,0.8060688935531701,324
V1,-102.5,Upper quintile,0.5409430096287369,0.2667349031355639,0.8076741590092036,324
V1,-100.0,Upper quintile,0.5270885887135426,0.27478059895461443,0.8030359528057557,324
V1,-97.5,Upper quintile,0.552409553767065,0.27824132515124483,0.802837182758924,324
V1,-95.0,Upper quintile,0.557592476899607,0.2797109481368771,0.80168276430326,324
V1,-92.5,Upper quintile,0.5280999916846975,0.28293760179373795,0.8024854139111531,324
V1,-90.0,Upper quintile,0.5587450033849246,0.2795873668808491,0.8017542467844962,324
V1,-87.5,Upper quintile,0.5676631712103164,0.27571874503717386,0.8035297761408294,324
V1,-85.0,Upper quintile,0.5663049407150118,0.2716221654552413,0.794052652911913,324
V1,-82.5,Upper quintile,0.5498127810349602,0.27001986404856465,0.7946959899576383,324
V1,-80.0,Upper quintile,0.560187237651016,0.2685266256021304,0.7928326699159527,324
V1,-77.5,Upper quintile,0.5241982918256223,0.2688624796159913,0.791023512174637,324
V1,-75.0,Upper quintile,0.5054257801044464,0.2664232846618339,0.7923532756152725,324
V1,-72.5,Upper quintile,0.4872344326360427,0.25850760175809273,0.7906469304188034,324
V1,-70.0,Upper quintile,0.4960903264519692,0.25677345224020875,0.7878675413306477,324
V1,-67.5,Upper quintile,0.49172131978792066,0.25826979169204095,0.792897941895021,324
V1,-65.0,Upper quintile,0.49240038545983056,0.247113784471449,0.7863516727905345,324
V1,-62.5,Upper quintile,0.4676179013751347,0.2409415107439706,0.7875301058869213,324
V1,-60.0,Upper quintile,0.4642286949234493,0.2315487949002751,0.7715998776686253,324
V1,-57.5,Upper quintile,0.4442533078420403,0.23034354870679064,0.760342287715401,324
V1,-55.0,Upper quintile,0.42808466606159146,0.2200117183126843,0.7632051996373612,324
V1,-52.5,Upper quintile,0.4131174896384593,0.21719288413623422,0.7578909228082614,324
V1,-50.0,Upper quintile,0.4070766121970173,0.21521372236325348,0.7537109812580483,324
V1,-47.5,Upper quintile,0.39669403138768683,0.2048053810176622,0.7437167558807917,324
V1,-45.0,Upper quintile,0.39478070345776517,0.19631161098350636,0.7346123736812215,324
V1,-42.5,Upper quintile,0.3986863447072617,0.1960739693029353,0.7051739700479513,324
V1,-40.0,Upper quintile,0.3888863655475709,0.19696055792953343,0.6783715424574499,324
V1,-37.5,Upper quintile,0.389799179680942,0.19428590601760448,0.6685853197326568,324
V1,-35.0,Upper quintile,0.3854306046981771,0.1903779969529048,0.6569294196833486,324
V1,-32.5,Upper quintile,0.38401248906463104,0.17756871995691664,0.6317862034621062,324
V1,-30.0,Upper quintile,0.36753916052585467,0.17242024295424538,0.6215770775770146,324
V1,-27.5,Upper quintile,0.358375888480267,0.16327688577178176,0.6333850777687778,324
V1,-25.0,Upper quintile,0.338547571281244,0.16904184103039444,0.6317075124058518,324
V1,-22.5,Upper quintile,0.33053161413606075,0.15645677142014663,0.6245376106093201,324
V1,-20.0,Upper quintile,0.317205702262527,0.15988101868591248,0.6213505799717278,324
V1,-17.5,Upper quintile,0.3297014618982852,0.15441079669503427,0.6372680824177577,324
V1,-15.0,Upper quintile,0.3373874764365695,0.1381443646138562,0.6289600330256939,324
V1,-12.5,Upper quintile,0.3464417734945915,0.14235089185729816,0.6600341305963701,324
V1,-10.0,Upper quintile,0.36249653697484885,0.1393893616834192,0.6673861980154516,324
V1,-7.5,Upper quintile,0.3801260576207983,0.12856252567617654,0.6598197850420652,324
V1,-5.0,Upper quintile,0.40488080485390376,0.14563046312713063,0.6923523423366853,324
V1,-2.5,Upper quintile,0.4333667582881234,0.15695406113550664,0.6921839942067667,324
V1,0.0,Upper quintile,0.45352174139637913,0.17206915458335706,0.6939548156231774,324
V1,2.5,Upper quintile,0.4654235352899765,0.20200273200808622,0.7276688085443453,324
V1,5.0,Upper quintile,0.4936478279734959,0.21351212311839005,0.7299631181011198,324
V1,7.5,Upper quintile,0.5312710457984877,0.2516093739741497,0.7386175859112615,324
V1,10.0,Upper quintile,0.5538523570879204,0.313322190583721,0.7505050488420275,324
V1,12.5,Upper quintile,0.5798302517497222,0.35273428660190426,0.7574769761023445,324
V1,15.0,Upper quintile,0.6135185452361744,0.39167354744210026,0.7505884383622722,324
V1,17.5,Upper quintile,0.6274899018185371,0.4184660220260553,0.7636120382648526,324
V1,20.0,Upper quintile,0.6459786266053373,0.42893009424363726,0.7788563036952336,324
V1,22.5,Upper quintile,0.6645229926991858,0.45954417668295183,0.783191923773039,324
V1,25.0,Upper quintile,0.672000660064936,0.48066534223625146,0.8062400307689247,324
V1,27.5,Upper quintile,0.6859967494651202,0.5006412635732912,0.817888705599429,324
V1,30.0,Upper quintile,0.7062485513824753,0.49397183496823854,0.8404198334858327,324
V1,32.5,Upper quintile,0.7265730414281022,0.4850432039843433,0.8596438647200991,324
V1,35.0,Upper quintile,0.7532013469322256,0.4882360664694555,0.8674399471206548,324
V1,37.5,Upper quintile,0.7692401738147234,0.48275424030015857,0.8809533052202265,324
V1,40.0,Upper quintile,0.7861899102307589,0.506270188495936,0.9025026787315131,324
V1,42.5,Upper quintile,0.7969171950922374,0.5097107656035772,0.9111780940089749,324
V1,45.0,Upper quintile,0.80378389356205,0.5348837441079958,0.9153374540858213,324
V1,47.5,Upper quintile,0.8046568236379797,0.5421102313152828,0.9182226898717895,324
V1,50.0,Upper quintile,0.809903068682698,0.5612804627473598,0.91921374893916,324
V1,52.5,Upper quintile,0.8049025169314583,0.5695715114957656,0.9191351081559377,324
V1,55.0,Upper quintile,0.7985415403650162,0.5612903595061193,0.9174047549657589,324
V1,57.5,Upper quintile,0.7827851564652692,0.5459149253295615,0.911375462980752,324
V1,60.0,Upper quintile,0.782591764560609,0.5259029420798539,0.9112431779288799,324
V1,62.5,Upper quintile,0.7788984726960286,0.515016534401214,0.90086645456391,324
V1,65.0,Upper quintile,0.7718538871202082,0.48315366551151856,0.8832230537114,324
V1,67.5,Upper quintile,0.7690716762468067,0.4366748522787563,0.877872123285133,324
V1,70.0,Upper quintile,0.7477289074230771,0.40623698815718334,0.8698903124410907,324
V1,72.5,Upper quintile,0.7347526241755209,0.3995249920142122,0.8720026137467394,324
V1,75.0,Upper quintile,0.7215660182684369,0.38337534527273853,0.8708875071577178,324
V1,77.5,Upper quintile,0.7197300837472653,0.3780634575692258,0.8683908114919286,324
V1,80.0,Upper quintile,0.7067951910866536,0.34867276140812675,0.8639571205519494,324
V1,82.5,Upper quintile,0.6854326289278105,0.329238916726125,0.8619016724580152,324
V1,85.0,Upper quintile,0.6681960629968895,0.32417169049155686,0.8605425788580824,324
V1,87.5,Upper quintile,0.6537664042124818,0.31349287156535194,0.8565769499633133,324
V1,90.0,Upper quintile,0.6383615756452179,0.29141981452915827,0.8604122686217702,324
V1,92.5,Upper quintile,0.626851978304479,0.27986539387256526,0.8660080763269284,324
V1,95.0,Upper quintile,0.5956729305871846,0.2714718593252642,0.8628712312233476,324
V1,97.5,Upper quintile,0.5932345156808412,0.270048264484341,0.8600937355737733,324
V1,100.0,Upper quintile,0.5887327135830599,0.25567637254049147,0.8614507524401068,324
V1,102.5,Upper quintile,0.5766880450742482,0.24532330229334182,0.8618765397181724,324
V1,105.0,Upper quintile,0.5833247054051482,0.25160258470943286,0.858980764483111,324
V1,107.5,Upper quintile,0.5865304364916204,0.23982152820992234,0.8607852792829948,324
V1,110.0,Upper quintile,0.5806571002303242,0.23143511673624562,0.8651221721236828,324
V1,112.5,Upper quintile,0.5721034462830581,0.22210279962389004,0.8659048478619269,324
V1,115.0,Upper quintile,0.5596653663416409,0.21619517608228775,0.8646532305368081,324
V1,117.5,Upper quintile,0.5622902973696298,0.21034748002204276,0.8657227867649372,324
V1,120.0,Upper quintile,0.5515969758868469,0.20514054291226275,0.8659235093578505,324
V1,122.5,Upper quintile,0.5557101322571982,0.20228730402412892,0.8668261790050255,324
V1,125.0,Upper quintile,0.5352319594093726,0.2015871860075743,0.8686358673623232,324
V1,127.5,Upper quintile,0.528164694758945,0.19899946968819787,0.8699408149420081,324
V1,130.0,Upper quintile,0.5342806332689614,0.1949735435311929,0.8673732050924101,324
V1,132.5,Upper quintile,0.5387875091913497,0.1940446182116805,0.871756030244987,324
V1,135.0,Upper quintile,0.5513995741536226,0.1938239912434739,0.8688303626223263,324
V1,137.5,Upper quintile,0.5457834430451182,0.19338998373491775,0.8726635190112026,324
V1,140.0,Upper quintile,0.559621974562717,0.19750706021833506,0.8720661133206962,324
V1,142.5,Upper quintile,0.5427742134304337,0.20022561042047018,0.8770319669678414,324
V1,145.0,Upper quintile,0.5405905565516349,0.20033730219795595,0.8766456537218654,324
V1,147.5,Upper quintile,0.5368880213898086,0.19594989304884977,0.8783647805613042,324
V1,150.0,Upper quintile,0.5447813023701087,0.1949068451851046,0.8793062620786727,324
V1,152.5,Upper quintile,0.5686666750384048,0.19504597816279517,0.8799586421923491,324
V1,155.0,Upper quintile,0.5555244746518044,0.19396009375257886,0.8809155955218039,324
V1,157.5,Upper quintile,0.5585138045763791,0.19026812885640576,0.8839839551628867,324
V1,160.0,Upper quintile,0.5698390168620322,0.19050441789706546,0.8854371116111028,324
V1,162.5,Upper quintile,0.5590545021307178,0.18857378814731005,0.8861019015352887,324
V1,165.0,Upper quintile,0.5751494180662611,0.18509729474777595,0.888541768224022,324
V1,167.5,Upper quintile,0.5748558961850168,0.18531594092109666,0.8899075883053428,324
V1,170.0,Upper quintile,0.5696819609071759,0.18186954987162876,0.8928647583208598,324
V1,172.5,Upper quintile,0.572745948895724,0.1775838508586789,0.8968757532554612,324
V1,175.0,Upper quintile,0.5572355485170026,0.17632458152467537,0.9041076446242853,324
V1,177.5,Upper quintile,0.5360265513496046,0.1723980398157807,0.9054811400163332,324
V1,180.0,Upper quintile,0.5375017513628522,0.16745010972319174,0.9075262509429647,324
V1,182.5,Upper quintile,0.5412422105257844,0.1624361977509217,0.9068748396310138,324
V1,185.0,Upper quintile,0.5342561949156681,0.1623705865772274,0.905745107247055,324
V1,187.5,Upper quintile,0.5340264233264274,0.15788422672207691,0.9115085625186116,324
V1,190.0,Upper quintile,0.5335000009825006,0.15200691492333562,0.9132745116518046,324
V1,192.5,Upper quintile,0.5417885312951769,0.14942539604465585,0.9188514184683899,324
V1,195.0,Upper quintile,0.5491269643975574,0.15508610607604556,0.923523579050683,324
V1,197.5,Upper quintile,0.5497277744318237,0.15514567545635113,0.9234419095457309,324
V1,200.0,Upper quintile,0.5583720023409495,0.14233589795983626,0.9262230026568081,324
V1,202.5,Upper quintile,0.557970203666842,0.13778941070057746,0.9266443786736558,324
V1,205.0,Upper quintile,0.5555471502583074,0.13552561249957606,0.9303478726002623,324
V1,207.5,Upper quintile,0.5579118803063426,0.13291466796754828,0.9346435773309079,324
V1,210.0,Upper quintile,0.5436367348190965,0.13064601073790696,0.937160263381549,324
V1,212.5,Upper quintile,0.531730324950529,0.12961362460270925,0.938838901839007,324
V1,215.0,Upper quintile,0.5170044830157814,0.12699346871773082,0.9374607698730903,324
V1,217.5,Upper quintile,0.5020225127529714,0.1271250233803802,0.9437971612829624,324
V1,220.0,Upper quintile,0.5381187785081779,0.11750868503027116,0.9391568593399883,324
V1,222.5,Upper quintile,0.5447358745444766,0.12056303776406462,0.9394638434085198,324
V1,225.0,Upper quintile,0.5147997526869547,0.11625985782750539,0.9375066705425985,324
V1,227.5,Upper quintile,0.5032484837056506,0.1121898210071112,0.9384891298151357,324
V1,230.0,Upper quintile,0.5120877155634627,0.10672367456567058,0.9386745196018134,324
V1,232.5,Upper quintile,0.5219702933312478,0.10082594591465276,0.9423081935982527,324
V1,235.0,Upper quintile,0.5190990919964871,0.09936479942356641,0.9395139026087392,324
V1,237.5,Upper quintile,0.5199832477069768,0.0966830366741056,0.9400301615247899,324
V1,240.0,Upper quintile,0.5340593595405281,0.09591823482261222,0.9390202087182151,324
V1,242.5,Upper quintile,0.5518433376248476,0.09444798467675075,0.9415007053799984,324
V1,245.0,Upper quintile,0.5544929544813231,0.09507897254265382,0.9416049148984504,324
V1,247.5,Upper quintile,0.5455861706129027,0.09301369079861621,0.943123841590819,324
V1,250.0,Upper quintile,0.5418450348110697,0.08760950749300324,0.9433447664774156,324
V1,252.5,Upper quintile,0.5688819856663891,0.07925685598743573,0.9373401283858719,324
V1,255.0,Upper quintile,0.5687060711457667,0.08566324968776814,0.933651742515344,324
V1,257.5,Upper quintile,0.5494553624497878,0.08477940123805744,0.9318521693877535,324
V1,260.0,Upper quintile,0.52368277330916,0.09405470975298548,0.925865095136679,324
V1,262.5,Upper quintile,0.543060971056287,0.08705205053347705,0.9196430876942293,324
V1,265.0,Upper quintile,0.5303465189740797,0.08344653567249101,0.9147211105561712,324
V1,267.5,Upper quintile,0.5523745237795729,0.09353662503030416,0.9127584408216838,324
V1,270.0,Upper quintile,0.575092633723268,0.09212499571402083,0.9091737711366691,324
V1,272.5,Upper quintile,0.5859462807867151,0.09430406040671163,0.9039943418602872,324
V1,275.0,Upper quintile,0.5761244530245844,0.09549186506160803,0.8977335965165407,324
V1,277.5,Upper quintile,0.5950768942188778,0.10103434406562975,0.8890473250928539,324
V1,280.0,Upper quintile,0.5963750739159135,0.0980225585596303,0.885343172370468,324
V1,282.5,Upper quintile,0.6052010572025448,0.10189979954531352,0.8869938756121725,324
V1,285.0,Upper quintile,0.6075913967705477,0.10812657060736747,0.8801154639839848,324
V1,287.5,Upper quintile,0.5672524278230778,0.11233106898532541,0.8718479293930775,324
V1,290.0,Upper quintile,0.5710187247942582,0.1137523550151406,0.8714026519236279,324
V1,292.5,Upper quintile,0.5683721195115023,0.11621630819103124,0.8707696645650145,324
V1,295.0,Upper quintile,0.5702235840248497,0.1110484641523164,0.8690012615100977,324
V1,297.5,Upper quintile,0.5660530737357012,0.12194601183544826,0.8626473030188244,324
V1,300.0,Upper quintile,0.5635312164407468,0.12640212387278715,0.8621104958158385,324
V1,302.5,Upper quintile,0.5738241542537699,0.1266320820425466,0.8605739874277661,324
V1,305.0,Upper quintile,0.5790984787532494,0.12727105153030085,0.8558944286790127,324
V1,307.5,Upper quintile,0.574015863234345,0.13494817531010955,0.851823465158276,324
V1,310.0,Upper quintile,0.5731178285515561,0.13970863732967548,0.8519389537674862,324
V1,312.5,Upper quintile,0.5752916128938936,0.15973656883521908,0.8451344360167176,324
V1,315.0,Upper quintile,0.5755015405029708,0.16282925125637898,0.8448061059429658,324
V1,317.5,Upper quintile,0.5787521922473866,0.17496570808644613,0.839120405722483,324
V1,320.0,Upper quintile,0.5847746427709394,0.18191829800884746,0.8389771869047641,324
V1,322.5,Upper quintile,0.5655192959964368,0.18614986673129297,0.8378687968695383,324
V1,325.0,Upper quintile,0.5732613682393939,0.19494279196663708,0.8349426865757478,324
V1,327.5,Upper quintile,0.5664072367313191,0.19331793676532436,0.8302180142255027,324
V1,330.0,Upper quintile,0.5692597280194818,0.203065855781103,0.8305775846898793,324
V1,332.5,Upper quintile,0.5780167988141558,0.20376385402353075,0.8307031786154278,324
V1,335.0,Upper quintile,0.5718898578959843,0.2128420001471541,0.8290459280145681,324
V1,337.5,Upper quintile,0.5545492728564803,0.2174012824852024,0.8262323061731386,324
V1,340.0,Upper quintile,0.575641834008769,0.21663343404017474,0.8227214021308924,324
V1,342.5,Upper quintile,0.562055232887243,0.2156614458276733,0.8226786631871965,324
V1,345.0,Upper quintile,0.5657954179052131,0.2224431145040166,0.8206276038761491,324
V1,347.5,Upper quintile,0.5474396649397428,0.22456286845400636,0.8228128153025052,324
V1,350.0,Upper quintile,0.5541161585064435,0.21796479162147026,0.8229045881102528,324
V1,352.5,Upper quintile,0.5486291552877942,0.22305798177139963,0.820864277490884,324
V1,355.0,Upper quintile,0.5559176215625564,0.22322686240541992,0.8189288005371905,324
V1,357.5,Upper quintile,0.55462032819656,0.22768468611802384,0.8199431277431775,324
V1,360.0,Upper quintile,0.5479937530350903,0.22547743257548664,0.8175152901374478,324
V1,362.5,Upper quintile,0.546171254207032,0.23100299988851825,0.8154121783639966,324
V1,365.0,Upper quintile,0.5537129551536129,0.23562797742842806,0.8173636271052533,324
V1,367.5,Upper quintile,0.5605396607433704,0.23631960124327678,0.8174058504958865,324
V1,370.0,Upper quintile,0.5404572746859312,0.2372965939727306,0.8136174953831282,324
V1,372.5,Upper quintile,0.544339505231799,0.2376943730768012,0.8108097396829955,324
V1,375.0,Upper quintile,0.5463234041314606,0.23792589956757298,0.8125855293373557,324
V1,377.5,Upper quintile,0.5495450320721192,0.24155751310813048,0.8117638597474504,324
V1,380.0,Upper quintile,0.5474017305373258,0.24061265819785282,0.8104140541008764,324
V1,382.5,Upper quintile,0.5547424038049127,0.23962973647307323,0.811925706657168,324
V1,385.0,Upper quintile,0.5717835332632077,0.2416050803578481,0.8096563866242596,324
V1,387.5,Upper quintile,0.5699071707084646,0.24698212345686188,0.8034981170082105,324
V1,390.0,Upper quintile,0.5666667712817262,0.24699852865147107,0.8068756564751133,324
V1,392.5,Upper quintile,0.5604532100934554,0.2485981575761968,0.8093419768917852,324
V1,395.0,Upper quintile,0.5588372427460233,0.24756974982013366,0.8044338919761829,324
V1,397.5,Upper quintile,0.5604322153341034,0.24871817144286434,0.8080557584640552,324
V1,400.0,Upper quintile,0.5646772899955901,0.24490774508303373,0.8073411115755782,324
V1,402.5,Upper quintile,0.5686697770048759,0.24260006899212153,0.8035963351263872,324
V1,405.0,Upper quintile,0.5632413580469553,0.24724477407976486,0.801832079474535,324
V1,407.5,Upper quintile,0.5642359882199663,0.24374812868908438,0.8076223072174618,324
V1,410.0,Upper quintile,0.5642709730153885,0.245248044896885,0.807648203287165,324
V1,412.5,Upper quintile,0.5557174094319062,0.24776207630145122,0.8043959052284385,324
V1,415.0,Upper quintile,0.560681001175737,0.2492866236081,0.808126242620067,324
V1,417.5,Upper quintile,0.5672408859295262,0.25073117793703636,0.8103316268017913,324
V1,420.0,Upper quintile,0.5523218612329025,0.2477656188383602,0.8089588924361895,324
V1,422.5,Upper quintile,0.5531236720132343,0.2513709420338033,0.8101482050710677,324
V1,425.0,Upper quintile,0.5559766911267393,0.25061160915078456,0.81161193740616,324
V1,427.5,Upper quintile,0.5555053118824025,0.24914093391060924,0.8106972893667642,324
V1,430.0,Upper quintile,0.5495639006772801,0.24884613834410355,0.8141491760289465,324
V1,432.5,Upper quintile,0.5536104449895173,0.24801302099531025,0.8182248193430276,324
V1,435.0,Upper quintile,0.5493226706739122,0.24729235310730438,0.8137199455268287,324
V1,437.5,Upper quintile,0.5488324356353318,0.25076827001542124,0.8144574345213331,324
V1,440.0,Upper quintile,0.5614185487369129,0.24744730716749305,0.81263483369329,324
V1,442.5,Upper quintile,0.566024196450211,0.2478137188507887,0.8139639152674143,324
V1,445.0,Upper quintile,0.5571477377733223,0.2508247585427929,0.8118672814346602,324
V1,447.5,Upper quintile,0.5882334976348633,0.24997070839882907,0.8111657593853325,324
V1,450.0,Upper quintile,0.5690508171794562,0.2523855642780337,0.8138891240378794,324
V1,452.5,Upper quintile,0.5670098226415914,0.2513665481484215,0.8105299965938422,324
V1,455.0,Upper quintile,0.5806055998731003,0.25426026741055885,0.808697910825989,324
V1,457.5,Upper quintile,0.5733153941712472,0.2523697188818397,0.8134041897124766,324
V1,460.0,Upper quintile,0.5587362810207024,0.25205190526946897,0.8127198912898077,324
V1,462.5,Upper quintile,0.5604797522540155,0.2540147443682982,0.8070794264316923,324
V1,465.0,Upper quintile,0.5609439405770286,0.25024911276752576,0.8084468415859543,324
V1,467.5,Upper quintile,0.5470991217948494,0.24702068779824232,0.8056536562034581,324
V1,470.0,Upper quintile,0.554878452665728,0.24390130630009316,0.803780219619485,324
V1,472.5,Upper quintile,0.5560154140210416,0.24301630749241096,0.8040885285532354,324
V1,475.0,Upper quintile,0.564033859815163,0.2434502881898142,0.8042864169820866,324
V1,477.5,Upper quintile,0.5548607230129663,0.24226695658978373,0.8024156269232878,324
V1,480.0,Upper quintile,0.556214454306698,0.24993070859284108,0.8035443610310846,324
V1,482.5,Upper quintile,0.5562815203735965,0.24239534998840603,0.8033579863058945,324
V1,485.0,Upper quintile,0.5351452993997656,0.24036711975137698,0.8032971645404079,324
V1,487.5,Upper quintile,0.5344483038781679,0.24225081569509446,0.8006085105648659,324
V1,490.0,Upper quintile,0.5452851526018219,0.24241117125330333,0.8040378128431637,324
V1,492.5,Upper quintile,0.535061003807993,0.2426136875065491,0.8076826540515682,324
V1,495.0,Upper quintile,0.5383923666730543,0.24288617979291055,0.8045363408918522,324
V1,497.5,Upper quintile,0.5327332723238962,0.24229453990981933,0.8047651335179606,324
V2,-500.0,Upper quintile,0.6099596191030994,0.2517248274541629,0.7937852794549918,324
V2,-497.5,Upper quintile,0.6083006362106919,0.2516693392678409,0.793208200376981,324
V2,-495.0,Upper quintile,0.6170209088961743,0.2515859016468741,0.7904155356503101,324
V2,-492.5,Upper quintile,0.610034463581125,0.2569702795030452,0.7901491949903381,324
V2,-490.0,Upper quintile,0.6032601580827479,0.25998826338249936,0.7887412616657733,324
V2,-487.5,Upper quintile,0.6049661297855424,0.2610967992427252,0.7882153010016841,324
V2,-485.0,Upper quintile,0.5938500018472357,0.2606353238827129,0.7879806767928347,324
V2,-482.5,Upper quintile,0.5909300614413169,0.2599405782424329,0.7862966238828347,324
V2,-480.0,Upper quintile,0.6012921041909292,0.2593814044841142,0.7831695883603891,324
V2,-477.5,Upper quintile,0.5982887187022904,0.2588526672336791,0.7826151281841145,324
V2,-475.0,Upper quintile,0.5954730613858008,0.261404961135327,0.7813559394674264,324
V2,-472.5,Upper quintile,0.604012512254954,0.25444605651519053,0.7809168639482366,324
V2,-470.0,Upper quintile,0.6041777922004813,0.25297558749925986,0.7861400934329987,324
V2,-467.5,Upper quintile,0.6033768760812199,0.259241721923005,0.7858030703398773,324
V2,-465.0,Upper quintile,0.596840657362394,0.2553523343849622,0.7874101642483008,324
V2,-462.5,Upper quintile,0.5952347802379823,0.2543846218529629,0.7875736000608863,324
V2,-460.0,Upper quintile,0.5973630614282237,0.2537844773303948,0.787902561207363,324
V2,-457.5,Upper quintile,0.6003294897512691,0.2511409649313642,0.7873201973307743,324
V2,-455.0,Upper quintile,0.5960313265266737,0.24734235363836202,0.7874631761986772,324
V2,-452.5,Upper quintile,0.6152098746669117,0.2477386447265569,0.7839179790139092,324
V2,-450.0,Upper quintile,0.6256149037418781,0.25067970312685994,0.780025908011744,324
V2,-447.5,Upper quintile,0.620815731098036,0.2517361129091037,0.7821937634683007,324
V2,-445.0,Upper quintile,0.6094694509945148,0.2524754807196709,0.7826585323831217,324
V2,-442.5,Upper quintile,0.5854879368110919,0.2533879400756559,0.778792509127419,324
V2,-440.0,Upper quintile,0.5998055917073855,0.2531948849405483,0.7815286828940242,324
V2,-437.5,Upper quintile,0.5849097470039182,0.24903718765490004,0.7806363613499065,324
V2,-435.0,Upper quintile,0.5975662014567737,0.2507396648159773,0.7805777790872968,324
V2,-432.5,Upper quintile,0.6130290469504581,0.24851256587140583,0.779426936376532,324
V2,-430.0,Upper quintile,0.5882954037367165,0.2484716787116309,0.7791935253185427,324
V2,-427.5,Upper quintile,0.5902228253464885,0.2503079549678429,0.7792439794255287,324
V2,-425.0,Upper quintile,0.5862555970016534,0.2490190821729158,0.7775663253169642,324
V2,-422.5,Upper quintile,0.5873680769627686,0.24983330908295412,0.7758664065933796,324
V2,-420.0,Upper quintile,0.578839707496621,0.24908737340984344,0.775300605323103,324
V2,-417.5,Upper quintile,0.5883423841799622,0.25079020081744646,0.7744635552340473,324
V2,-415.0,Upper quintile,0.5880995525320845,0.24888279377248054,0.7762782778700936,324
V2,-412.5,Upper quintile,0.5933086275234516,0.24995136384180341,0.7753374531768779,324
V2,-410.0,Upper quintile,0.5917857488322203,0.2522710012699614,0.7786289266377542,324
V2,-407.5,Upper quintile,0.5959204063721779,0.2511596243534218,0.7781395920222682,324
V2,-405.0,Upper quintile,0.601758046352497,0.2501799922886688,0.7763080246014713,324
V2,-402.5,Upper quintile,0.6017386546284436,0.25037818485677776,0.7753717225850825,324
V2,-400.0,Upper quintile,0.5955037006766627,0.24803437047903604,0.7745464141571577,324
V2,-397.5,Upper quintile,0.5907717238125141,0.24826496637382212,0.7721371700323738,324
V2,-395.0,Upper quintile,0.5810243880471686,0.2500435631205524,0.7718946585194807,324
V2,-392.5,Upper quintile,0.5746404975810041,0.2488294478103263,0.771683155893874,324
V2,-390.0,Upper quintile,0.5787388205297651,0.2522447690030521,0.7714107987192548,324
V2,-387.5,Upper quintile,0.5759392561410084,0.25285741591981,0.7691605975430749,324
V2,-385.0,Upper quintile,0.5788614160666637,0.2507911713126249,0.7711527724204545,324
V2,-382.5,Upper quintile,0.5703737696779568,0.2471207227747259,0.7723160539871319,324
V2,-380.0,Upper quintile,0.5691667438783494,0.2532111747620414,0.7730864228067151,324
V2,-377.5,Upper quintile,0.5729892027625403,0.25477178849885684,0.7722880200107844,324
V2,-375.0,Upper quintile,0.5732920321025048,0.25869762489325204,0.7718221691939039,324
V2,-372.5,Upper quintile,0.5688556979904458,0.2583895447684679,0.7716995862957619,324
V2,-370.0,Upper quintile,0.5750807693427262,0.256197144116371,0.7713985174103453,324
V2,-367.5,Upper quintile,0.5792577100093865,0.26083209169210886,0.769399116650512,324
V2,-365.0,Upper quintile,0.5836386184168169,0.25961167147797587,0.7720528394887143,324
V2,-362.5,Upper quintile,0.5899645206072435,0.2597106889259806,0.7695197820817069,324
V2,-360.0,Upper quintile,0.5779927189233566,0.26164577366598224,0.7655360582102422,324
V2,-357.5,Upper quintile,0.5724877343457735,0.25995670405371946,0.7666640739179408,324
V2,-355.0,Upper quintile,0.5905562271647251,0.25569264708943357,0.7673651179226202,324
V2,-352.5,Upper quintile,0.5840233600281788,0.2554534580256093,0.7647128792036602,324
V2,-350.0,Upper quintile,0.5924768355113692,0.25710107358287815,0.7664389050113658,324
V2,-347.5,Upper quintile,0.5941356133591544,0.25664185902762676,0.7627972350947148,324
V2,-345.0,Upper quintile,0.5951441170004774,0.2554816416688678,0.765146326520614,324
V2,-342.5,Upper quintile,0.583874376766827,0.2543625085380619,0.7642218600357615,324
V2,-340.0,Upper quintile,0.580091049823028,0.2554111082290257,0.7625724330005976,324
V2,-337.5,Upper quintile,0.5901381486549524,0.252202782908363,0.761741330939585,324
V2,-335.0,Upper quintile,0.5826119520370552,0.2507019881596046,0.7631470669910991,324
V2,-332.5,Upper quintile,0.568150965211593,0.2548081809494845,0.764445616221372,324
V2,-330.0,Upper quintile,0.5761286412615791,0.2507896695131787,0.7643514658829038,324
V2,-327.5,Upper quintile,0.5659903455785404,0.25157379982698175,0.7638964042220572,324
V2,-325.0,Upper quintile,0.5586632564598467,0.25625714668022304,0.7635929404474697,324
V2,-322.5,Upper quintile,0.5575768379756509,0.248098184997477,0.765129403871908,324
V2,-320.0,Upper quintile,0.5611917365429495,0.24610176461727562,0.7637980238918272,324
V2,-317.5,Upper quintile,0.5628802260129977,0.25309274287378747,0.7681845252160009,324
V2,-315.0,Upper quintile,0.5659521979538303,0.25863530078098984,0.7655966089878832,324
V2,-312.5,Upper quintile,0.5653864371992974,0.25163237603528776,0.7647319365231402,324
V2,-310.0,Upper quintile,0.5644105523707446,0.25581712647488464,0.761442194144581,324
V2,-307.5,Upper quintile,0.5649234905198746,0.2593078961703831,0.7615711562923654,324
V2,-305.0,Upper quintile,0.5608251641444661,0.2538021860960081,0.762175215037371,324
V2,-302.5,Upper quintile,0.5565823908168086,0.25395200682515984,0.7617530607934252,324
V2,-300.0,Upper quintile,0.5603060214338692,0.25987980835977365,0.7639581442794393,324
V2,-297.5,Upper quintile,0.5653320237871662,0.26143150610888155,0.7628632215177619,324
V2,-295.0,Upper quintile,0.5740046000130261,0.25642944076822244,0.7627735726417842,324
V2,-292.5,Upper quintile,0.5696944419064962,0.2631109357422207,0.763122758110582,324
V2,-290.0,Upper quintile,0.5690680227508067,0.2647227807934862,0.7622382314980694,324
V2,-287.5,Upper quintile,0.5768921051135647,0.2607818374049664,0.7621381095651049,324
V2,-285.0,Upper quintile,0.5833084620274237,0.2590234797926348,0.7626666913503894,324
V2,-282.5,Upper quintile,0.5828300703362861,0.2603236497034656,0.7620983112020373,324
V2,-280.0,Upper quintile,0.588113377523531,0.2603008474387391,0.7627639219639817,324
V2,-277.5,Upper quintile,0.5701694933534496,0.26352508889955045,0.7627082718197934,324
V2,-275.0,Upper quintile,0.5741859321056424,0.2645685153432928,0.7653217983650327,324
V2,-272.5,Upper quintile,0.5762704599970485,0.26250065463430633,0.7657320159659706,324
V2,-270.0,Upper quintile,0.5770788312638,0.25705445706207736,0.764074453515273,324
V2,-267.5,Upper quintile,0.5779613895094087,0.25469505300518674,0.7645965880512231,324
V2,-265.0,Upper quintile,0.5700503544512696,0.2508765296696823,0.7637313994365966,324
V2,-262.5,Upper quintile,0.5602375668049377,0.24575601324686444,0.7632260963123477,324
V2,-260.0,Upper quintile,0.5553723108034777,0.2441009906660048,0.7643672800499435,324
V2,-257.5,Upper quintile,0.5532547382592836,0.24869387761738954,0.763732657385692,324
V2,-255.0,Upper quintile,0.555574998407101,0.24893704487744917,0.763063786181109,324
V2,-252.5,Upper quintile,0.5520474890313396,0.25151691641765966,0.7654794446987069,324
V2,-250.0,Upper quintile,0.5519002618639164,0.24987928966255402,0.7650558543482618,324
V2,-247.5,Upper quintile,0.5580180975476026,0.24697653897673355,0.7633881210751502,324
V2,-245.0,Upper quintile,0.5665218987093783,0.2504641121755545,0.7635876587675267,324
V2,-242.5,Upper quintile,0.5647772491605221,0.2515850661596456,0.7632927420199123,324
V2,-240.0,Upper quintile,0.5615084824101108,0.2500703395706329,0.763155659865753,324
V2,-237.5,Upper quintile,0.5689229444880957,0.2440356877498174,0.7638296329908627,324
V2,-235.0,Upper quintile,0.5659080636407754,0.2493950243511743,0.7676898799424217,324
V2,-232.5,Upper quintile,0.5734347663294627,0.2538202174476664,0.7690764051597472,324
V2,-230.0,Upper quintile,0.566942463498797,0.2514370390239535,0.7697884616137793,324
V2,-227.5,Upper quintile,0.5640757371701068,0.26507044140823344,0.7647753256496779,324
V2,-225.0,Upper quintile,0.563273682985278,0.2689528526253769,0.7654731781568946,324
V2,-222.5,Upper quintile,0.5631820218725659,0.2581419795589652,0.7658766912534308,324
V2,-220.0,Upper quintile,0.5728598098426696,0.2557591641661533,0.7616616513641636,324
V2,-217.5,Upper quintile,0.5763206651935311,0.25442737500602075,0.7649792331937583,324
V2,-215.0,Upper quintile,0.5736050662167644,0.25895642931249313,0.7728349630704128,324
V2,-212.5,Upper quintile,0.5667742926170847,0.258085110888018,0.764332281192,324
V2,-210.0,Upper quintile,0.5699764002633589,0.2546016686202353,0.76569193672663,324
V2,-207.5,Upper quintile,0.5637243376661721,0.25149597664185797,0.7657696614323635,324
V2,-205.0,Upper quintile,0.5646168356064498,0.2510827495419997,0.7646596859506942,324
V2,-202.5,Upper quintile,0.5618033524060376,0.24602832314449963,0.7668313556147683,324
V2,-200.0,Upper quintile,0.5605113926105587,0.2520488260535643,0.768921387234922,324
V2,-197.5,Upper quintile,0.5645748181246226,0.2569236846340542,0.768401590323114,324
V2,-195.0,Upper quintile,0.564258115154589,0.25336551176967204,0.7688249807282965,324
V2,-192.5,Upper quintile,0.5603309804639407,0.2561897628817574,0.7691891624913054,324
V2,-190.0,Upper quintile,0.5558379420192383,0.25563783896734626,0.7688558592579876,324
V2,-187.5,Upper quintile,0.5659875073933056,0.24949138996956047,0.7689635324644533,324
V2,-185.0,Upper quintile,0.5710768922079608,0.2527377738230047,0.7688597893465334,324
V2,-182.5,Upper quintile,0.5722553054441488,0.256189508744637,0.7678745009318129,324
V2,-180.0,Upper quintile,0.5716775746617768,0.25952919052634815,0.7652041648237936,324
V2,-177.5,Upper quintile,0.5719265247097787,0.26168438294619434,0.765936665959726,324
V2,-175.0,Upper quintile,0.5666103544702572,0.26378811929574963,0.7652659032391907,324
V2,-172.5,Upper quintile,0.5605213000093153,0.26209612301433616,0.7650891583718644,324
V2,-170.0,Upper quintile,0.5579054457050705,0.2601727935055158,0.7646909371462696,324
V2,-167.5,Upper quintile,0.5538265795123591,0.25901901340185696,0.7651646452845139,324
V2,-165.0,Upper quintile,0.5586391780163522,0.25578406441122564,0.763561043844908,324
V2,-162.5,Upper quintile,0.5642764183548424,0.2511408720412314,0.7619995538655053,324
V2,-160.0,Upper quintile,0.5564543744871956,0.2569602560405283,0.7599257579603598,324
V2,-157.5,Upper quintile,0.555697650481721,0.2616148897851002,0.757715682139364,324
V2,-155.0,Upper quintile,0.5606705699993728,0.25894989095714915,0.7574777253220404,324
V2,-152.5,Upper quintile,0.5576845611608896,0.256429926659157,0.7566673001411778,324
V2,-150.0,Upper quintile,0.555699633260983,0.26060026357215516,0.7573921226782416,324
V2,-147.5,Upper quintile,0.5596075219934036,0.258743032735989,0.7557657870486945,324
V2,-145.0,Upper quintile,0.558665017417197,0.26123221370463867,0.755035607513906,324
V2,-142.5,Upper quintile,0.5554438367249075,0.2569257851409471,0.7583291970084882,324
V2,-140.0,Upper quintile,0.5588258687974844,0.2570562929500433,0.7578153300096385,324
V2,-137.5,Upper quintile,0.5599983960762177,0.2635920763065312,0.7567428448524054,324
V2,-135.0,Upper quintile,0.5548484901511915,0.26104790671865574,0.756015526043055,324
V2,-132.5,Upper quintile,0.553117934581046,0.2569480977997074,0.7573503170558568,324
V2,-130.0,Upper quintile,0.5533282659039485,0.2557889681246781,0.7573402254023348,324
V2,-127.5,Upper quintile,0.5516767343851576,0.2448872149781953,0.7585361479787772,324
V2,-125.0,Upper quintile,0.547669105511304,0.25174834187398804,0.7595949314594058,324
V2,-122.5,Upper quintile,0.5403236134274848,0.2541887273827982,0.7585936317026917,324
V2,-120.0,Upper quintile,0.5373521351426938,0.24870060756516363,0.7573055256588515,324
V2,-117.5,Upper quintile,0.5394201451448244,0.2558581694557242,0.7599308503959277,324
V2,-115.0,Upper quintile,0.5439050635222754,0.256238745237817,0.7615022276002197,324
V2,-112.5,Upper quintile,0.5395977218081514,0.2534304531130656,0.7603694099354525,324
V2,-110.0,Upper quintile,0.5398066997131318,0.25616165887781867,0.7604785861334181,324
V2,-107.5,Upper quintile,0.5319174231479726,0.2574368943787147,0.7577324887273686,324
V2,-105.0,Upper quintile,0.5440174309183698,0.25672551383169645,0.7561294229177506,324
V2,-102.5,Upper quintile,0.5423480622876837,0.25786287584909806,0.759168312931164,324
V2,-100.0,Upper quintile,0.5379616421311779,0.260541812445808,0.7578909195256442,324
V2,-97.5,Upper quintile,0.5573292361353978,0.26076748841162484,0.7569135961432589,324
V2,-95.0,Upper quintile,0.5563988229209977,0.26223839991801656,0.7558321916206427,324
V2,-92.5,Upper quintile,0.5523482976294778,0.25771636736819575,0.7573178088595236,324
V2,-90.0,Upper quintile,0.567576326554733,0.2557857911713496,0.7554370044991274,324
V2,-87.5,Upper quintile,0.5595829886940256,0.26847184641354016,0.7577866861736305,324
V2,-85.0,Upper quintile,0.5527308641128102,0.2698341910957899,0.7584900229406554,324
V2,-82.5,Upper quintile,0.57316259631558,0.2710924036571833,0.7576928635267828,324
V2,-80.0,Upper quintile,0.5836061349597939,0.26958123422089486,0.7574192522757226,324
V2,-77.5,Upper quintile,0.6017289641050512,0.27646753106421235,0.7586301920683102,324
V2,-75.0,Upper quintile,0.6081352356558849,0.27276376317354367,0.7655872874509384,324
V2,-72.5,Upper quintile,0.5954564106745277,0.2761464967752779,0.7698342507464232,324
V2,-70.0,Upper quintile,0.5656087616587138,0.28775624214332957,0.7675857669206003,324
V2,-67.5,Upper quintile,0.5750217893563401,0.29104757089554,0.765940155269152,324
V2,-65.0,Upper quintile,0.5741452447700812,0.28010684107669975,0.7682560994621292,324
V2,-62.5,Upper quintile,0.5735880845037491,0.28413430260411554,0.767798872147547,324
V2,-60.0,Upper quintile,0.5394712861377249,0.26540269360297114,0.7646286215382458,324
V2,-57.5,Upper quintile,0.5158779214949096,0.24727189937762645,0.7676528152224423,324
V2,-55.0,Upper quintile,0.5003309580825255,0.24714179975768577,0.7575607151348063,324
V2,-52.5,Upper quintile,0.4866812067714237,0.23055484947516489,0.7656602043963581,324
V2,-50.0,Upper quintile,0.4603894245849128,0.21613803724431233,0.7669905130732448,324
V2,-47.5,Upper quintile,0.4492767207607805,0.18627534269291193,0.7568359513046861,324
V2,-45.0,Upper quintile,0.445623799155463,0.188783417600776,0.7407298080545118,324
V2,-42.5,Upper quintile,0.4373497697064173,0.1913412405325389,0.7074602680224988,324
V2,-40.0,Upper quintile,0.44780784681305896,0.18857014855612397,0.6869692409286696,324
V2,-37.5,Upper quintile,0.4281709549176108,0.17501624607978605,0.6744782146778254,324
V2,-35.0,Upper quintile,0.40960886982736316,0.17230430311354333,0.669502479655379,324
V2,-32.5,Upper quintile,0.393421492142743,0.178979348266651,0.6560372445825287,324
V2,-30.0,Upper quintile,0.3743909641291762,0.17421353526641925,0.660278060672354,324
V2,-27.5,Upper quintile,0.36813729874213563,0.1499688004469073,0.6406857500973767,324
V2,-25.0,Upper quintile,0.38977570165394826,0.15763943672116093,0.6455396089088871,324
V2,-22.5,Upper quintile,0.4076878822967983,0.15782246377215858,0.6384896267634959,324
V2,-20.0,Upper quintile,0.41127321672438044,0.15536060812042782,0.6522427736349983,324
V2,-17.5,Upper quintile,0.41359990241813316,0.13162317260865372,0.6797284236552406,324
V2,-15.0,Upper quintile,0.41294902814539913,0.14340997513418866,0.7006532971118669,324
V2,-12.5,Upper quintile,0.41343303399319536,0.12723625703445976,0.7388973907565553,324
V2,-10.0,Upper quintile,0.40460735371432,0.1477760145806597,0.756919903227628,324
V2,-7.5,Upper quintile,0.4094287877291686,0.13160826512308543,0.7322350807300637,324
V2,-5.0,Upper quintile,0.4157277380192746,0.14559065227015294,0.7384153676348701,324
V2,-2.5,Upper quintile,0.4319488103715559,0.1741709667084808,0.7364911632304325,324
V2,0.0,Upper quintile,0.4412257275896584,0.1754526820139985,0.7028987955226732,324
V2,2.5,Upper quintile,0.4535446424545792,0.18677355640045332,0.7107094435763771,324
V2,5.0,Upper quintile,0.46369705972823505,0.17707116232845937,0.7130563398087415,324
V2,7.5,Upper quintile,0.4657798447026082,0.19298361247810758,0.7116547383792461,324
V2,10.0,Upper quintile,0.4917395951711473,0.1943992206829174,0.7084232709421979,324
V2,12.5,Upper quintile,0.4906669760229123,0.20515383455506492,0.7066886666785893,324
V2,15.0,Upper quintile,0.49880016234608504,0.20847756447082907,0.7161866929385814,324
V2,17.5,Upper quintile,0.5092851275486354,0.19642307718730462,0.7163881342143129,324
V2,20.0,Upper quintile,0.5359586538318735,0.19602840910450284,0.7246920752486503,324
V2,22.5,Upper quintile,0.5405014631225702,0.217474620757945,0.7309717071330004,324
V2,25.0,Upper quintile,0.55843308736516,0.2469397284231567,0.740463119387589,324
V2,27.5,Upper quintile,0.5779621483264232,0.2686447066124716,0.7537512159643218,324
V2,30.0,Upper quintile,0.6037244960351766,0.2910921384771634,0.7607741585989134,324
V2,32.5,Upper quintile,0.5907581444548652,0.2922245625153686,0.7688600536775008,324
V2,35.0,Upper quintile,0.6240357556504937,0.2995897479141922,0.7819935316345714,324
V2,37.5,Upper quintile,0.6387525589903655,0.3061504241958195,0.7820287979966464,324
V2,40.0,Upper quintile,0.6353013940611164,0.31743296357557993,0.7866680034424248,324
V2,42.5,Upper quintile,0.6336492498971459,0.31804373403780084,0.7973620471206421,324
V2,45.0,Upper quintile,0.6445349530043287,0.315568429862336,0.801070805220014,324
V2,47.5,Upper quintile,0.6442771747486589,0.3320160897664647,0.8065736049012582,324
V2,50.0,Upper quintile,0.6490851206624006,0.3392732942037512,0.8138759377858809,324
V2,52.5,Upper quintile,0.6631034039157434,0.34204434797326416,0.812670418879149,324
V2,55.0,Upper quintile,0.6652571193057083,0.3457552327566701,0.8078199758619858,324
V2,57.5,Upper quintile,0.6598380568622064,0.3435783022903044,0.8118167874354186,324
V2,60.0,Upper quintile,0.6642983855840597,0.34307395253780404,0.8127542870125954,324
V2,62.5,Upper quintile,0.6599162017401814,0.3433639114201955,0.810486340738842,324
V2,65.0,Upper quintile,0.6558079459846696,0.3429545976253445,0.808078644699292,324
V2,67.5,Upper quintile,0.6554249223567978,0.34466954572009734,0.8082827286784836,324
V2,70.0,Upper quintile,0.6507560827837449,0.33590359999260594,0.810034564718075,324
V2,72.5,Upper quintile,0.6473334314495591,0.33001040736913495,0.808751998525415,324
V2,75.0,Upper quintile,0.6513640940547021,0.31543283498253305,0.8097126963652008,324
V2,77.5,Upper quintile,0.6421973469419768,0.30992281490151036,0.8047234922111464,324
V2,80.0,Upper quintile,0.6395082037496866,0.30878517170066727,0.8099664887089699,324
V2,82.5,Upper quintile,0.6392973987416779,0.28966077145959457,0.8105542886632344,324
V2,85.0,Upper quintile,0.648743029802834,0.2840316516472702,0.8118089393506465,324
V2,87.5,Upper quintile,0.6317169378092506,0.27229224092399107,0.8143670013659338,324
V2,90.0,Upper quintile,0.629256791586617,0.26413003152145864,0.8166913056716385,324
V2,92.5,Upper quintile,0.6397735776979961,0.2622463387832381,0.8197909552098418,324
V2,95.0,Upper quintile,0.6484678063864049,0.26199360096382884,0.8208741019443997,324
V2,97.5,Upper quintile,0.6427265492176164,0.2597720612175125,0.8204953137240442,324
V2,100.0,Upper quintile,0.6449421330849059,0.2678405759584338,0.8223898486172692,324
V2,102.5,Upper quintile,0.6577652716892877,0.25968741563912884,0.8250502263733916,324
V2,105.0,Upper quintile,0.6389771245466691,0.26100006755142807,0.8242899438646591,324
V2,107.5,Upper quintile,0.6372384556997372,0.257320290815206,0.8283945687708969,324
V2,110.0,Upper quintile,0.637090456652512,0.25758649636820713,0.8304980374125224,324
V2,112.5,Upper quintile,0.6370511053290921,0.2476310129382874,0.8311234426699039,324
V2,115.0,Upper quintile,0.6285608423841689,0.24053808810982996,0.8325698603871088,324
V2,117.5,Upper quintile,0.6373337124085148,0.23754444616443188,0.8360293186283017,324
V2,120.0,Upper quintile,0.6415328994915347,0.23516223171978198,0.8391572616272469,324
V2,122.5,Upper quintile,0.636777291791514,0.2358591742857263,0.842595080009812,324
V2,125.0,Upper quintile,0.6430678686622919,0.23747407349414393,0.8446162162429188,324
V2,127.5,Upper quintile,0.6544079410107209,0.2255601966914766,0.8455863803503456,324
V2,130.0,Upper quintile,0.6556558885359612,0.24122585372836053,0.8451038264202115,324
V2,132.5,Upper quintile,0.650414084099042,0.24925445354964645,0.8496794634094067,324
V2,135.0,Upper quintile,0.6609279187700285,0.24856926985369132,0.8532323900350056,324
V2,137.5,Upper quintile,0.6652224781011107,0.24824430908138667,0.8533827471481726,324
V2,140.0,Upper quintile,0.6664288684360955,0.24680891427439247,0.8504514339645671,324
V2,142.5,Upper quintile,0.6651878176432947,0.2550126720815457,0.853208386516058,324
V2,145.0,Upper quintile,0.6620041614240593,0.2468957973191582,0.8556174064481827,324
V2,147.5,Upper quintile,0.6681019428866708,0.2460524298663019,0.8597190207514331,324
V2,150.0,Upper quintile,0.6701238723956229,0.24815343085215402,0.8622392650676841,324
V2,152.5,Upper quintile,0.6698341135226608,0.24591838869366273,0.8622214661479087,324
V2,155.0,Upper quintile,0.6753347832110412,0.24368101488410804,0.8633839657505061,324
V2,157.5,Upper quintile,0.6726099322747956,0.23882383574282,0.8689462205026065,324
V2,160.0,Upper quintile,0.6747178328205101,0.23652303317981505,0.8746289161084494,324
V2,162.5,Upper quintile,0.6788451907341647,0.23954648762248626,0.8768759463109306,324
V2,165.0,Upper quintile,0.6788731269680444,0.2335326984965173,0.8791178956479131,324
V2,167.5,Upper quintile,0.6759436549549718,0.23489989643772793,0.8813318575016931,324
V2,170.0,Upper quintile,0.678754318725018,0.23886538303671814,0.8841924518954917,324
V2,172.5,Upper quintile,0.6829938644432583,0.2413112636718299,0.8869717308172491,324
V2,175.0,Upper quintile,0.6888860123138858,0.2523142034084543,0.8898646441254233,324
V2,177.5,Upper quintile,0.706541883784735,0.24128812203779698,0.8941720527831079,324
V2,180.0,Upper quintile,0.707482736260729,0.2419270488904203,0.8958126068945966,324
V2,182.5,Upper quintile,0.7119781947702358,0.23969938404102922,0.9024422656224272,324
V2,185.0,Upper quintile,0.7144898833988156,0.24891864408063644,0.9041070713619735,324
V2,187.5,Upper quintile,0.7216339391086657,0.24671470542774915,0.9058140546495574,324
V2,190.0,Upper quintile,0.7273697368550487,0.24379771626117538,0.9109757504387342,324
V2,192.5,Upper quintile,0.7314855298023105,0.24507474153959408,0.916665026092176,324
V2,195.0,Upper quintile,0.7294085362090426,0.2444609993146918,0.9187095769546827,324
V2,197.5,Upper quintile,0.7264016492686687,0.2425233956721583,0.927915769259314,324
V2,200.0,Upper quintile,0.7295399498328812,0.24424220118119966,0.927099054521457,324
V2,202.5,Upper quintile,0.731443926449358,0.2404701904362082,0.9304975779839917,324
V2,205.0,Upper quintile,0.7335736420955195,0.2414015234674755,0.9324724259770053,324
V2,207.5,Upper quintile,0.7502334154544975,0.2457159552125503,0.9347210674498578,324
V2,210.0,Upper quintile,0.7654484000515199,0.23782968018337225,0.9364573694529643,324
V2,212.5,Upper quintile,0.7617188573905607,0.2306043019510639,0.9385502529922017,324
V2,215.0,Upper quintile,0.7677381966361718,0.23409287392276656,0.9458494886569748,324
V2,217.5,Upper quintile,0.7750227033038606,0.23253500230776794,0.9505582157900665,324
V2,220.0,Upper quintile,0.7754066604695758,0.23227863563098605,0.9512979727884495,324
V2,222.5,Upper quintile,0.7622942419331709,0.22858324391039872,0.9577362682535653,324
V2,225.0,Upper quintile,0.7709374535286757,0.2196375354031835,0.9581193455856192,324
V2,227.5,Upper quintile,0.7812045824258468,0.21731703662862556,0.9570485983683842,324
V2,230.0,Upper quintile,0.7832691592608122,0.21709791857312172,0.9572492584056904,324
V2,232.5,Upper quintile,0.7855856212894263,0.21321379100637206,0.9561585467946548,324
V2,235.0,Upper quintile,0.7816120690690067,0.20888873441971884,0.9556920649932781,324
V2,237.5,Upper quintile,0.7846196424948623,0.20757624249201498,0.9586480601655382,324
V2,240.0,Upper quintile,0.787153899735709,0.20925860625671272,0.9595675185507313,324
V2,242.5,Upper quintile,0.7830401120869622,0.21308755759119039,0.9583653257433125,324
V2,245.0,Upper quintile,0.7864335126083731,0.20836741416560867,0.9575189770566968,324
V2,247.5,Upper quintile,0.788584279157514,0.21103769775751371,0.9604666624782109,324
V2,250.0,Upper quintile,0.7922271563662989,0.21319342534339158,0.9605016024022632,324
V2,252.5,Upper quintile,0.7912696352125693,0.21984765347664847,0.9617991504262444,324
V2,255.0,Upper quintile,0.7924048055975081,0.21729477108155215,0.9607308932285843,324
V2,257.5,Upper quintile,0.7787064754062618,0.2186709860542591,0.9592131857079671,324
V2,260.0,Upper quintile,0.77767713346919,0.22598345519558066,0.9564980735886565,324
V2,262.5,Upper quintile,0.7777676358126627,0.23903801002114808,0.9560818613969732,324
V2,265.0,Upper quintile,0.7748734497020079,0.23172518350493618,0.9548443833068796,324
V2,267.5,Upper quintile,0.7623602350421941,0.2268604774277459,0.9484474090723191,324
V2,270.0,Upper quintile,0.7519924283157065,0.2401451071153363,0.9458885628388366,324
V2,272.5,Upper quintile,0.7543865099682621,0.24110010340061583,0.9488806889575763,324
V2,275.0,Upper quintile,0.7574831248381936,0.2347389603453352,0.950356723193587,324
V2,277.5,Upper quintile,0.7616259584591427,0.23959171967321707,0.946611069291052,324
V2,280.0,Upper quintile,0.7531963564824664,0.2489990961498534,0.9397481706050148,324
V2,282.5,Upper quintile,0.7320775569755046,0.25147647366485393,0.9353832522893007,324
V2,285.0,Upper quintile,0.7203639342508976,0.2527507532683752,0.9285094777332379,324
V2,287.5,Upper quintile,0.7104154532771634,0.2592072390266772,0.9180103836225966,324
V2,290.0,Upper quintile,0.7008692923800134,0.2636835775764696,0.9105806033880826,324
V2,292.5,Upper quintile,0.6974573404388562,0.26931033428444245,0.9029892276815977,324
V2,295.0,Upper quintile,0.7003613238188272,0.27738954112231684,0.8959452405228826,324
V2,297.5,Upper quintile,0.6963413603016584,0.28212078519458167,0.8916356050996865,324
V2,300.0,Upper quintile,0.6945396891670848,0.28143008658408436,0.8877045356490145,324
V2,302.5,Upper quintile,0.7009967704994383,0.2908824713014164,0.877227999985915,324
V2,305.0,Upper quintile,0.6965542646777916,0.2950433698315632,0.8751553041210695,324
V2,307.5,Upper quintile,0.6941266006054365,0.3037373509135942,0.8776056706248895,324
V2,310.0,Upper quintile,0.6912076140496409,0.30184537323931704,0.8687080294415527,324
V2,312.5,Upper quintile,0.6870099680789297,0.3032044718214729,0.8613522905482798,324
V2,315.0,Upper quintile,0.6851159478530795,0.3028632532974655,0.853603512945474,324
V2,317.5,Upper quintile,0.685614483386739,0.306361098295127,0.8413091145163029,324
V2,320.0,Upper quintile,0.6820480484294817,0.29010478772000226,0.8352018302194848,324
V2,322.5,Upper quintile,0.6728959624026343,0.2862686376984612,0.8293668237817357,324
V2,325.0,Upper quintile,0.6670402247580025,0.29562722802171193,0.8272751474064461,324
V2,327.5,Upper quintile,0.6637612750623438,0.3043901599088552,0.8219957234765792,324
V2,330.0,Upper quintile,0.6509175665295792,0.3048435154595871,0.8161171298411218,324
V2,332.5,Upper quintile,0.6540692534319283,0.3043979043120239,0.8170242225827842,324
V2,335.0,Upper quintile,0.6504944597331748,0.30331204437325293,0.8091401873089281,324
V2,337.5,Upper quintile,0.6444488790889045,0.30130345115367047,0.8029852101756115,324
V2,340.0,Upper quintile,0.646291856887043,0.2989651114000466,0.8026948680479503,324
V2,342.5,Upper quintile,0.6438647463445922,0.29967857079973315,0.8029138696230113,324
V2,345.0,Upper quintile,0.640967591514314,0.29795811157975377,0.8003061091808823,324
V2,347.5,Upper quintile,0.6392386452724135,0.29884571370668606,0.7983848813432514,324
V2,350.0,Upper quintile,0.6394215189455688,0.30203461779738744,0.7963361574338949,324
V2,352.5,Upper quintile,0.6398178956037524,0.3017825372859588,0.7979958345321176,324
V2,355.0,Upper quintile,0.6443585213454882,0.2956846433389052,0.7943770369349071,324
V2,357.5,Upper quintile,0.6319860842129351,0.29612364611282516,0.7924322878708879,324
V2,360.0,Upper quintile,0.6352740123536873,0.29936983043352106,0.7929359875974401,324
V2,362.5,Upper quintile,0.6433028183177361,0.30098475553265314,0.7925839504340951,324
V2,365.0,Upper quintile,0.639853694383514,0.2985155610684532,0.7926108423455462,324
V2,367.5,Upper quintile,0.632293708051463,0.2996795918899673,0.7899873273089969,324
V2,370.0,Upper quintile,0.6250323731605509,0.29339306334479515,0.7880172806073407,324
V2,372.5,Upper quintile,0.6208507830270467,0.2906207055957983,0.784848521361736,324
V2,375.0,Upper quintile,0.6226309133477734,0.28646371034766055,0.782551502464236,324
V2,377.5,Upper quintile,0.6189101625986131,0.28642737122859163,0.7826735198607903,324
V2,380.0,Upper quintile,0.6183282377592028,0.2872146240353897,0.7822352960981009,324
V2,382.5,Upper quintile,0.6150294554559812,0.2876888358175417,0.7814813385267279,324
V2,385.0,Upper quintile,0.60972198037057,0.28390203974592726,0.7799431283126104,324
V2,387.5,Upper quintile,0.6088133093970978,0.2844672575768987,0.7799946077972006,324
V2,390.0,Upper quintile,0.612220446335229,0.2858663025582019,0.7785903816976494,324
V2,392.5,Upper quintile,0.6142103228130684,0.2875505551170422,0.7780266017302394,324
V2,395.0,Upper quintile,0.6125621320322825,0.286226144425489,0.7790780444563388,324
V2,397.5,Upper quintile,0.6148819942382115,0.29804895500041007,0.7791772859632694,324
V2,400.0,Upper quintile,0.619368479566186,0.29806275517469827,0.775302963792778,324
V2,402.5,Upper quintile,0.6141717752136969,0.2935730786906991,0.7756467452846628,324
V2,405.0,Upper quintile,0.6084499207040497,0.28811265338124287,0.7778165018014698,324
V2,407.5,Upper quintile,0.6127590065942117,0.2853170395765794,0.7720227276930891,324
V2,410.0,Upper quintile,0.6142804510132782,0.29008500504071055,0.7728300284428513,324
V2,412.5,Upper quintile,0.60573030640068,0.2911844808843347,0.7742882501483002,324
V2,415.0,Upper quintile,0.6057497375448371,0.29442028891400396,0.776009149485208,324
V2,417.5,Upper quintile,0.6090738150106931,0.29691977595314367,0.7751304909182783,324
V2,420.0,Upper quintile,0.6095208949083553,0.2940029626181566,0.7724526435703041,324
V2,422.5,Upper quintile,0.6055615326241336,0.2892687515195009,0.775141067172123,324
V2,425.0,Upper quintile,0.6031273727953292,0.28824310414606014,0.7745880417259958,324
V2,427.5,Upper quintile,0.6073705844668047,0.285630547261474,0.7731442237545544,324
V2,430.0,Upper quintile,0.6155422739648366,0.28368972302470796,0.7745285892245961,324
V2,432.5,Upper quintile,0.5999720320322995,0.2848678716731541,0.7730453403515914,324
V2,435.0,Upper quintile,0.6095858665046441,0.2893349196114,0.7744776793893686,324
V2,437.5,Upper quintile,0.6038915941355928,0.2876882138764294,0.7725795982496992,324
V2,440.0,Upper quintile,0.6160315841655798,0.281205491899982,0.7724344224269881,324
V2,442.5,Upper quintile,0.6139339760931792,0.2867690960354667,0.7725901169903144,324
V2,445.0,Upper quintile,0.6229644366928647,0.2981027033016055,0.772090615041274,324
V2,447.5,Upper quintile,0.6179859218051043,0.29835544687851323,0.7717193927988805,324
V2,450.0,Upper quintile,0.6103699428047762,0.3096613821596401,0.7739045724821849,324
V2,452.5,Upper quintile,0.6094209371951178,0.3105200467966671,0.7749963852617239,324
V2,455.0,Upper quintile,0.6074021696399559,0.28856283378760395,0.7742857910664924,324
V2,457.5,Upper quintile,0.6082836442415025,0.28241698800362,0.7763931692760299,324
V2,460.0,Upper quintile,0.6101937412701122,0.28711875379403473,0.7774484378536964,324
V2,462.5,Upper quintile,0.6070477898177451,0.2891939791921237,0.7754205842275065,324
V2,465.0,Upper quintile,0.6048721451573107,0.2897214847183222,0.7764997339432516,324
V2,467.5,Upper quintile,0.6057423809743974,0.28558464642583303,0.7734215743928256,324
V2,470.0,Upper quintile,0.6051752425062439,0.286147363182914,0.773990723061492,324
V2,472.5,Upper quintile,0.6060649258730819,0.28748554712399377,0.7756808251030254,324
V2,475.0,Upper quintile,0.599025098025834,0.28622309197554696,0.7731278441648399,324
V2,477.5,Upper quintile,0.5965130427837416,0.2854716049371295,0.7726970425632345,324
V2,480.0,Upper quintile,0.5950275302751181,0.28654241293594646,0.7742301898639183,324
V2,482.5,Upper quintile,0.5955839314769593,0.28672344561019997,0.7747035036208396,324
V2,485.0,Upper quintile,0.5951853616505771,0.2890538889197464,0.7735970059231784,324
V2,487.5,Upper quintile,0.6003171393388216,0.2868868600903525,0.7719835245870671,324
V2,490.0,Upper quintile,0.6049005588683904,0.28418808274971974,0.7710400438971854,324
V2,492.5,Upper quintile,0.6005358857470537,0.2845926820272756,0.7717208894241699,324
V2,495.0,Upper quintile,0.5935437709711693,0.2846409313834037,0.7710723462832669,324
V2,497.5,Upper quintile,0.5940821330881092,0.28243553710165686,0.771815615799275,324
V3,-500.0,Upper quintile,0.6392227790118383,0.27688627457607895,0.7886482610859649,324
V3,-497.5,Upper quintile,0.6343650660201684,0.28658020384226557,0.7841149321483958,324
V3,-495.0,Upper quintile,0.6380896025741256,0.29176930835553083,0.783743355560935,324
V3,-492.5,Upper quintile,0.6381154801453499,0.3011808710207687,0.7832049335615738,324
V3,-490.0,Upper quintile,0.6365575959797012,0.2949757545896556,0.7815917564763339,324
V3,-487.5,Upper quintile,0.633152346915759,0.2976325679413507,0.7790854321222231,324
V3,-485.0,Upper quintile,0.6352114504059955,0.29950007831197756,0.7793286181480159,324
V3,-482.5,Upper quintile,0.6314042016802337,0.3053089706017427,0.7804117251318244,324
V3,-480.0,Upper quintile,0.627610421456684,0.3055006953281287,0.7789313341602099,324
V3,-477.5,Upper quintile,0.6272198092739063,0.30577472460593347,0.7774613254418599,324
V3,-475.0,Upper quintile,0.6277763394512372,0.3110559291051647,0.781589683898189,324
V3,-472.5,Upper quintile,0.6249708755483223,0.31052989505580386,0.7840449907202875,324
V3,-470.0,Upper quintile,0.6256951811687694,0.30616016050206807,0.7844416277574477,324
V3,-467.5,Upper quintile,0.6243121829301688,0.30544573317316703,0.785014512004917,324
V3,-465.0,Upper quintile,0.6229723423852267,0.30746364445018437,0.7858523096036528,324
V3,-462.5,Upper quintile,0.6216519553525133,0.3054290289288919,0.7864495353681981,324
V3,-460.0,Upper quintile,0.6270108386968632,0.3080297553809725,0.789753421982041,324
V3,-457.5,Upper quintile,0.6236033356952062,0.3123079709965888,0.7896399605171398,324
V3,-455.0,Upper quintile,0.6296388311347835,0.3093837862332384,0.7887775472769121,324
V3,-452.5,Upper quintile,0.6327461751745376,0.3100828174041042,0.788311125706676,324
V3,-450.0,Upper quintile,0.6311662700934526,0.3184832174385159,0.7853484637235312,324
V3,-447.5,Upper quintile,0.6349330793095337,0.3153719107611548,0.7827650102419421,324
V3,-445.0,Upper quintile,0.6336951578683839,0.3140539251685077,0.7800029465063523,324
V3,-442.5,Upper quintile,0.631018030614672,0.312381398089413,0.7806241673128923,324
V3,-440.0,Upper quintile,0.6306157744709031,0.31438835057310055,0.7792964761162104,324
V3,-437.5,Upper quintile,0.6303250201778425,0.3049598957269592,0.7871685745800109,324
V3,-435.0,Upper quintile,0.6318484739943877,0.3011781952960102,0.7810155829377151,324
V3,-432.5,Upper quintile,0.6330757020992446,0.3072996174401606,0.7858617777800504,324
V3,-430.0,Upper quintile,0.6314763452280716,0.30409497368380806,0.789681703995592,324
V3,-427.5,Upper quintile,0.6309831924173482,0.3092659718545321,0.7796998234562983,324
V3,-425.0,Upper quintile,0.6233965321442523,0.3024279718784778,0.779000334020921,324
V3,-422.5,Upper quintile,0.6142846149623632,0.3046573082079049,0.7790178219225568,324
V3,-420.0,Upper quintile,0.6174155865445328,0.2972581739613771,0.7763407367204332,324
V3,-417.5,Upper quintile,0.6175108210890634,0.3011527238634138,0.7788515171858497,324
V3,-415.0,Upper quintile,0.6176647522383742,0.30911648688586535,0.7766330612834399,324
V3,-412.5,Upper quintile,0.6203827078204431,0.30594155758901165,0.7747689394944632,324
V3,-410.0,Upper quintile,0.6089625295801306,0.29783648680732,0.7755342650284949,324
V3,-407.5,Upper quintile,0.6157622094778253,0.3156796308466805,0.7745986763427524,324
V3,-405.0,Upper quintile,0.6127715840151444,0.31860276652045416,0.7740077345939276,324
V3,-402.5,Upper quintile,0.6093132023096353,0.3115180979063679,0.7740240764678116,324
V3,-400.0,Upper quintile,0.6076324478221269,0.307802696165149,0.7745796601029968,324
V3,-397.5,Upper quintile,0.6132782484691308,0.3101347640799587,0.772856111720766,324
V3,-395.0,Upper quintile,0.6149447569880773,0.3073393555661332,0.7725407778674533,324
V3,-392.5,Upper quintile,0.6109002184280533,0.31497545576000546,0.7721766799828481,324
V3,-390.0,Upper quintile,0.5968795384993728,0.3160737744317293,0.7730806737060323,324
V3,-387.5,Upper quintile,0.601361271623591,0.3181117207209697,0.7718820147811374,324
V3,-385.0,Upper quintile,0.5993646724570598,0.3172060562147797,0.7706256002423499,324
V3,-382.5,Upper quintile,0.6022564906322773,0.31768891857433845,0.7706603956692895,324
V3,-380.0,Upper quintile,0.6009543418236474,0.31452759566155447,0.7711795427660059,324
V3,-377.5,Upper quintile,0.5954532884094828,0.3117670514471661,0.7727516306477548,324
V3,-375.0,Upper quintile,0.6034374807736759,0.3165483797670159,0.7728463070261182,324
V3,-372.5,Upper quintile,0.609515782645506,0.31137268689070585,0.7736241600577409,324
V3,-370.0,Upper quintile,0.5957391835176766,0.30903098895579073,0.7728289655736224,324
V3,-367.5,Upper quintile,0.6057607145881299,0.3058750446780539,0.773384593210697,324
V3,-365.0,Upper quintile,0.6109186222247367,0.3059982780598517,0.7746582846009439,324
V3,-362.5,Upper quintile,0.6141188157055972,0.30301377582115974,0.7742464759124725,324
V3,-360.0,Upper quintile,0.6035447659199353,0.3066484270762413,0.7745576504419747,324
V3,-357.5,Upper quintile,0.613304373333223,0.30977177293764685,0.7749674700021525,324
V3,-355.0,Upper quintile,0.6094988787752017,0.306876056815957,0.7725045896531383,324
V3,-352.5,Upper quintile,0.6034202726028244,0.30185944706397966,0.7718482458658904,324
V3,-350.0,Upper quintile,0.6030175901895043,0.302112900863333,0.7761751806353896,324
V3,-347.5,Upper quintile,0.6015492363999331,0.3071439661312861,0.7729729369947784,324
V3,-345.0,Upper quintile,0.6021625367054335,0.30560870957132413,0.7678708421299762,324
V3,-342.5,Upper quintile,0.6128797980147888,0.3077594348366905,0.7701306217384403,324
V3,-340.0,Upper quintile,0.6149178228040549,0.31172179604467876,0.7711510513866561,324
V3,-337.5,Upper quintile,0.6089461138110435,0.30701797543528053,0.7678425045955974,324
V3,-335.0,Upper quintile,0.6060995090155571,0.3022730105637061,0.767931785798837,324
V3,-332.5,Upper quintile,0.603950983482259,0.3041056556073911,0.7700148395865506,324
V3,-330.0,Upper quintile,0.6066869974552573,0.2910172635391053,0.7677581828211766,324
V3,-327.5,Upper quintile,0.6084581367649226,0.28766142771678715,0.7665216789106286,324
V3,-325.0,Upper quintile,0.6064049003889651,0.29260467039015087,0.7689654928647051,324
V3,-322.5,Upper quintile,0.6123994731704296,0.29613621930848655,0.7690576988782533,324
V3,-320.0,Upper quintile,0.6114942167220874,0.2941051623145625,0.7662058094582361,324
V3,-317.5,Upper quintile,0.616676482269221,0.29214880101060925,0.7695573006140414,324
V3,-315.0,Upper quintile,0.6169448379101636,0.2947234010001323,0.7713667255517056,324
V3,-312.5,Upper quintile,0.6188692418231483,0.29129015834386685,0.7762190973034533,324
V3,-310.0,Upper quintile,0.6231206798616125,0.2903122569147364,0.7772752594948894,324
V3,-307.5,Upper quintile,0.625919348782339,0.29106859443415933,0.776204749521457,324
V3,-305.0,Upper quintile,0.6224793317422688,0.28978029733754096,0.7766318985044649,324
V3,-302.5,Upper quintile,0.6259336453031612,0.2859198621928836,0.7750699403425605,324
V3,-300.0,Upper quintile,0.6259427728052072,0.28953029981056555,0.7734666194517805,324
V3,-297.5,Upper quintile,0.6276479932338497,0.29234256947739035,0.7760637690544641,324
V3,-295.0,Upper quintile,0.6268577579979513,0.29069009479286856,0.7784114778755359,324
V3,-292.5,Upper quintile,0.6282453818513536,0.28681966368317086,0.780103098894249,324
V3,-290.0,Upper quintile,0.628923809040778,0.292709898013899,0.7801767026810698,324
V3,-287.5,Upper quintile,0.6311506728423855,0.2956734904573608,0.7794544499686269,324
V3,-285.0,Upper quintile,0.633087967535682,0.29363818891395743,0.7786168500107737,324
V3,-282.5,Upper quintile,0.6354878920828365,0.28791921851480273,0.7789741573964574,324
V3,-280.0,Upper quintile,0.6395745895731646,0.2954597308608562,0.7773976450385598,324
V3,-277.5,Upper quintile,0.6411351288026574,0.2862932017685782,0.7722819586115821,324
V3,-275.0,Upper quintile,0.6385771902141437,0.2919981048819519,0.7756717517147736,324
V3,-272.5,Upper quintile,0.6389569421731708,0.29976734734521737,0.7740676213338896,324
V3,-270.0,Upper quintile,0.6360879999691679,0.29458070813276643,0.7725645767042097,324
V3,-267.5,Upper quintile,0.6263481701520146,0.2973459774079809,0.7727575925749326,324
V3,-265.0,Upper quintile,0.6270108186808141,0.30121039079466194,0.7727555490356971,324
V3,-262.5,Upper quintile,0.625753149199938,0.2826821318702123,0.7702905060740937,324
V3,-260.0,Upper quintile,0.6279945919023134,0.28857784657779867,0.7738462576001158,324
V3,-257.5,Upper quintile,0.6277631711405162,0.29473985533616404,0.7753002961627538,324
V3,-255.0,Upper quintile,0.6284852539530817,0.2844007879162516,0.7738376151514975,324
V3,-252.5,Upper quintile,0.6263959810237543,0.28902039712536903,0.7752625821414808,324
V3,-250.0,Upper quintile,0.6271388511749344,0.3034304609387709,0.772342627941554,324
V3,-247.5,Upper quintile,0.624239741634949,0.29992418819449324,0.7726143451167405,324
V3,-245.0,Upper quintile,0.6266519639057102,0.29821309985455574,0.7718299141576842,324
V3,-242.5,Upper quintile,0.6251522951084125,0.3025046671874897,0.7738022660175898,324
V3,-240.0,Upper quintile,0.626790152098943,0.30013575296734324,0.77362296355224,324
V3,-237.5,Upper quintile,0.626704344777567,0.2986081276253122,0.7760929583928851,324
V3,-235.0,Upper quintile,0.6225020605807507,0.293704822983787,0.7729113682820928,324
V3,-232.5,Upper quintile,0.6211973891979409,0.29742568552614496,0.7759950780490805,324
V3,-230.0,Upper quintile,0.6214562679705546,0.300905736798299,0.7732254409910801,324
V3,-227.5,Upper quintile,0.6224199526296403,0.2982290199335086,0.7734514147490237,324
V3,-225.0,Upper quintile,0.6264189756623533,0.30126194580298493,0.7742391883834656,324
V3,-222.5,Upper quintile,0.6255580109098418,0.3007524499635311,0.7760597418997991,324
V3,-220.0,Upper quintile,0.6212413835107093,0.30182153003831524,0.7764747473446617,324
V3,-217.5,Upper quintile,0.6196803882766251,0.3033848829796075,0.7748182445643331,324
V3,-215.0,Upper quintile,0.6199134016789757,0.3050607660223481,0.7749838700708017,324
V3,-212.5,Upper quintile,0.6190106490904057,0.3041638123206368,0.7736936404835099,324
V3,-210.0,Upper quintile,0.6138418342804166,0.3042122252382584,0.7728929208632165,324
V3,-207.5,Upper quintile,0.6133600469264213,0.30393217932240096,0.7737699554972906,324
V3,-205.0,Upper quintile,0.6071938768192247,0.3041940886603861,0.7715681881622155,324
V3,-202.5,Upper quintile,0.6059176462352003,0.2986481476120998,0.7718399300944615,324
V3,-200.0,Upper quintile,0.6035810969709949,0.3039318796717884,0.7731251750895786,324
V3,-197.5,Upper quintile,0.6076896709045896,0.3070597339270326,0.7712359364637984,324
V3,-195.0,Upper quintile,0.6134361796828743,0.30847978637049134,0.7703690865058073,324
V3,-192.5,Upper quintile,0.610736327739859,0.3030908710834754,0.773492710462535,324
V3,-190.0,Upper quintile,0.6083495835868392,0.2974997249481976,0.7735921291170227,324
V3,-187.5,Upper quintile,0.6152327713675599,0.2948879516607655,0.7724137454281489,324
V3,-185.0,Upper quintile,0.618737646389474,0.3033663709198848,0.77415993325205,324
V3,-182.5,Upper quintile,0.6218100076879275,0.2975437931558892,0.7732700671637247,324
V3,-180.0,Upper quintile,0.6260027858574675,0.29468722089189026,0.7705001524674022,324
V3,-177.5,Upper quintile,0.6251918372197213,0.2951056173580381,0.769376013816258,324
V3,-175.0,Upper quintile,0.6252029973753164,0.2945902310693509,0.7673450900955352,324
V3,-172.5,Upper quintile,0.6190101135586327,0.29320498306189396,0.7658021544929821,324
V3,-170.0,Upper quintile,0.6188871768842625,0.2948727082202784,0.7651449836495204,324
V3,-167.5,Upper quintile,0.607485877330061,0.295316606928888,0.7643385199220104,324
V3,-165.0,Upper quintile,0.6095314891607349,0.298320178010959,0.7642932707800466,324
V3,-162.5,Upper quintile,0.617121438648909,0.3014094137964375,0.7642602459967553,324
V3,-160.0,Upper quintile,0.6171181345413336,0.29107958470470124,0.760995517012582,324
V3,-157.5,Upper quintile,0.6164718798937157,0.2948281996518958,0.7609601873260461,324
V3,-155.0,Upper quintile,0.6146677150292219,0.29386413007350026,0.7606158017774559,324
V3,-152.5,Upper quintile,0.6106864469489233,0.29548563202986994,0.7602042797190086,324
V3,-150.0,Upper quintile,0.6062825864257029,0.29669373226404516,0.7615183352785861,324
V3,-147.5,Upper quintile,0.5983207893544917,0.296957871895635,0.7624128482758251,324
V3,-145.0,Upper quintile,0.5964107471166886,0.2991350676984198,0.7622838355974917,324
V3,-142.5,Upper quintile,0.5995216546776669,0.2898661510245062,0.7613615633190114,324
V3,-140.0,Upper quintile,0.5980029695509318,0.2888709504772386,0.7597477732927327,324
V3,-137.5,Upper quintile,0.5998451917872737,0.28926042097606663,0.7589120501114719,324
V3,-135.0,Upper quintile,0.5954071540823929,0.29060378178199886,0.7592592804724314,324
V3,-132.5,Upper quintile,0.5904850805146257,0.2961028062608214,0.760922638263828,324
V3,-130.0,Upper quintile,0.5914266197915825,0.2827070602831789,0.7593426081884392,324
V3,-127.5,Upper quintile,0.5910581869474161,0.2837134957894384,0.7596817249008815,324
V3,-125.0,Upper quintile,0.5910253452975912,0.2928853299910873,0.7597092847342263,324
V3,-122.5,Upper quintile,0.5899494299037167,0.28192526636219906,0.7581316438833634,324
V3,-120.0,Upper quintile,0.5873744165059034,0.2803883536795291,0.7564581679671594,324
V3,-117.5,Upper quintile,0.5829078791536285,0.2837533714360162,0.7571566949040097,324
V3,-115.0,Upper quintile,0.5842878080582736,0.29122389177466323,0.7559697348104227,324
V3,-112.5,Upper quintile,0.5817111988677277,0.29446915816830477,0.7568695930396582,324
V3,-110.0,Upper quintile,0.5728382692585317,0.2958420607470429,0.7602023245889816,324
V3,-107.5,Upper quintile,0.5732210655391589,0.2960641431234791,0.757722752764604,324
V3,-105.0,Upper quintile,0.5819493340073407,0.29342105290073583,0.7575580337743594,324
V3,-102.5,Upper quintile,0.584161757782242,0.3012571248194368,0.7599182781200926,324
V3,-100.0,Upper quintile,0.5857397466378549,0.2976069861767001,0.7607535730269662,324
V3,-97.5,Upper quintile,0.5930967781926078,0.3049371368342283,0.7589027120050729,324
V3,-95.0,Upper quintile,0.5893812192791218,0.3067593144443087,0.7572048120941618,324
V3,-92.5,Upper quintile,0.5864622670375628,0.30606055668277005,0.7561841582827942,324
V3,-90.0,Upper quintile,0.5929813688676637,0.3118326551547034,0.7601301584553724,324
V3,-87.5,Upper quintile,0.5840054414878365,0.31010381463849845,0.7548755247467868,324
V3,-85.0,Upper quintile,0.589242761072037,0.3098482496938646,0.7599760853090809,324
V3,-82.5,Upper quintile,0.594227218383038,0.3190358334500909,0.7618515029611049,324
V3,-80.0,Upper quintile,0.5827984730932174,0.3196361030391098,0.7627674293280422,324
V3,-77.5,Upper quintile,0.5800765065682412,0.31863158938059766,0.763015831619063,324
V3,-75.0,Upper quintile,0.5889046708612218,0.3239228449812578,0.7627632412160902,324
V3,-72.5,Upper quintile,0.5948941259016317,0.3266402580425444,0.762191972645373,324
V3,-70.0,Upper quintile,0.5790568276558199,0.33081031169612823,0.7632836310660159,324
V3,-67.5,Upper quintile,0.5832276055091974,0.33033841332531344,0.767121027933966,324
V3,-65.0,Upper quintile,0.5823271820627665,0.32596175417172196,0.7646111584626978,324
V3,-62.5,Upper quintile,0.578731752046286,0.32557509745731367,0.7638960430183972,324
V3,-60.0,Upper quintile,0.5802941327782449,0.32490815358323316,0.7647854707133812,324
V3,-57.5,Upper quintile,0.5545938408163775,0.31912347303791433,0.7665115250138541,324
V3,-55.0,Upper quintile,0.549143298479768,0.29516545238585706,0.7691531445278202,324
V3,-52.5,Upper quintile,0.5094185544473822,0.28240461440670406,0.7645024487985519,324
V3,-50.0,Upper quintile,0.5066833039792169,0.26119032349659654,0.7648982214689121,324
V3,-47.5,Upper quintile,0.48323186296072695,0.22956480737943358,0.7583344908799374,324
V3,-45.0,Upper quintile,0.4886388877044995,0.23618281182374412,0.7490844127239054,324
V3,-42.5,Upper quintile,0.4789153782635983,0.20337468543906806,0.7361905620261273,324
V3,-40.0,Upper quintile,0.44852521954753566,0.20835108744045122,0.7284940935362969,324
V3,-37.5,Upper quintile,0.4169210303988764,0.18791141950194287,0.7010380199618855,324
V3,-35.0,Upper quintile,0.4110968291118874,0.1822305489502976,0.6755398768081564,324
V3,-32.5,Upper quintile,0.39510165400700004,0.15545610636267496,0.65430167022996,324
V3,-30.0,Upper quintile,0.3874412930154143,0.13573986230734078,0.663912142293009,324
V3,-27.5,Upper quintile,0.3885444371288256,0.14641512052944383,0.654251497621487,324
V3,-25.0,Upper quintile,0.37209072315137776,0.13766180710651654,0.6604852036206799,324
V3,-22.5,Upper quintile,0.3626121579289692,0.11918535120995213,0.6704668241362824,324
V3,-20.0,Upper quintile,0.37001013527378923,0.11732197062305753,0.654737697178529,324
V3,-17.5,Upper quintile,0.34637416908934004,0.09841054207091546,0.6657922674402379,324
V3,-15.0,Upper quintile,0.3375345556517295,0.08813621682028203,0.6609191720819032,324
V3,-12.5,Upper quintile,0.3278458583399653,0.0957973481219525,0.67393068984993,324
V3,-10.0,Upper quintile,0.317917413586827,0.1156623006883799,0.6735802382325017,324
V3,-7.5,Upper quintile,0.3038884621036104,0.12294122861943521,0.6561292618809232,324
V3,-5.0,Upper quintile,0.3224855173328274,0.11536537149796103,0.6596942922741762,324
V3,-2.5,Upper quintile,0.3261726845899262,0.11703653035496851,0.6333773355620598,324
V3,0.0,Upper quintile,0.3328315236558683,0.11715222115183652,0.6328389951391543,324
V3,2.5,Upper quintile,0.3448109267529156,0.1204070347509075,0.6382403676751376,324
V3,5.0,Upper quintile,0.34927401072746056,0.12838198294844622,0.6348844077587485,324
V3,7.5,Upper quintile,0.3663288268182737,0.12818625869981645,0.6257246779438759,324
V3,10.0,Upper quintile,0.3646809914142374,0.12368310529657517,0.6273919259894489,324
V3,12.5,Upper quintile,0.3675824885275125,0.12781975826932124,0.6306919421289644,324
V3,15.0,Upper quintile,0.3652000116445011,0.11861943961959232,0.64402118186491,324
V3,17.5,Upper quintile,0.38861628586121433,0.11831686094840348,0.6459229716419952,324
V3,20.0,Upper quintile,0.40308698021281963,0.14314234209677063,0.6565515436412293,324
V3,22.5,Upper quintile,0.4172060519930958,0.16131097774728143,0.6863807121186407,324
V3,25.0,Upper quintile,0.4437542213630681,0.17093166984938546,0.701402961991784,324
V3,27.5,Upper quintile,0.46386716854087473,0.17389530813154297,0.7242871402158811,324
V3,30.0,Upper quintile,0.48122562620590564,0.1960010202765939,0.7345319490841616,324
V3,32.5,Upper quintile,0.4887536416023669,0.216542548626628,0.7481670702266052,324
V3,35.0,Upper quintile,0.4969347635812471,0.2327289750125897,0.7616706380162511,324
V3,37.5,Upper quintile,0.5112612786221753,0.23491264018214886,0.7685824218290902,324
V3,40.0,Upper quintile,0.5141427246780763,0.2494313649972234,0.7776635130108192,324
V3,42.5,Upper quintile,0.5116233371852195,0.2643203240855777,0.7762998189156787,324
V3,45.0,Upper quintile,0.534183889371171,0.26421394607812243,0.7751322326247049,324
V3,47.5,Upper quintile,0.537180024009995,0.2725689238646306,0.7874254189162557,324
V3,50.0,Upper quintile,0.5376185801696021,0.2758776526429604,0.7852780062957778,324
V3,52.5,Upper quintile,0.5596368302894611,0.27365527273465895,0.7894289041629061,324
V3,55.0,Upper quintile,0.5652827904693183,0.28884526161946794,0.7921149396161837,324
V3,57.5,Upper quintile,0.561044221857049,0.28847557454085193,0.7977657085869287,324
V3,60.0,Upper quintile,0.5702169956942085,0.2776385841955459,0.7949216895621968,324
V3,62.5,Upper quintile,0.563920274134601,0.28172906330385006,0.7956488426568233,324
V3,65.0,Upper quintile,0.5683417188441047,0.2842442189703873,0.7975701840133482,324
V3,67.5,Upper quintile,0.5784358314038396,0.3050864627064944,0.8004249934860345,324
V3,70.0,Upper quintile,0.5888449887980044,0.2925503770866604,0.8029646487283746,324
V3,72.5,Upper quintile,0.5999654672894768,0.2947308420226761,0.8047760000233352,324
V3,75.0,Upper quintile,0.6090964222346558,0.2874902892388563,0.8070761254040274,324
V3,77.5,Upper quintile,0.5998129314573285,0.28292232477520723,0.8062431179500529,324
V3,80.0,Upper quintile,0.6047811698334244,0.2807787345851557,0.8092769738269636,324
V3,82.5,Upper quintile,0.6040936690447447,0.27729278852716005,0.8157954035653583,324
V3,85.0,Upper quintile,0.6070028683621871,0.27943811703729926,0.8191844844155132,324
V3,87.5,Upper quintile,0.6157222663559465,0.28528793175142086,0.820410440877536,324
V3,90.0,Upper quintile,0.632241834772632,0.2850814119192247,0.8230073579513135,324
V3,92.5,Upper quintile,0.6321718500432925,0.28895644000741355,0.8243384793219884,324
V3,95.0,Upper quintile,0.6346121913970846,0.2927922172970456,0.8266534695992321,324
V3,97.5,Upper quintile,0.6501656321308367,0.30371155828524093,0.8317127992197989,324
V3,100.0,Upper quintile,0.652611394511752,0.3044796474327513,0.8337771994177676,324
V3,102.5,Upper quintile,0.6484655262762025,0.30997512537062916,0.8376226034384758,324
V3,105.0,Upper quintile,0.6473772881429781,0.30879721164726404,0.8387889803280805,324
V3,107.5,Upper quintile,0.6409282466733328,0.31390300575585184,0.8373201396970239,324
V3,110.0,Upper quintile,0.6434679035561848,0.31158215039455534,0.8409046371563352,324
V3,112.5,Upper quintile,0.6324252697164935,0.31194035010029475,0.8433045183610817,324
V3,115.0,Upper quintile,0.6304406081310265,0.308885967882116,0.8451602447264228,324
V3,117.5,Upper quintile,0.6362861914564022,0.30566165881543206,0.8472632222467115,324
V3,120.0,Upper quintile,0.6397343923996759,0.3093379025049886,0.8498327875611463,324
V3,122.5,Upper quintile,0.6413085430030054,0.30626277227855836,0.8532532885134891,324
V3,125.0,Upper quintile,0.6507154769325798,0.31046761093954944,0.8559612270272143,324
V3,127.5,Upper quintile,0.6552411365458264,0.3098602145761946,0.8547867851639276,324
V3,130.0,Upper quintile,0.6607583890555013,0.30763867120192406,0.8546562448162652,324
V3,132.5,Upper quintile,0.6629922816128895,0.3125566909061544,0.8545884026277967,324
V3,135.0,Upper quintile,0.6606020057547344,0.31110582984704677,0.8554909039733,324
V3,137.5,Upper quintile,0.6608614509471942,0.3114425806935981,0.8593622308106369,324
V3,140.0,Upper quintile,0.6615985893204785,0.3095331058906115,0.8624617151682127,324
V3,142.5,Upper quintile,0.6735470870611471,0.3168235981479467,0.863714471679367,324
V3,145.0,Upper quintile,0.6741618070985247,0.3118077490144879,0.8654647476137295,324
V3,147.5,Upper quintile,0.6674626409057226,0.30867420085130515,0.868280825669052,324
V3,150.0,Upper quintile,0.664883414510961,0.3131346376471511,0.8692183792176079,324
V3,152.5,Upper quintile,0.668398384341016,0.3145673932370629,0.8717645967556593,324
V3,155.0,Upper quintile,0.6726847616270197,0.3189786427533352,0.8721192324125115,324
V3,157.5,Upper quintile,0.6785716781210253,0.32605282310736455,0.8745802711109145,324
V3,160.0,Upper quintile,0.6800643977083005,0.3247293181489039,0.8750576082656356,324
V3,162.5,Upper quintile,0.6810625970753393,0.3302432580255092,0.877198273877452,324
V3,165.0,Upper quintile,0.6822610274894897,0.3320782038326392,0.8799544069625982,324
V3,167.5,Upper quintile,0.6821181952076558,0.32865606342288917,0.884055823511113,324
V3,170.0,Upper quintile,0.6851186947782149,0.33176177602890156,0.8873194831380083,324
V3,172.5,Upper quintile,0.6910093806751278,0.33130887886331356,0.8926473807326262,324
V3,175.0,Upper quintile,0.6895684867161231,0.33310184716875,0.8949504579433735,324
V3,177.5,Upper quintile,0.6939181830241345,0.3333977506756241,0.8959102495888912,324
V3,180.0,Upper quintile,0.6933994467922002,0.32775882524332195,0.8987919604037817,324
V3,182.5,Upper quintile,0.6983793980336378,0.33048407309462824,0.9010998256309838,324
V3,185.0,Upper quintile,0.703234415788761,0.3368612191353022,0.9052972053151879,324
V3,187.5,Upper quintile,0.7210513400963219,0.33759513209505765,0.9078231694761123,324
V3,190.0,Upper quintile,0.7258620291548805,0.34416053959629495,0.9103178463274074,324
V3,192.5,Upper quintile,0.7342968326658117,0.34292206704897177,0.9154560575833053,324
V3,195.0,Upper quintile,0.7293404019567387,0.3379833340494785,0.9194141974899835,324
V3,197.5,Upper quintile,0.7342271143064434,0.3383092719936991,0.9220464305745739,324
V3,200.0,Upper quintile,0.7455627622517618,0.3345574891740477,0.9258412961069022,324
V3,202.5,Upper quintile,0.7514134101787155,0.3337073792046374,0.9291927552884959,324
V3,205.0,Upper quintile,0.7533616279057809,0.3379657621766532,0.9294539806264157,324
V3,207.5,Upper quintile,0.7557386829972454,0.33567797094316565,0.9296171698263619,324
V3,210.0,Upper quintile,0.7621715498716819,0.33841659224747617,0.9291183160810534,324
V3,212.5,Upper quintile,0.7672167048561631,0.34455588679542254,0.9345969940762433,324
V3,215.0,Upper quintile,0.7675517804615091,0.3353212059038231,0.935992171590674,324
V3,217.5,Upper quintile,0.77313753585301,0.33785720009549847,0.9429633215922517,324
V3,220.0,Upper quintile,0.7814060593849301,0.34603040950820985,0.942811709709849,324
V3,222.5,Upper quintile,0.7804232327125785,0.34531376077311393,0.9490913199612463,324
V3,225.0,Upper quintile,0.7785736619318803,0.34304370215666324,0.9523128365083878,324
V3,227.5,Upper quintile,0.7835378833229949,0.3371549454224041,0.9515954639163153,324
V3,230.0,Upper quintile,0.7888847838835775,0.3354503832699759,0.9510930680766266,324
V3,232.5,Upper quintile,0.7914483691606284,0.33235714978584435,0.9535005090566289,324
V3,235.0,Upper quintile,0.7864549312058515,0.34133673963311184,0.9530690750096827,324
V3,237.5,Upper quintile,0.7832285809308683,0.35462421309626724,0.9534541962719503,324
V3,240.0,Upper quintile,0.7784446940735812,0.35351090972113264,0.9583623771735805,324
V3,242.5,Upper quintile,0.7775240102778711,0.34759010705466764,0.9553264844312441,324
V3,245.0,Upper quintile,0.7832512251691219,0.34602566373375543,0.9567277335185529,324
V3,247.5,Upper quintile,0.7890020446435315,0.34946785995406204,0.9581469853378763,324
V3,250.0,Upper quintile,0.7971168383344964,0.35759046222561963,0.9617257372793999,324
V3,252.5,Upper quintile,0.7973220998555173,0.3616673504839729,0.9587624103283942,324
V3,255.0,Upper quintile,0.7989467303861135,0.36922508685534905,0.9546968742315203,324
V3,257.5,Upper quintile,0.7957122068800163,0.37595957113705036,0.9532063709964287,324
V3,260.0,Upper quintile,0.7937456563409042,0.3787321245305923,0.9524797138623482,324
V3,262.5,Upper quintile,0.7902856419882521,0.3693198522467182,0.950167278722333,324
V3,265.0,Upper quintile,0.7840730796875788,0.3667503579440728,0.9523055027814532,324
V3,267.5,Upper quintile,0.7819790673214496,0.36764638181294895,0.9490401268803782,324
V3,270.0,Upper quintile,0.7769812711712334,0.3736211641785301,0.9472579263501654,324
V3,272.5,Upper quintile,0.7725676289316481,0.37817300229741535,0.9519918430348403,324
V3,275.0,Upper quintile,0.7750146846657264,0.37914047001171924,0.9569889242988223,324
V3,277.5,Upper quintile,0.7713449135685703,0.3751125985780335,0.9539453891326503,324
V3,280.0,Upper quintile,0.7654708998246335,0.3693654866766885,0.9538278440510923,324
V3,282.5,Upper quintile,0.7648769032174723,0.37088779769601776,0.9475319520994535,324
V3,285.0,Upper quintile,0.7543656597960914,0.3779783022575697,0.940001841893021,324
V3,287.5,Upper quintile,0.756151622125321,0.3750944489635338,0.9354687084554496,324
V3,290.0,Upper quintile,0.7524749964185604,0.36917380651805115,0.930569954360305,324
V3,292.5,Upper quintile,0.74073621262641,0.36736866033102167,0.9260625896362418,324
V3,295.0,Upper quintile,0.7350120363317285,0.3672078543695345,0.9194513821995333,324
V3,297.5,Upper quintile,0.7165007839271674,0.3625008559799808,0.9171722666914259,324
V3,300.0,Upper quintile,0.7198134983380889,0.3659237043697177,0.9090605017440562,324
V3,302.5,Upper quintile,0.7164761795574173,0.3666193593279835,0.903990865617794,324
V3,305.0,Upper quintile,0.7120723048087009,0.3617519199819362,0.8976600267437148,324
V3,307.5,Upper quintile,0.7101834048129059,0.364844746193669,0.8932733183150259,324
V3,310.0,Upper quintile,0.7007659709496907,0.36065061436722595,0.893033264978334,324
V3,312.5,Upper quintile,0.6981073364321284,0.35818074597676597,0.8869178322095298,324
V3,315.0,Upper quintile,0.6974374792443199,0.364278952573924,0.878681824950503,324
V3,317.5,Upper quintile,0.6983455244656485,0.3630987165010297,0.8800904102162749,324
V3,320.0,Upper quintile,0.6908509562094098,0.36573997361743926,0.8697439425709417,324
V3,322.5,Upper quintile,0.6864532201573136,0.3690865901688549,0.8617572431099627,324
V3,325.0,Upper quintile,0.6849126580832829,0.36808202885549723,0.858296572771795,324
V3,327.5,Upper quintile,0.6839325486034886,0.36468044366955144,0.857241650646354,324
V3,330.0,Upper quintile,0.676839111477975,0.36506255109141894,0.8525112982594627,324
V3,332.5,Upper quintile,0.6746149934258461,0.36737003093444576,0.8504200805155373,324
V3,335.0,Upper quintile,0.6622603023234266,0.36535551385872694,0.8472435555765988,324
V3,337.5,Upper quintile,0.6600993204471253,0.36476264065947545,0.839066612923174,324
V3,340.0,Upper quintile,0.6552308129434624,0.35969643602567963,0.8349409167701873,324
V3,342.5,Upper quintile,0.651131881928863,0.3579538258526537,0.8385623369459578,324
V3,345.0,Upper quintile,0.649673853969507,0.35066572498331694,0.83319205998062,324
V3,347.5,Upper quintile,0.6420806839042759,0.3465625515581317,0.8255622875507485,324
V3,350.0,Upper quintile,0.638473988198782,0.34402929921124614,0.8211044387067401,324
V3,352.5,Upper quintile,0.6441310019324036,0.34632165787599656,0.8173414259765269,324
V3,355.0,Upper quintile,0.6401319514779792,0.3439902825835859,0.8138489044112195,324
V3,357.5,Upper quintile,0.6311622328405277,0.34033262210518733,0.8116854191740782,324
V3,360.0,Upper quintile,0.6381383511291492,0.34135387025114683,0.8058756725811083,324
V3,362.5,Upper quintile,0.6426476195593815,0.3395287830465108,0.8022170678077735,324
V3,365.0,Upper quintile,0.6299236262814314,0.33675057412466636,0.8016749520088234,324
V3,367.5,Upper quintile,0.630737692147761,0.3308628826049158,0.7951574224540711,324
V3,370.0,Upper quintile,0.6360663522727591,0.33274704704666247,0.7945571741775953,324
V3,372.5,Upper quintile,0.6330704256665513,0.3304730959626243,0.7907967923669412,324
V3,375.0,Upper quintile,0.627971503314701,0.3319581329900814,0.7909205892030253,324
V3,377.5,Upper quintile,0.6307652152452536,0.33516678118337423,0.7909859174262188,324
V3,380.0,Upper quintile,0.6309458721546677,0.33250228616048316,0.7902916503481626,324
V3,382.5,Upper quintile,0.6347945340497996,0.3345282547980717,0.7919260457899591,324
V3,385.0,Upper quintile,0.6387829920129173,0.33375953432078365,0.7878052352471658,324
V3,387.5,Upper quintile,0.6383610281726333,0.330649390549025,0.7880256426645094,324
V3,390.0,Upper quintile,0.6379142419729311,0.32860837496875717,0.7884020503788627,324
V3,392.5,Upper quintile,0.6364324724944663,0.32748814993933884,0.7867694389135731,324
V3,395.0,Upper quintile,0.6383765315162112,0.32355309860843534,0.7862148488692063,324
V3,397.5,Upper quintile,0.6357902668175335,0.3265934918189597,0.7884703979406104,324
V3,400.0,Upper quintile,0.6343703854719576,0.3255851753547635,0.7861920033274966,324
V3,402.5,Upper quintile,0.6341883830974133,0.3275043715152583,0.7834561790415433,324
V3,405.0,Upper quintile,0.6359329793114235,0.32709141446262874,0.7823978360368481,324
V3,407.5,Upper quintile,0.6396151617108916,0.3308777340357231,0.783430562238912,324
V3,410.0,Upper quintile,0.6317943512477666,0.33438406130718934,0.7811120349365823,324
V3,412.5,Upper quintile,0.6323448945516631,0.32733418118933905,0.7797645133366896,324
V3,415.0,Upper quintile,0.6332858818394758,0.33296425995549506,0.7792239982548962,324
V3,417.5,Upper quintile,0.629693701454856,0.33509064848624376,0.7788095174949331,324
V3,420.0,Upper quintile,0.6272991243150094,0.3291626428229068,0.7805139952301208,324
V3,422.5,Upper quintile,0.6290942166030957,0.32901958314721813,0.7824304341999349,324
V3,425.0,Upper quintile,0.6267377432784789,0.3303521540237053,0.7822144429178176,324
V3,427.5,Upper quintile,0.6260588231548594,0.32952740560208255,0.7848316581527192,324
V3,430.0,Upper quintile,0.6260907107019094,0.3269043378309514,0.7816381844264761,324
V3,432.5,Upper quintile,0.6248769343694571,0.3255858615848336,0.7795418305766654,324
V3,435.0,Upper quintile,0.6274082307845008,0.33262126733854547,0.777144742780543,324
V3,437.5,Upper quintile,0.6263640920449871,0.3318409186923448,0.7792222294160241,324
V3,440.0,Upper quintile,0.6367756326862026,0.3324082505392019,0.7797396476993069,324
V3,442.5,Upper quintile,0.6292724389240354,0.334076825384827,0.7810242615829444,324
V3,445.0,Upper quintile,0.6356544597253011,0.3362562672294415,0.7808031984523572,324
V3,447.5,Upper quintile,0.634204135794026,0.3348343694365056,0.7818919676053753,324
V3,450.0,Upper quintile,0.6327849416061995,0.336515164603258,0.7806617193294612,324
V3,452.5,Upper quintile,0.6297838217579559,0.33337482756237113,0.7806759959462082,324
V3,455.0,Upper quintile,0.6332485773118449,0.33335170941251036,0.7811686694335043,324
V3,457.5,Upper quintile,0.6336170037736764,0.3276632182437673,0.7837840599587076,324
V3,460.0,Upper quintile,0.6300222468622584,0.3318789615912409,0.7848537736122847,324
V3,462.5,Upper quintile,0.6335389007362432,0.3331916187940043,0.7846009030231521,324
V3,465.0,Upper quintile,0.6376383516064186,0.33553991398167365,0.7846081513722937,324
V3,467.5,Upper quintile,0.6369153070567091,0.32972277757101726,0.7845163633459041,324
V3,470.0,Upper quintile,0.6331361750188652,0.3285307026914132,0.7848772371021329,324
V3,472.5,Upper quintile,0.6320907033369102,0.3291940828337181,0.785231227773148,324
V3,475.0,Upper quintile,0.6285931775760536,0.32448282601166445,0.7829580127010461,324
V3,477.5,Upper quintile,0.6231765893759726,0.324339175642369,0.7844911850834675,324
V3,480.0,Upper quintile,0.6256999418500433,0.32389647281621103,0.7863639948903711,324
V3,482.5,Upper quintile,0.618574871083621,0.32224827620646446,0.7874177703697026,324
V3,485.0,Upper quintile,0.6174994275338765,0.320251111882917,0.7872990198582025,324
V3,487.5,Upper quintile,0.6166933091070085,0.3214025292110496,0.7868875252466723,324
V3,490.0,Upper quintile,0.6174860759230938,0.31284468398955756,0.7871917001633176,324
V3,492.5,Upper quintile,0.6187187553739917,0.3176917447878811,0.7896173698629655,324
V3,495.0,Upper quintile,0.6177301656914893,0.31438563732853864,0.7897258186046545,324
V3,497.5,Upper quintile,0.6176707004337764,0.31977517367758884,0.7899985649503858,324
V4,-500.0,Upper quintile,0.5440294123889763,0.2616278908149724,0.7645287475471769,324
V4,-497.5,Upper quintile,0.5486181318036994,0.26193212421197615,0.7701400558879877,324
V4,-495.0,Upper quintile,0.5486456043858455,0.26473067161063846,0.7667228459186536,324
V4,-492.5,Upper quintile,0.545153159353305,0.2627336434328185,0.7666105592920527,324
V4,-490.0,Upper quintile,0.5440128778932907,0.27959339696799296,0.7661948599328517,324
V4,-487.5,Upper quintile,0.5425487869713049,0.27619059865277173,0.7624652966716015,324
V4,-485.0,Upper quintile,0.5454590519542142,0.2735941269561406,0.7580593083358607,324
V4,-482.5,Upper quintile,0.548673363573613,0.2715862055551481,0.7586050051059896,324
V4,-480.0,Upper quintile,0.5434297739484337,0.2601797119921705,0.755930477230591,324
V4,-477.5,Upper quintile,0.5403893982026573,0.2793276609434205,0.7557973925445124,324
V4,-475.0,Upper quintile,0.5338192873933176,0.2849477461060653,0.7669711517170985,324
V4,-472.5,Upper quintile,0.5339767077886207,0.28001939223677935,0.7522243491440322,324
V4,-470.0,Upper quintile,0.5400547978224329,0.2843748381254123,0.7517172633655771,324
V4,-467.5,Upper quintile,0.5389646466970677,0.2814454750879694,0.7577196315598873,324
V4,-465.0,Upper quintile,0.5405728855112347,0.27774653095339047,0.7485175031183318,324
V4,-462.5,Upper quintile,0.5431638056559339,0.2749363802593649,0.7450221185734602,324
V4,-460.0,Upper quintile,0.5397190982691253,0.2758600258337448,0.7471308702207878,324
V4,-457.5,Upper quintile,0.5424617372677791,0.27330514152587115,0.747888408564429,324
V4,-455.0,Upper quintile,0.5441819767416316,0.26123821306187406,0.7452518397166336,324
V4,-452.5,Upper quintile,0.5434281726581303,0.2643767285029547,0.7461765048023057,324
V4,-450.0,Upper quintile,0.5418120163822859,0.2620607966205273,0.7509818467934375,324
V4,-447.5,Upper quintile,0.5430357508648304,0.26003891356560394,0.746551963805019,324
V4,-445.0,Upper quintile,0.542228427605204,0.2610352737713577,0.7461587308930865,324
V4,-442.5,Upper quintile,0.5421522671025253,0.2603317878237087,0.749978157901193,324
V4,-440.0,Upper quintile,0.5450094753304073,0.26940985997416933,0.749543771109594,324
V4,-437.5,Upper quintile,0.5448511670097451,0.2720562000236898,0.7435694179119458,324
V4,-435.0,Upper quintile,0.5339367129398439,0.27340903716872084,0.7442318081508925,324
V4,-432.5,Upper quintile,0.5350553843118087,0.27109452028833986,0.7409724585029569,324
V4,-430.0,Upper quintile,0.5413015643781096,0.2727405570240391,0.7405684668085188,324
V4,-427.5,Upper quintile,0.5362606910675198,0.27426695728326045,0.7443282210876221,324
V4,-425.0,Upper quintile,0.5363503972123624,0.27183119551992085,0.7415522684940232,324
V4,-422.5,Upper quintile,0.5405481370317615,0.2745309427528384,0.7406221359493256,324
V4,-420.0,Upper quintile,0.539706953650559,0.27620003686709993,0.7396860344295518,324
V4,-417.5,Upper quintile,0.5362865603776029,0.27640070194144684,0.743911932700825,324
V4,-415.0,Upper quintile,0.5414005726432288,0.2737998998351353,0.7440367669639757,324
V4,-412.5,Upper quintile,0.5413039556592181,0.2696191629400477,0.7406283111309988,324
V4,-410.0,Upper quintile,0.5351319720293315,0.2638120798634001,0.7407060279668811,324
V4,-407.5,Upper quintile,0.5360116358813598,0.2679503420726289,0.7395841199053326,324
V4,-405.0,Upper quintile,0.5369660735839983,0.2682941046089567,0.7397201478453705,324
V4,-402.5,Upper quintile,0.535893393342085,0.27108744017564307,0.7394037590113356,324
V4,-400.0,Upper quintile,0.532358705884143,0.2670628359502541,0.7383015910194582,324
V4,-397.5,Upper quintile,0.5351542750319725,0.26903212826200323,0.7393635160584844,324
V4,-395.0,Upper quintile,0.5335377460130956,0.26651443317572276,0.7376258230547605,324
V4,-392.5,Upper quintile,0.5317438999378977,0.2676096971683223,0.7364322845571594,324
V4,-390.0,Upper quintile,0.5336939005956036,0.2715180253326932,0.7360949362832971,324
V4,-387.5,Upper quintile,0.5310366173429215,0.27260346683941944,0.7364148693714173,324
V4,-385.0,Upper quintile,0.528796451083205,0.2668479780712544,0.7344933386791369,324
V4,-382.5,Upper quintile,0.5333084863924409,0.2674924447384774,0.7352626465758034,324
V4,-380.0,Upper quintile,0.5321771516374169,0.2646158809772284,0.7335262814643251,324
V4,-377.5,Upper quintile,0.5275340239096586,0.26647217826547875,0.7309384250344109,324
V4,-375.0,Upper quintile,0.5286972568515717,0.2668933517645701,0.7297045896989227,324
V4,-372.5,Upper quintile,0.5299968388381419,0.2634144057747448,0.7328394341562302,324
V4,-370.0,Upper quintile,0.5301045564774233,0.2605741412553899,0.7296433723098912,324
V4,-367.5,Upper quintile,0.5319961029527389,0.2650888223340752,0.7276479128630614,324
V4,-365.0,Upper quintile,0.5275672136817927,0.263178826315696,0.7318068263241606,324
V4,-362.5,Upper quintile,0.5294985329100346,0.26402842197407667,0.7315655541282696,324
V4,-360.0,Upper quintile,0.5300339071444855,0.2649280394831873,0.7326531582707165,324
V4,-357.5,Upper quintile,0.5322649846731713,0.2663212555569483,0.7320154207093894,324
V4,-355.0,Upper quintile,0.5290100373715394,0.264960840026598,0.7300462281400135,324
V4,-352.5,Upper quintile,0.5312021115574467,0.26442628625595394,0.7279796776441742,324
V4,-350.0,Upper quintile,0.532409594603686,0.2680942814108533,0.7285089483515932,324
V4,-347.5,Upper quintile,0.5349646119796988,0.26224113882991745,0.7304847451034995,324
V4,-345.0,Upper quintile,0.5355933659468195,0.26010759733718647,0.731787272131975,324
V4,-342.5,Upper quintile,0.5344251246032898,0.2678793051426012,0.7313727450605779,324
V4,-340.0,Upper quintile,0.5297527153523534,0.2681105930416998,0.7303945049837758,324
V4,-337.5,Upper quintile,0.5290432451555194,0.2683469785321668,0.7308611289179611,324
V4,-335.0,Upper quintile,0.5295186468616535,0.2655578504749397,0.7289710899122904,324
V4,-332.5,Upper quintile,0.5300391778382052,0.2653978791671997,0.7303002879986464,324
V4,-330.0,Upper quintile,0.5331655151832653,0.2663037023482546,0.7269727731468373,324
V4,-327.5,Upper quintile,0.5440201553443513,0.26990965139841216,0.7254409943503113,324
V4,-325.0,Upper quintile,0.5398784907912493,0.2675495190549684,0.7271068732759389,324
V4,-322.5,Upper quintile,0.5390250345377151,0.26396878621676284,0.7234881609904519,324
V4,-320.0,Upper quintile,0.5397410879798047,0.26528390653095774,0.7207827216438788,324
V4,-317.5,Upper quintile,0.5301153463211632,0.2630910153015877,0.7243349378364303,324
V4,-315.0,Upper quintile,0.5301563167059098,0.2646851512714762,0.7255809704612073,324
V4,-312.5,Upper quintile,0.5365399909476862,0.26931059444497174,0.7282059109346231,324
V4,-310.0,Upper quintile,0.532389825279159,0.2709998556112219,0.7284386277832741,324
V4,-307.5,Upper quintile,0.5269697886898008,0.27348402725628607,0.7275906201553559,324
V4,-305.0,Upper quintile,0.5348130603600996,0.2767652646457734,0.7272272032631022,324
V4,-302.5,Upper quintile,0.5474838246570277,0.2770828801435533,0.7267041251156828,324
V4,-300.0,Upper quintile,0.5435527554476557,0.27716504689005594,0.7274485174319202,324
V4,-297.5,Upper quintile,0.5381921288465525,0.27657906106876434,0.7276524581963428,324
V4,-295.0,Upper quintile,0.5449887421731959,0.2762107281418455,0.7291218803015138,324
V4,-292.5,Upper quintile,0.5502275517592782,0.27414069384814466,0.7286109737436384,324
V4,-290.0,Upper quintile,0.5490129086119457,0.2747303117009067,0.7275107527072127,324
V4,-287.5,Upper quintile,0.5467877619993268,0.2749443750586691,0.7262897158450516,324
V4,-285.0,Upper quintile,0.5514387538660421,0.2723028938368601,0.7291080750636432,324
V4,-282.5,Upper quintile,0.5534055017418935,0.27305584259452625,0.7300455492575382,324
V4,-280.0,Upper quintile,0.5482913305450798,0.2735601536434341,0.7285972800730416,324
V4,-277.5,Upper quintile,0.5410044593814236,0.2787288122827026,0.7302990926246693,324
V4,-275.0,Upper quintile,0.5339463408948881,0.2780998771195815,0.7315005105263979,324
V4,-272.5,Upper quintile,0.5356472227373285,0.2821046237374462,0.7331435356388132,324
V4,-270.0,Upper quintile,0.5378021474081847,0.28370133517404983,0.7338275536089104,324
V4,-267.5,Upper quintile,0.5419871671025658,0.2870878965608858,0.7304527739726608,324
V4,-265.0,Upper quintile,0.5405878241795645,0.28595667427162713,0.7318203465336088,324
V4,-262.5,Upper quintile,0.537834670653033,0.2876799072529753,0.7257943029420725,324
V4,-260.0,Upper quintile,0.5199251112801186,0.2843705141464986,0.7265187232709598,324
V4,-257.5,Upper quintile,0.526435318001492,0.2833437947276885,0.725833986324495,324
V4,-255.0,Upper quintile,0.5218560391567744,0.28228272168414104,0.724390400086089,324
V4,-252.5,Upper quintile,0.5261308089597252,0.27993162407205896,0.7303935625046785,324
V4,-250.0,Upper quintile,0.5323410087628251,0.28345140075625463,0.7337964840519474,324
V4,-247.5,Upper quintile,0.5319650428826463,0.28615900085300605,0.7325365573714324,324
V4,-245.0,Upper quintile,0.530003320170434,0.28555535207747246,0.7371611712501361,324
V4,-242.5,Upper quintile,0.5319444848604287,0.2831530616749086,0.73867833200071,324
V4,-240.0,Upper quintile,0.5316454859313517,0.2861801025859419,0.7364577408693094,324
V4,-237.5,Upper quintile,0.5348734483391951,0.28558000771646264,0.7354161596892078,324
V4,-235.0,Upper quintile,0.5395339997933253,0.28483803206176167,0.7367951866632353,324
V4,-232.5,Upper quintile,0.5373714573785998,0.2884681716750539,0.7384961791558551,324
V4,-230.0,Upper quintile,0.5358075705775656,0.28611211341543386,0.7353189033773988,324
V4,-227.5,Upper quintile,0.5371369729010702,0.2871486762919735,0.7330330656113877,324
V4,-225.0,Upper quintile,0.5383201439856364,0.2846561437667346,0.7323448407988579,324
V4,-222.5,Upper quintile,0.5447959474143435,0.28647795373663965,0.7331876672530406,324
V4,-220.0,Upper quintile,0.5311669512708259,0.28813198466617634,0.7332348749994793,324
V4,-217.5,Upper quintile,0.533154448268351,0.29070004657049736,0.7330970445336229,324
V4,-215.0,Upper quintile,0.5333223107723994,0.2909908587824267,0.7312495433118141,324
V4,-212.5,Upper quintile,0.5387109409510276,0.29022379284648586,0.7302973033940058,324
V4,-210.0,Upper quintile,0.5381990301183832,0.291520214416182,0.7332170420497623,324
V4,-207.5,Upper quintile,0.5408884156503289,0.2949279075309501,0.7315615774695974,324
V4,-205.0,Upper quintile,0.5392331412941045,0.2932189308608619,0.7290006868483628,324
V4,-202.5,Upper quintile,0.542419345859165,0.286188600095708,0.7296645190630164,324
V4,-200.0,Upper quintile,0.546004620420242,0.2886212071768169,0.7326194405046277,324
V4,-197.5,Upper quintile,0.549320965233797,0.2923315054040567,0.7305872119165353,324
V4,-195.0,Upper quintile,0.5505674194295975,0.28854434675530144,0.7316656002618839,324
V4,-192.5,Upper quintile,0.5422362813873302,0.2851762201328902,0.7363454683441679,324
V4,-190.0,Upper quintile,0.5403143428146506,0.2871911002876838,0.732452682602081,324
V4,-187.5,Upper quintile,0.5393523186291889,0.2865260950220503,0.7313728315525754,324
V4,-185.0,Upper quintile,0.542476175561314,0.287381993818834,0.7317083157646048,324
V4,-182.5,Upper quintile,0.5437236568433194,0.28997858146856403,0.7308544430482475,324
V4,-180.0,Upper quintile,0.5471469908229174,0.2880706366926464,0.7308688307069389,324
V4,-177.5,Upper quintile,0.546892875526617,0.2887585014763815,0.7272083713010609,324
V4,-175.0,Upper quintile,0.5349802709306526,0.2900813522412505,0.7292713222497216,324
V4,-172.5,Upper quintile,0.5396632868024163,0.2913182145583013,0.7210975095938775,324
V4,-170.0,Upper quintile,0.5366987060939585,0.28676109766656843,0.7196628060301365,324
V4,-167.5,Upper quintile,0.5397456190644666,0.28663106304107766,0.7262596648381607,324
V4,-165.0,Upper quintile,0.5414059729912803,0.2859336719263745,0.7225338563120323,324
V4,-162.5,Upper quintile,0.5321113916901341,0.28618467364532224,0.7220490745747877,324
V4,-160.0,Upper quintile,0.5371131442608017,0.2854699126148185,0.726333639536658,324
V4,-157.5,Upper quintile,0.538390759042627,0.28530160539375043,0.7243680250326667,324
V4,-155.0,Upper quintile,0.5348160338988979,0.28381375054262326,0.7206793414089758,324
V4,-152.5,Upper quintile,0.5390804063605172,0.2888199256997457,0.7219848786381351,324
V4,-150.0,Upper quintile,0.5399777538060975,0.2883087436906875,0.7209596973938727,324
V4,-147.5,Upper quintile,0.5347162154043357,0.28785143621826126,0.7182288379213634,324
V4,-145.0,Upper quintile,0.5382010169614697,0.29038274984708257,0.7189292051745476,324
V4,-142.5,Upper quintile,0.5389521741652223,0.29494679441164806,0.7203346701631524,324
V4,-140.0,Upper quintile,0.5395215000133854,0.2936427708068724,0.7188996866768382,324
V4,-137.5,Upper quintile,0.5373373886503621,0.2896023927027271,0.7138832200681713,324
V4,-135.0,Upper quintile,0.5350799925221452,0.28764688057202376,0.7181333638150713,324
V4,-132.5,Upper quintile,0.5293951861261276,0.2874647952940628,0.7136100097597995,324
V4,-130.0,Upper quintile,0.5277154233591705,0.2877712461470779,0.713375582405209,324
V4,-127.5,Upper quintile,0.5234634018319038,0.28475032035073833,0.7149712415305411,324
V4,-125.0,Upper quintile,0.5188920943931141,0.2816900792450654,0.7182410190703327,324
V4,-122.5,Upper quintile,0.5214333017199468,0.28460466628180997,0.7126908168514134,324
V4,-120.0,Upper quintile,0.5202009184140618,0.2824770160538628,0.7117692420790028,324
V4,-117.5,Upper quintile,0.5174249620748064,0.28302380684386624,0.7144423158205777,324
V4,-115.0,Upper quintile,0.5247338728118754,0.2788917788251018,0.7099726102718951,324
V4,-112.5,Upper quintile,0.5161425027435892,0.27713965295686815,0.715356340205282,324
V4,-110.0,Upper quintile,0.4997484262093511,0.28021498459519,0.7162854736188334,324
V4,-107.5,Upper quintile,0.5116397114681345,0.2852675567296093,0.7149038626225119,324
V4,-105.0,Upper quintile,0.5089725181633491,0.28985303978063887,0.7149305006241091,324
V4,-102.5,Upper quintile,0.5125012404101201,0.2832614705306597,0.7147217550076332,324
V4,-100.0,Upper quintile,0.5102210257438131,0.2915975960436552,0.7159205746396329,324
V4,-97.5,Upper quintile,0.5088908413169789,0.2889307933698092,0.7179012802384311,324
V4,-95.0,Upper quintile,0.5132095299190915,0.2819690341490948,0.7228218946028637,324
V4,-92.5,Upper quintile,0.5174903921111783,0.28489006879624185,0.7167638181464391,324
V4,-90.0,Upper quintile,0.5256089312285077,0.2840517864346923,0.7188304083374144,324
V4,-87.5,Upper quintile,0.5266016989731467,0.28335148508784763,0.7162960906636479,324
V4,-85.0,Upper quintile,0.5356933398258314,0.28647240837240256,0.7233762928110268,324
V4,-82.5,Upper quintile,0.5401584052920112,0.29907440165218196,0.7232285365806754,324
V4,-80.0,Upper quintile,0.5401940397028417,0.3080020335866131,0.7276506528231106,324
V4,-77.5,Upper quintile,0.5227516535173737,0.3070262409940303,0.7327671378263733,324
V4,-75.0,Upper quintile,0.53262159058146,0.3097700140880569,0.7433118067470841,324
V4,-72.5,Upper quintile,0.5438292700785137,0.2978717950592843,0.7462357222126863,324
V4,-70.0,Upper quintile,0.5472617643373573,0.3066938964833733,0.7470392699255491,324
V4,-67.5,Upper quintile,0.550589306481359,0.3140181777128072,0.7477192007001225,324
V4,-65.0,Upper quintile,0.5498341706270964,0.31700543394764663,0.7557866785068255,324
V4,-62.5,Upper quintile,0.5508836334822833,0.31494856257310544,0.7594618242499231,324
V4,-60.0,Upper quintile,0.5334763263798586,0.31417442076871677,0.7635879026717585,324
V4,-57.5,Upper quintile,0.5373073169634498,0.31417746705365,0.7663763446659688,324
V4,-55.0,Upper quintile,0.5171531774461509,0.3079661813255621,0.7573349537778828,324
V4,-52.5,Upper quintile,0.5134374306682801,0.2906234830760407,0.7635191619700431,324
V4,-50.0,Upper quintile,0.5104785353286052,0.2712308937878249,0.7655278885650902,324
V4,-47.5,Upper quintile,0.5047160666508446,0.25965734430015125,0.7528459805464828,324
V4,-45.0,Upper quintile,0.4791547563664581,0.23284439394504391,0.7483718133166751,324
V4,-42.5,Upper quintile,0.4792675364272937,0.23985924532757283,0.7340079430891168,324
V4,-40.0,Upper quintile,0.4769842943599869,0.23792663791107874,0.7270227246397282,324
V4,-37.5,Upper quintile,0.46787587726801205,0.23537249511028768,0.7037115596945608,324
V4,-35.0,Upper quintile,0.45189370510856974,0.20297779933767465,0.7141673654513692,324
V4,-32.5,Upper quintile,0.4451045486522959,0.17736142861548773,0.7183695347122755,324
V4,-30.0,Upper quintile,0.4667305558618366,0.1800980641061383,0.731896571858495,324
V4,-27.5,Upper quintile,0.453728649729419,0.15946292454252484,0.7128741537916028,324
V4,-25.0,Upper quintile,0.46025561256494785,0.14396384278313487,0.7354700484083379,324
V4,-22.5,Upper quintile,0.4379963345714835,0.12033480987175868,0.7362589668953974,324
V4,-20.0,Upper quintile,0.4520966692884244,0.11862322224005359,0.75028633578669,324
V4,-17.5,Upper quintile,0.4421000383703302,0.11807846731682962,0.7822005818353767,324
V4,-15.0,Upper quintile,0.44225886205235504,0.1002603790197516,0.8059754980910212,324
V4,-12.5,Upper quintile,0.411814904957161,0.10937084137255736,0.8003966233292001,324
V4,-10.0,Upper quintile,0.42559477021166214,0.11142422220424807,0.8113236023255952,324
V4,-7.5,Upper quintile,0.4379763291561912,0.10787998763083406,0.8013645697445302,324
V4,-5.0,Upper quintile,0.4049610154534444,0.11664700828328971,0.7645365839339996,324
V4,-2.5,Upper quintile,0.4026732817870573,0.1164465872957658,0.7646759659708217,324
V4,0.0,Upper quintile,0.3600899404285669,0.11352250094380051,0.7047739615445028,324
V4,2.5,Upper quintile,0.3626676665980023,0.11354891689390546,0.6469402101128899,324
V4,5.0,Upper quintile,0.3340903235242085,0.10625814692984913,0.5950235664969112,324
V4,7.5,Upper quintile,0.3061521009226552,0.11852316509413358,0.56299116754906,324
V4,10.0,Upper quintile,0.28215473731385243,0.11123249665076608,0.5275825398937416,324
V4,12.5,Upper quintile,0.2561091383376073,0.10629410285782687,0.49605822139134736,324
V4,15.0,Upper quintile,0.24194604321469715,0.08956796666942297,0.48562738562035757,324
V4,17.5,Upper quintile,0.24441504292613758,0.08473338011386966,0.47343717944369584,324
V4,20.0,Upper quintile,0.2336425438580526,0.06678310143081403,0.4930220953818567,324
V4,22.5,Upper quintile,0.23423850363200177,0.06820112643047938,0.52268210875612,324
V4,25.0,Upper quintile,0.22585740339314483,0.07216009809722505,0.5351860511534673,324
V4,27.5,Upper quintile,0.2449553077246116,0.08578698904705212,0.5349671896205368,324
V4,30.0,Upper quintile,0.2655675188453719,0.09454572642681777,0.561580930566439,324
V4,32.5,Upper quintile,0.2772655356197985,0.10202942587294837,0.5867704410061981,324
V4,35.0,Upper quintile,0.3048148181126992,0.10526494410020676,0.6063936147557851,324
V4,37.5,Upper quintile,0.3240731804442707,0.11626917669302154,0.6188300573701624,324
V4,40.0,Upper quintile,0.3366626138282395,0.12763458356904414,0.6067095225294052,324
V4,42.5,Upper quintile,0.3477999266797456,0.13965067258257763,0.6219471335082345,324
V4,45.0,Upper quintile,0.35959650453201764,0.14793235283421097,0.6193320223154639,324
V4,47.5,Upper quintile,0.37764282308978475,0.15286790158369606,0.6399606499669532,324
V4,50.0,Upper quintile,0.38421844715614917,0.15793957289271954,0.6362458278908079,324
V4,52.5,Upper quintile,0.40295420734982457,0.16672531652210046,0.6462971719618275,324
V4,55.0,Upper quintile,0.41875639761783356,0.1797926268294575,0.6485128918308573,324
V4,57.5,Upper quintile,0.43497865774355193,0.18942231655964384,0.6618719746398971,324
V4,60.0,Upper quintile,0.44726600472551625,0.19653587794147404,0.6756400445362364,324
V4,62.5,Upper quintile,0.44380440610790906,0.19708851689909354,0.6825166445029898,324
V4,65.0,Upper quintile,0.46363230107223685,0.20246804444667896,0.6964055614512867,324
V4,67.5,Upper quintile,0.47220633731858647,0.2126104503660596,0.7129958721874751,324
V4,70.0,Upper quintile,0.4928768491464706,0.22611945942871847,0.7198632823061799,324
V4,72.5,Upper quintile,0.4941668195673049,0.23171332863063648,0.7267556025774058,324
V4,75.0,Upper quintile,0.4916569649529637,0.24270871200848837,0.7331231735645976,324
V4,77.5,Upper quintile,0.49794583503116163,0.24251576649729684,0.7398654453177177,324
V4,80.0,Upper quintile,0.5114163981627946,0.24767346004238366,0.743011766964093,324
V4,82.5,Upper quintile,0.5139387795804009,0.2510112721480829,0.7528251436074513,324
V4,85.0,Upper quintile,0.5253184879586825,0.25677047325028046,0.7568831306279207,324
V4,87.5,Upper quintile,0.528495833130425,0.25749890669915665,0.7566671874398172,324
V4,90.0,Upper quintile,0.5398452798422095,0.2552803779631396,0.7626616967192774,324
V4,92.5,Upper quintile,0.5533846584281178,0.2637485643894373,0.7687809190622723,324
V4,95.0,Upper quintile,0.5602209615443684,0.26907128466195296,0.7700584293952493,324
V4,97.5,Upper quintile,0.5618016091377869,0.26963382644452644,0.775041974591715,324
V4,100.0,Upper quintile,0.5599145391866509,0.2717748440221348,0.7869901563710501,324
V4,102.5,Upper quintile,0.5672378232718233,0.2749945314048458,0.7797381061668383,324
V4,105.0,Upper quintile,0.5614426365983874,0.2818124821006994,0.7792718318880792,324
V4,107.5,Upper quintile,0.5741396843872479,0.28030899844755863,0.7807947267916445,324
V4,110.0,Upper quintile,0.5702885469456807,0.28392568551030484,0.7885410282937991,324
V4,112.5,Upper quintile,0.5680283980359806,0.27839121496422636,0.78445771540962,324
V4,115.0,Upper quintile,0.574963258766821,0.2821619303475362,0.7866386158998991,324
V4,117.5,Upper quintile,0.5735044894791715,0.28516885464804487,0.788527346381064,324
V4,120.0,Upper quintile,0.5694677059862028,0.283009181897372,0.7885475832249487,324
V4,122.5,Upper quintile,0.5638160738421967,0.2884324946520174,0.7895122601503415,324
V4,125.0,Upper quintile,0.5603898346503329,0.28535373604232356,0.7932634145531208,324
V4,127.5,Upper quintile,0.562404883696885,0.28374982261379256,0.7934321092077508,324
V4,130.0,Upper quintile,0.5723234853304582,0.2856118320611373,0.7973949460445553,324
V4,132.5,Upper quintile,0.578244532226937,0.2943713742449352,0.8002415968312118,324
V4,135.0,Upper quintile,0.5777363271380584,0.2866339466429168,0.801748629485989,324
V4,137.5,Upper quintile,0.5760691239935187,0.2910568699131782,0.8052702092150147,324
V4,140.0,Upper quintile,0.5774008334315838,0.29599012136013736,0.8127209121431708,324
V4,142.5,Upper quintile,0.5814987953269881,0.29653418950402166,0.8146638657142005,324
V4,145.0,Upper quintile,0.5828702556143281,0.2932897453098606,0.8125609516598846,324
V4,147.5,Upper quintile,0.5813950869551125,0.3031307882061541,0.8143677247742591,324
V4,150.0,Upper quintile,0.5851466797795792,0.2996252178462334,0.8176839526538414,324
V4,152.5,Upper quintile,0.5835310637205572,0.2971702161620523,0.8203383224726472,324
V4,155.0,Upper quintile,0.5860373826261505,0.2963210498286938,0.8282078000006735,324
V4,157.5,Upper quintile,0.5917824038245394,0.2961799999414089,0.8289788945097354,324
V4,160.0,Upper quintile,0.5958686335156886,0.3051073236096792,0.8326682782075927,324
V4,162.5,Upper quintile,0.5962471260245596,0.3100701780422427,0.8378687922052088,324
V4,165.0,Upper quintile,0.5972824356312483,0.3200372867564599,0.8422661534793827,324
V4,167.5,Upper quintile,0.6055100198290313,0.3194639335848554,0.8463438567399238,324
V4,170.0,Upper quintile,0.6000947933767451,0.3135150236276523,0.8474437657292666,324
V4,172.5,Upper quintile,0.5978295703857118,0.3133683257542596,0.8500782330998267,324
V4,175.0,Upper quintile,0.6014501967698964,0.31736123630816315,0.8522433197036507,324
V4,177.5,Upper quintile,0.604693442758182,0.31526964871862784,0.8547855649769689,324
V4,180.0,Upper quintile,0.6050796758079198,0.322941800041924,0.8530420539599081,324
V4,182.5,Upper quintile,0.6061502005935404,0.32762076277855035,0.8532273390797802,324
V4,185.0,Upper quintile,0.6132455465406912,0.32982823628733476,0.8508804377605292,324
V4,187.5,Upper quintile,0.6151942870971567,0.33699229636671296,0.8539546894901595,324
V4,190.0,Upper quintile,0.6112871848691526,0.33937801780009524,0.8582451732849371,324
V4,192.5,Upper quintile,0.609828868114103,0.33547335191760924,0.8602128796051831,324
V4,195.0,Upper quintile,0.6116580580391122,0.33307963698156345,0.8656192960537923,324
V4,197.5,Upper quintile,0.6142392111362125,0.3353937664038676,0.8711837132103742,324
V4,200.0,Upper quintile,0.6193014510707135,0.33518433758081867,0.8717651912778779,324
V4,202.5,Upper quintile,0.6145542026762996,0.3364887378951691,0.8779783599623892,324
V4,205.0,Upper quintile,0.6119383229022695,0.33894594081795226,0.8812752065514066,324
V4,207.5,Upper quintile,0.6222017242369482,0.3449947830065938,0.887125444437262,324
V4,210.0,Upper quintile,0.6216947127996151,0.3401405532164356,0.887873710664382,324
V4,212.5,Upper quintile,0.6236661611463946,0.34483266619527975,0.8886327614745315,324
V4,215.0,Upper quintile,0.62385099431735,0.3454098766656808,0.8928985686337709,324
V4,217.5,Upper quintile,0.621486929072074,0.34277247639864494,0.896217478392231,324
V4,220.0,Upper quintile,0.6232154386347697,0.3436852118703546,0.89887466563857,324
V4,222.5,Upper quintile,0.6202703611608615,0.3527890031204316,0.9017306476318174,324
V4,225.0,Upper quintile,0.6212661720185879,0.35990958430139186,0.9055055746132136,324
V4,227.5,Upper quintile,0.626605655254328,0.3552851512281997,0.904599555833253,324
V4,230.0,Upper quintile,0.6275949671316248,0.35565531569852266,0.9052371135479919,324
V4,232.5,Upper quintile,0.6255251592992463,0.35355812786511165,0.9068161735259789,324
V4,235.0,Upper quintile,0.6241278209584185,0.35996908973849895,0.9055008502902546,324
V4,237.5,Upper quintile,0.6268657256408684,0.35670359155540865,0.9075058871465531,324
V4,240.0,Upper quintile,0.6250550608123582,0.35662983523721875,0.9078574109693235,324
V4,242.5,Upper quintile,0.6279017986195923,0.3612310372515741,0.9111668044184726,324
V4,245.0,Upper quintile,0.6354867348776403,0.3594668857265799,0.914661558756059,324
V4,247.5,Upper quintile,0.6329772390640993,0.3617316183930249,0.9159474506369099,324
V4,250.0,Upper quintile,0.6334670100589676,0.36508472048451157,0.9162029029701361,324
V4,252.5,Upper quintile,0.6309235591087687,0.3650707600503643,0.918460431534754,324
V4,255.0,Upper quintile,0.6319913533768321,0.36555921295039095,0.9107726783954588,324
V4,257.5,Upper quintile,0.6344994757624585,0.366880183185208,0.9063171463447947,324
V4,260.0,Upper quintile,0.6368930136705395,0.36411855119565223,0.9116732468197478,324
V4,262.5,Upper quintile,0.6420890353824564,0.3652754171648545,0.9073003571245355,324
V4,265.0,Upper quintile,0.6440719979133828,0.3684847700998688,0.9041196211799988,324
V4,267.5,Upper quintile,0.6384691237750331,0.36202835299934494,0.8971334328753406,324
V4,270.0,Upper quintile,0.6417843222755233,0.362848980766865,0.8970036526286689,324
V4,272.5,Upper quintile,0.6405406578875783,0.35953354109732844,0.8916292313918194,324
V4,275.0,Upper quintile,0.6402682065032216,0.36727835092187083,0.8899447624877059,324
V4,277.5,Upper quintile,0.6419415023248274,0.36789827659469104,0.8833753118582358,324
V4,280.0,Upper quintile,0.6422616205282514,0.3684977645798297,0.8773799499577212,324
V4,282.5,Upper quintile,0.6330287059723253,0.3715979394991765,0.8673893086398927,324
V4,285.0,Upper quintile,0.6351471086339416,0.3712552799669241,0.8652682277632205,324
V4,287.5,Upper quintile,0.624468866967337,0.3695777924700976,0.8606697462016664,324
V4,290.0,Upper quintile,0.6265685623564698,0.37181554303515374,0.8531992684002376,324
V4,292.5,Upper quintile,0.627372316107784,0.36881711496099534,0.8476864559446581,324
V4,295.0,Upper quintile,0.6277844647830122,0.3640123987303792,0.8414526350924046,324
V4,297.5,Upper quintile,0.6276732072025704,0.3609567756913278,0.8460599384960765,324
V4,300.0,Upper quintile,0.6235352673293354,0.3671468213848761,0.8423104858542316,324
V4,302.5,Upper quintile,0.6180113562915275,0.36523905272430846,0.8352710346453323,324
V4,305.0,Upper quintile,0.6181954613347318,0.3605532386185436,0.8319519143516176,324
V4,307.5,Upper quintile,0.6121368328228493,0.3608188312296089,0.8298811315930117,324
V4,310.0,Upper quintile,0.6125791209144729,0.3563659561750991,0.826703988020721,324
V4,312.5,Upper quintile,0.6051598602370651,0.34926575390491144,0.8207172580630264,324
V4,315.0,Upper quintile,0.6053740668834073,0.34704736754099996,0.8188116297270277,324
V4,317.5,Upper quintile,0.6078119314450923,0.3485138576349409,0.8161589496961188,324
V4,320.0,Upper quintile,0.6049805015771894,0.3458511030476332,0.8115622409448502,324
V4,322.5,Upper quintile,0.6079887746620025,0.34373858294764337,0.8138991184692934,324
V4,325.0,Upper quintile,0.5976939279084152,0.34129735626542423,0.8091410289631145,324
V4,327.5,Upper quintile,0.5903692954875581,0.3320810756917736,0.800705861940641,324
V4,330.0,Upper quintile,0.594026487953125,0.3353490263085822,0.7934570253930321,324
V4,332.5,Upper quintile,0.5968469960907239,0.33759492564521515,0.7899122973986207,324
V4,335.0,Upper quintile,0.5856976245311117,0.33694895877481895,0.7862603842554485,324
V4,337.5,Upper quintile,0.5816342279126724,0.3355506241492912,0.7803526556543954,324
V4,340.0,Upper quintile,0.5813810208654051,0.33531837994115066,0.7748701548150807,324
V4,342.5,Upper quintile,0.5842271055571708,0.33600872101685786,0.773952983221317,324
V4,345.0,Upper quintile,0.5825816254060859,0.3289073466616057,0.775975106974856,324
V4,347.5,Upper quintile,0.584651862160873,0.32966567925604473,0.7764191741715306,324
V4,350.0,Upper quintile,0.5818860433699471,0.33024614813794784,0.7799094092383269,324
V4,352.5,Upper quintile,0.5802682797471677,0.32880422806683113,0.7733137514922095,324
V4,355.0,Upper quintile,0.5820145735440234,0.32692916305164743,0.7689998167472903,324
V4,357.5,Upper quintile,0.5806704497081463,0.32531329609543547,0.7644867703647652,324
V4,360.0,Upper quintile,0.58076664299584,0.3243632522405142,0.7604695795498955,324
V4,362.5,Upper quintile,0.5787389655589645,0.32349300128354963,0.7555122351873069,324
V4,365.0,Upper quintile,0.578498744424151,0.3243318564011515,0.7519169445460347,324
V4,367.5,Upper quintile,0.5801746090136224,0.32502701456508115,0.7474008423015892,324
V4,370.0,Upper quintile,0.5781362590411432,0.3252086139864673,0.7440679457422223,324
V4,372.5,Upper quintile,0.578746283727727,0.32373075140298546,0.7414650823062775,324
V4,375.0,Upper quintile,0.5780649554985692,0.3221595766758246,0.7435767842620885,324
V4,377.5,Upper quintile,0.5808209382266991,0.3228200943950688,0.7395967985234505,324
V4,380.0,Upper quintile,0.5836889648706027,0.3220559506209155,0.738620272224966,324
V4,382.5,Upper quintile,0.581157690647682,0.32460268818855104,0.7434924069094656,324
V4,385.0,Upper quintile,0.5800852333832824,0.3196533347804449,0.7416689380365555,324
V4,387.5,Upper quintile,0.5787716792181676,0.31988921907465395,0.7355567577835422,324
V4,390.0,Upper quintile,0.5783673849100821,0.31710760065181465,0.7477413500998087,324
V4,392.5,Upper quintile,0.5764472521206236,0.31564183517701333,0.7476739350440067,324
V4,395.0,Upper quintile,0.575662847470014,0.309227788491214,0.7391891009685729,324
V4,397.5,Upper quintile,0.5716208721055807,0.31390984489994667,0.7423518348197559,324
V4,400.0,Upper quintile,0.5662369910226828,0.31526197153061286,0.7452297618541885,324
V4,402.5,Upper quintile,0.5574126416096757,0.3131202577843251,0.7398107805907221,324
V4,405.0,Upper quintile,0.5656345755304142,0.31259333620430796,0.738916575012049,324
V4,407.5,Upper quintile,0.5598762727503048,0.3150800021405906,0.7414690650587179,324
V4,410.0,Upper quintile,0.5608530622868774,0.3083527338781571,0.7392949262062302,324
V4,412.5,Upper quintile,0.5634390481448699,0.30342454602487806,0.7384346639321555,324
V4,415.0,Upper quintile,0.5588511674284959,0.30676917678190746,0.74175748185961,324
V4,417.5,Upper quintile,0.5578067809483842,0.3050904148159651,0.7438280429528178,324
V4,420.0,Upper quintile,0.5570783844679575,0.3025419845711603,0.74211338187053,324
V4,422.5,Upper quintile,0.5589583903015456,0.3023513435649264,0.741595325283186,324
V4,425.0,Upper quintile,0.549145769057218,0.30052483448675166,0.7434504516469362,324
V4,427.5,Upper quintile,0.5466203972978942,0.30376826056435957,0.7442946962663719,324
V4,430.0,Upper quintile,0.5524895557388076,0.30116161263632735,0.7440747308730424,324
V4,432.5,Upper quintile,0.5589815889770495,0.30359985666283096,0.7440464080516026,324
V4,435.0,Upper quintile,0.5594458827913084,0.30754304383107156,0.7411112983381745,324
V4,437.5,Upper quintile,0.5593694910197091,0.31083783995891173,0.7405977687046064,324
V4,440.0,Upper quintile,0.5619116265180056,0.31428733289951744,0.7419133234121393,324
V4,442.5,Upper quintile,0.5624930112861519,0.3160561981982246,0.7427265179247723,324
V4,445.0,Upper quintile,0.5587069498465975,0.3150321892068091,0.7392110145588262,324
V4,447.5,Upper quintile,0.5592051086798322,0.315223730410596,0.7365839452198191,324
V4,450.0,Upper quintile,0.563836676188894,0.31359231085707223,0.7374777115855732,324
V4,452.5,Upper quintile,0.556660218457182,0.3170290616495245,0.7406492924006775,324
V4,455.0,Upper quintile,0.5566778153022313,0.3122973956241254,0.7367935794570024,324
V4,457.5,Upper quintile,0.5618624527309128,0.31533718596011107,0.738938542491873,324
V4,460.0,Upper quintile,0.5580648589729877,0.3134626157133135,0.743288077116314,324
V4,462.5,Upper quintile,0.5573138385917961,0.30237242159094657,0.7376360802467627,324
V4,465.0,Upper quintile,0.5593393983825228,0.3056308605279414,0.7405013533026459,324
V4,467.5,Upper quintile,0.559949254833187,0.29693181182488837,0.744092938953392,324
V4,470.0,Upper quintile,0.5576794154491793,0.2971543093976966,0.7416353836494484,324
V4,472.5,Upper quintile,0.5673681388970023,0.29663759776415266,0.7420686959243858,324
V4,475.0,Upper quintile,0.5617682995283195,0.29364061407770803,0.7457459326953603,324
V4,477.5,Upper quintile,0.5659868553592913,0.3028285001903645,0.739993601066371,324
V4,480.0,Upper quintile,0.5662010800221396,0.3010054868061882,0.7388565858685217,324
V4,482.5,Upper quintile,0.5682250913417164,0.300021541005639,0.7437237577380449,324
V4,485.0,Upper quintile,0.5653988307764655,0.2988258092510805,0.7441839167866152,324
V4,487.5,Upper quintile,0.5697236651999502,0.29269398873096264,0.7396319304408123,324
V4,490.0,Upper quintile,0.5691023867045955,0.2917245901653888,0.7416141755706683,324
V4,492.5,Upper quintile,0.576019532752937,0.29250061587916226,0.7435264475854272,324
V4,495.0,Upper quintile,0.5721762936552047,0.29073397864609557,0.738893710219424,324
V4,497.5,Upper quintile,0.5757847357176289,0.2835404681586218,0.74052203624896,324
V5,-500.0,Upper quintile,0.39366660961131833,0.20020956908349938,0.6599827929217104,324
V5,-497.5,Upper quintile,0.39631759579270454,0.19990075071152882,0.6528543651274872,324
V5,-495.0,Upper quintile,0.3974117735642152,0.20230655939095427,0.6546616864786224,324
V5,-492.5,Upper quintile,0.3984464621424557,0.19995609677391954,0.6531900506600967,324
V5,-490.0,Upper quintile,0.3977919798034924,0.20404716098931572,0.6512348784094799,324
V5,-487.5,Upper quintile,0.4006595260981769,0.20347497285481536,0.6510982786038358,324
V5,-485.0,Upper quintile,0.39842228665130497,0.19960927265884892,0.654118564048428,324
V5,-482.5,Upper quintile,0.40281527848104326,0.20022782109150228,0.6576477531923403,324
V5,-480.0,Upper quintile,0.4047879388732658,0.20312238975394173,0.6526043830852483,324
V5,-477.5,Upper quintile,0.40176039246615697,0.2008016807437673,0.649537630748704,324
V5,-475.0,Upper quintile,0.3971061592022226,0.2060522429346573,0.6516573736064617,324
V5,-472.5,Upper quintile,0.3987204632493951,0.20612578597744818,0.6557966045158821,324
V5,-470.0,Upper quintile,0.40034230869371623,0.20207955818071915,0.6503667912830199,324
V5,-467.5,Upper quintile,0.4024141809416096,0.19654889793925542,0.6617103764880177,324
V5,-465.0,Upper quintile,0.4016978400306417,0.1959603263868681,0.6554684236326909,324
V5,-462.5,Upper quintile,0.40140221223292416,0.19684547407619601,0.6525218562825738,324
V5,-460.0,Upper quintile,0.40020372062923343,0.19709002613552898,0.6573702047885103,324
V5,-457.5,Upper quintile,0.39987414984457637,0.1968707395812838,0.6633655182232979,324
V5,-455.0,Upper quintile,0.3997365572610586,0.19802486686924486,0.6571200438733218,324
V5,-452.5,Upper quintile,0.39932196108086104,0.19766753341902366,0.6596668488933337,324
V5,-450.0,Upper quintile,0.39972999331880943,0.19674657826307732,0.6647616026819371,324
V5,-447.5,Upper quintile,0.3990605815052329,0.19735498598928997,0.6652569799996566,324
V5,-445.0,Upper quintile,0.39756101974869906,0.19797610858283757,0.6618872343232526,324
V5,-442.5,Upper quintile,0.39872686277589564,0.2000644010384241,0.6607224368186059,324
V5,-440.0,Upper quintile,0.39705142393468373,0.19997053769773504,0.6584494644667225,324
V5,-437.5,Upper quintile,0.39628402712938116,0.2028326583537631,0.6528099432814614,324
V5,-435.0,Upper quintile,0.39783782727579875,0.20458598589041152,0.6517318404818163,324
V5,-432.5,Upper quintile,0.39935600776199304,0.20524288727203222,0.6467409777792956,324
V5,-430.0,Upper quintile,0.3985456618644226,0.20791479330257767,0.6469418386597906,324
V5,-427.5,Upper quintile,0.3998028734976995,0.20985486934732572,0.6467624821181596,324
V5,-425.0,Upper quintile,0.3983010345731707,0.20655689927166676,0.6491558750780009,324
V5,-422.5,Upper quintile,0.40084942197051787,0.205402521254871,0.6484852770184764,324
V5,-420.0,Upper quintile,0.3987266673016688,0.20089665367600573,0.6490093234446399,324
V5,-417.5,Upper quintile,0.39574996009230456,0.19429483917551854,0.6498047962410718,324
V5,-415.0,Upper quintile,0.3955337261497429,0.19359887395864336,0.6521163167844729,324
V5,-412.5,Upper quintile,0.3966577979984903,0.19549039578063826,0.6505775647065812,324
V5,-410.0,Upper quintile,0.38943917157370755,0.19580987849725273,0.6504249062707008,324
V5,-407.5,Upper quintile,0.3916945922982421,0.19774968903562404,0.6500742158582847,324
V5,-405.0,Upper quintile,0.3922526677245152,0.1996984454474646,0.6474102206200948,324
V5,-402.5,Upper quintile,0.3898759570444592,0.20050470596671133,0.6489584051613688,324
V5,-400.0,Upper quintile,0.3917422888947045,0.20217098584152945,0.6487275513928082,324
V5,-397.5,Upper quintile,0.3968132297356195,0.20226178386617674,0.6490772732419092,324
V5,-395.0,Upper quintile,0.3920873724299823,0.20094983691339685,0.6434923855976837,324
V5,-392.5,Upper quintile,0.39071271674005725,0.20378433145438432,0.6452817602031519,324
V5,-390.0,Upper quintile,0.3884162204827267,0.1993558185957542,0.6431952122622427,324
V5,-387.5,Upper quintile,0.38586830903605773,0.198459176760279,0.643427030065278,324
V5,-385.0,Upper quintile,0.38598383194596436,0.20088250682362685,0.6414124373358425,324
V5,-382.5,Upper quintile,0.38714722575583227,0.2002999325767742,0.6416769520776814,324
V5,-380.0,Upper quintile,0.38420918754570976,0.2014561233318084,0.6389667686524014,324
V5,-377.5,Upper quintile,0.3851192899223348,0.20020012955125868,0.6398499722447508,324
V5,-375.0,Upper quintile,0.38648745958010833,0.19968548693289606,0.6402485479683084,324
V5,-372.5,Upper quintile,0.3859897722915713,0.19502351853363709,0.6380254104798186,324
V5,-370.0,Upper quintile,0.3772175359435185,0.1958017496917803,0.6408539760275276,324
V5,-367.5,Upper quintile,0.3814485338021586,0.19880176615289458,0.6402982668725637,324
V5,-365.0,Upper quintile,0.3856567916520881,0.20356871838913437,0.6395334757019975,324
V5,-362.5,Upper quintile,0.3810530253500616,0.20497890735722438,0.6378525044894221,324
V5,-360.0,Upper quintile,0.381744404048561,0.20353650278594093,0.6401646851809017,324
V5,-357.5,Upper quintile,0.3867831349478984,0.2049061379324088,0.6385555346612228,324
V5,-355.0,Upper quintile,0.3821521197323273,0.20248697588517206,0.6382270938555928,324
V5,-352.5,Upper quintile,0.38148497689624067,0.20022419197242333,0.6389619927325128,324
V5,-350.0,Upper quintile,0.38431726989521997,0.20468708740938413,0.6389413350351679,324
V5,-347.5,Upper quintile,0.384704038987596,0.20404402891167442,0.6452721236654643,324
V5,-345.0,Upper quintile,0.3810882213405663,0.20084196100622875,0.6461061565364614,324
V5,-342.5,Upper quintile,0.3878552991820143,0.20722658537236782,0.6442545171848577,324
V5,-340.0,Upper quintile,0.3904582219053432,0.204321268663931,0.6460196980076397,324
V5,-337.5,Upper quintile,0.3910596125886582,0.20310768807200047,0.6420954645327608,324
V5,-335.0,Upper quintile,0.3938068972677935,0.2014137821688822,0.6458658722547101,324
V5,-332.5,Upper quintile,0.3960070742565689,0.19784708371481408,0.6468001758077366,324
V5,-330.0,Upper quintile,0.39601762541352303,0.19418537475517297,0.6477135749019973,324
V5,-327.5,Upper quintile,0.3935343164061308,0.19681509018923718,0.6477665115572419,324
V5,-325.0,Upper quintile,0.3929874034582599,0.19589563825908826,0.6472128244580958,324
V5,-322.5,Upper quintile,0.3900211551369066,0.19463422804298552,0.6471503149831555,324
V5,-320.0,Upper quintile,0.39246693967565904,0.19508756438862757,0.6495774959881172,324
V5,-317.5,Upper quintile,0.39003820406631906,0.19581077963307592,0.6510767776754021,324
V5,-315.0,Upper quintile,0.39500678968845304,0.19581358821710648,0.649639083525903,324
V5,-312.5,Upper quintile,0.3967457077018603,0.19564280514977092,0.6500102247566057,324
V5,-310.0,Upper quintile,0.3932228016641678,0.19418960746650638,0.6471521626679468,324
V5,-307.5,Upper quintile,0.3902702781655615,0.19315584933622246,0.6442640453707129,324
V5,-305.0,Upper quintile,0.3985181888564413,0.19381851632676697,0.6446973218094837,324
V5,-302.5,Upper quintile,0.39994833817677167,0.19325299583637603,0.6472188999704269,324
V5,-300.0,Upper quintile,0.40035959773359586,0.19520665292997058,0.6471193334146847,324
V5,-297.5,Upper quintile,0.40088628733210097,0.1945764177482737,0.647695903483197,324
V5,-295.0,Upper quintile,0.3988328548928677,0.1938407555498757,0.6456150191182146,324
V5,-292.5,Upper quintile,0.3963437511472402,0.1966639521868076,0.647218083698773,324
V5,-290.0,Upper quintile,0.40078399516678215,0.19501168120490997,0.6467737624206964,324
V5,-287.5,Upper quintile,0.403970324469206,0.1982314408727864,0.6466062162544962,324
V5,-285.0,Upper quintile,0.4039735312457121,0.1971142952065351,0.647023116200236,324
V5,-282.5,Upper quintile,0.4037862517347096,0.1980733976053293,0.6467196533255666,324
V5,-280.0,Upper quintile,0.4028813199949125,0.19753459485523822,0.6451674021151359,324
V5,-277.5,Upper quintile,0.4016666413958504,0.1899012574066548,0.6429958884270295,324
V5,-275.0,Upper quintile,0.4016625076990979,0.18992692867077215,0.6484755206605846,324
V5,-272.5,Upper quintile,0.40096000699157996,0.18983571628825455,0.6469395022560889,324
V5,-270.0,Upper quintile,0.39956653726730207,0.19482517001983884,0.644871919762663,324
V5,-267.5,Upper quintile,0.39642763211808274,0.1930344635959376,0.6450652534082568,324
V5,-265.0,Upper quintile,0.3974960873487585,0.19286656337792338,0.6472643103494702,324
V5,-262.5,Upper quintile,0.39942669244000095,0.19496437056117202,0.6465962934257822,324
V5,-260.0,Upper quintile,0.40166194187755133,0.19490265200029677,0.640801743611225,324
V5,-257.5,Upper quintile,0.4001984396523715,0.19688246629567518,0.6505712918699829,324
V5,-255.0,Upper quintile,0.3998476572816493,0.19524806533204714,0.6509797262988728,324
V5,-252.5,Upper quintile,0.4014024177198298,0.19396141131814848,0.6524311840089234,324
V5,-250.0,Upper quintile,0.3989634130981056,0.19471723071337355,0.6500288600574344,324
V5,-247.5,Upper quintile,0.40079147981761615,0.19694266535304755,0.6503390744557398,324
V5,-245.0,Upper quintile,0.4017225971269841,0.1960658336006632,0.6516643140404629,324
V5,-242.5,Upper quintile,0.3983671350179798,0.20053545846864101,0.6529904024307951,324
V5,-240.0,Upper quintile,0.39971382123020627,0.20130808122275579,0.6540407955718468,324
V5,-237.5,Upper quintile,0.3997326948716047,0.20663856752643842,0.6528633341436206,324
V5,-235.0,Upper quintile,0.3990561576239999,0.20375713591549155,0.6508652250681561,324
V5,-232.5,Upper quintile,0.3971447718967719,0.20591718864837552,0.6510222750056569,324
V5,-230.0,Upper quintile,0.39556426969514213,0.2060785395589565,0.6484606207890121,324
V5,-227.5,Upper quintile,0.3956295171832154,0.2043724850269707,0.6513913038075483,324
V5,-225.0,Upper quintile,0.39664715363365277,0.2048221237658098,0.6476613636876252,324
V5,-222.5,Upper quintile,0.3901045181446169,0.20886236791923432,0.6416162680565055,324
V5,-220.0,Upper quintile,0.3871590053878286,0.2032851203650194,0.6427707175838118,324
V5,-217.5,Upper quintile,0.3898858424196181,0.2060802490562524,0.6480346222705253,324
V5,-215.0,Upper quintile,0.39326690043538043,0.20656318998255965,0.645119748913276,324
V5,-212.5,Upper quintile,0.3933440827247959,0.20640857283607314,0.6450785933528262,324
V5,-210.0,Upper quintile,0.39759542348144256,0.20654700540056067,0.6465850812006317,324
V5,-207.5,Upper quintile,0.4001854454849787,0.2099751540266265,0.6441955421407841,324
V5,-205.0,Upper quintile,0.4015372267272338,0.20946813087293492,0.6512284921528932,324
V5,-202.5,Upper quintile,0.4026874477911631,0.20685762894748452,0.6467876570243588,324
V5,-200.0,Upper quintile,0.4081106103339074,0.20913135035595087,0.6487528043872081,324
V5,-197.5,Upper quintile,0.40616822369834155,0.21040927485509858,0.6478782550270652,324
V5,-195.0,Upper quintile,0.40610732236496927,0.21004196926135194,0.655715525472558,324
V5,-192.5,Upper quintile,0.404614868578138,0.2115055312402186,0.654745493547972,324
V5,-190.0,Upper quintile,0.402702021313984,0.21006326432341105,0.6539828417952791,324
V5,-187.5,Upper quintile,0.40361342101147535,0.21046857282866765,0.6562243694094267,324
V5,-185.0,Upper quintile,0.40822025529506145,0.21363850972551465,0.6586036150132705,324
V5,-182.5,Upper quintile,0.4086896502011992,0.2166389055143884,0.6531954396764997,324
V5,-180.0,Upper quintile,0.4056875031415761,0.21693311018967462,0.6498016330783603,324
V5,-177.5,Upper quintile,0.407299270124615,0.2153026914550603,0.6507497932543448,324
V5,-175.0,Upper quintile,0.40724386590253714,0.21670551350813555,0.6502547571100215,324
V5,-172.5,Upper quintile,0.4071230685197744,0.21680160787543243,0.6496884468061117,324
V5,-170.0,Upper quintile,0.4095421274274622,0.2131065743666513,0.6460190616623581,324
V5,-167.5,Upper quintile,0.4116522706519795,0.2147845015275492,0.645076665632516,324
V5,-165.0,Upper quintile,0.41127176717486613,0.21432409693392518,0.6413255535232476,324
V5,-162.5,Upper quintile,0.4080452586198925,0.2129502076688966,0.6426565581388054,324
V5,-160.0,Upper quintile,0.41195863397103305,0.2129686672945329,0.6406093579222534,324
V5,-157.5,Upper quintile,0.4062488825007965,0.21426976118390967,0.6452041584500372,324
V5,-155.0,Upper quintile,0.4066131446791197,0.21422238602459842,0.6424683312375157,324
V5,-152.5,Upper quintile,0.40724448419834725,0.21727349724787218,0.636983205432658,324
V5,-150.0,Upper quintile,0.40831253943772416,0.21596223218339863,0.6383965828528027,324
V5,-147.5,Upper quintile,0.4085922080338219,0.21960687842358823,0.6351025037390677,324
V5,-145.0,Upper quintile,0.4049711231873917,0.21901460825421948,0.6323910876589465,324
V5,-142.5,Upper quintile,0.4072883204460559,0.2207600198528586,0.6369943472424743,324
V5,-140.0,Upper quintile,0.40429501722023625,0.21897291476102693,0.630683088915331,324
V5,-137.5,Upper quintile,0.39449396233329337,0.2178476229043063,0.6298975146168775,324
V5,-135.0,Upper quintile,0.39471990649145317,0.21730864768217262,0.6312996271629968,324
V5,-132.5,Upper quintile,0.3944790639600023,0.21555185174771296,0.6307225691244431,324
V5,-130.0,Upper quintile,0.3937291374455792,0.21064618060054036,0.6324627667180174,324
V5,-127.5,Upper quintile,0.39559625709195545,0.21132081544149478,0.6341323201848912,324
V5,-125.0,Upper quintile,0.39364987383369077,0.20758584968789928,0.6300655361382956,324
V5,-122.5,Upper quintile,0.3911867187913646,0.207444784141741,0.6336576079645901,324
V5,-120.0,Upper quintile,0.3899005615651985,0.20287627430221056,0.6276892994900026,324
V5,-117.5,Upper quintile,0.3828486291330772,0.19904440474478002,0.6366354336036847,324
V5,-115.0,Upper quintile,0.3833922163002838,0.19346443051004517,0.637080950500088,324
V5,-112.5,Upper quintile,0.3846500444648904,0.1935505290699902,0.6313038135697666,324
V5,-110.0,Upper quintile,0.37809762810843994,0.1890319527999459,0.6332866935430772,324
V5,-107.5,Upper quintile,0.3812297855405187,0.18749126114306625,0.6362177337972332,324
V5,-105.0,Upper quintile,0.37885920659949335,0.1913626069796044,0.6269355804133683,324
V5,-102.5,Upper quintile,0.3830950684096941,0.1902515037793871,0.6304211374361458,324
V5,-100.0,Upper quintile,0.3914998546966548,0.19399094877809875,0.6297167923479932,324
V5,-97.5,Upper quintile,0.3895112127361614,0.18973399724314063,0.6293025682159015,324
V5,-95.0,Upper quintile,0.3899731664589236,0.19158136800086195,0.6417458508417735,324
V5,-92.5,Upper quintile,0.3976849962468677,0.19700044483079765,0.6453328349236201,324
V5,-90.0,Upper quintile,0.39157082021443856,0.20026610115590354,0.6388976915547004,324
V5,-87.5,Upper quintile,0.39516692249954677,0.2039095376064579,0.645146826591086,324
V5,-85.0,Upper quintile,0.39791014977375583,0.20440145079875272,0.6510114743998716,324
V5,-82.5,Upper quintile,0.40227265543144064,0.2097444761201056,0.6493173318769575,324
V5,-80.0,Upper quintile,0.4099214062662434,0.21095585373566655,0.6488898286145054,324
V5,-77.5,Upper quintile,0.42146313419417064,0.21654922865637422,0.6498533678694383,324
V5,-75.0,Upper quintile,0.43543247551074027,0.22526577259590969,0.6504112190976873,324
V5,-72.5,Upper quintile,0.44316508054537573,0.2284382068594793,0.653499064164323,324
V5,-70.0,Upper quintile,0.4655740975621161,0.23415562208537077,0.6485547472766391,324
V5,-67.5,Upper quintile,0.4810957390280279,0.23028469492427964,0.6630060098363914,324
V5,-65.0,Upper quintile,0.48954413187293705,0.23402340548290979,0.6758897235875702,324
V5,-62.5,Upper quintile,0.482827369832149,0.23870554681580378,0.6888204067873586,324
V5,-60.0,Upper quintile,0.4980285067144221,0.23508948662449625,0.6905455962712812,324
V5,-57.5,Upper quintile,0.5254659462390467,0.24031604418705363,0.7054202294393295,324
V5,-55.0,Upper quintile,0.5103228640470289,0.266775213802548,0.7157930275052087,324
V5,-52.5,Upper quintile,0.5077299752519788,0.2654407098430036,0.7105271693657096,324
V5,-50.0,Upper quintile,0.5019182328407568,0.26309586301293064,0.7074234885084314,324
V5,-47.5,Upper quintile,0.5047492175314516,0.27549138554344604,0.7366774598455438,324
V5,-45.0,Upper quintile,0.5167427757235425,0.2541579741386108,0.7494356910168829,324
V5,-42.5,Upper quintile,0.520301251788168,0.265205034981404,0.7561518153191018,324
V5,-40.0,Upper quintile,0.5168639369409412,0.26575243491400735,0.767228154003404,324
V5,-37.5,Upper quintile,0.530018376551612,0.26788689556845435,0.7720523952136931,324
V5,-35.0,Upper quintile,0.5216229494099984,0.24653650116136913,0.7946172700262113,324
V5,-32.5,Upper quintile,0.5272131216206656,0.24388032707186585,0.7979614931149601,324
V5,-30.0,Upper quintile,0.5383863222117811,0.26515903426479853,0.820913978194694,324
V5,-27.5,Upper quintile,0.5493178787479297,0.2682140008042121,0.8301980444909788,324
V5,-25.0,Upper quintile,0.5359165742767105,0.267920115785555,0.8177633262245584,324
V5,-22.5,Upper quintile,0.5641040637377296,0.2598675039484009,0.8363026776839899,324
V5,-20.0,Upper quintile,0.5771116172258195,0.23505466141522183,0.8422983326158269,324
V5,-17.5,Upper quintile,0.5887536596178771,0.20913466432636377,0.8302883441166369,324
V5,-15.0,Upper quintile,0.609100179122906,0.18348009099253537,0.8419110049447536,324
V5,-12.5,Upper quintile,0.6123515305225451,0.1770729263331286,0.8390305424936211,324
V5,-10.0,Upper quintile,0.6098124448625131,0.17764727140734912,0.8556403378489439,324
V5,-7.5,Upper quintile,0.5770367468358204,0.16215351261225888,0.8794868230728405,324
V5,-5.0,Upper quintile,0.530115258636985,0.1499059565487853,0.8542250449746666,324
V5,-2.5,Upper quintile,0.4865065415020797,0.1371651520403518,0.8314856195147136,324
V5,0.0,Upper quintile,0.4275198817325585,0.12960466638827295,0.7959371610480468,324
V5,2.5,Upper quintile,0.35434030788438164,0.13334481075512217,0.7431199182809877,324
V5,5.0,Upper quintile,0.3393752008022719,0.09769603930923715,0.6786150276593276,324
V5,7.5,Upper quintile,0.28186450376771705,0.098833296126236,0.6108999205198913,324
V5,10.0,Upper quintile,0.2643764135906536,0.08555645150009061,0.5371081618262956,324
V5,12.5,Upper quintile,0.21771899130915157,0.08211415138480375,0.4969719672690699,324
V5,15.0,Upper quintile,0.1966746624004313,0.06508181628592109,0.4338346950026756,324
V5,17.5,Upper quintile,0.19367233401928344,0.06210368995361503,0.393719846726768,324
V5,20.0,Upper quintile,0.18031828139349326,0.05903697517740961,0.3669414900876241,324
V5,22.5,Upper quintile,0.173674013821022,0.049929918936849595,0.3511164457016594,324
V5,25.0,Upper quintile,0.16026724330673664,0.05083192155316581,0.3688101685026766,324
V5,27.5,Upper quintile,0.1882901689985265,0.0522113743396503,0.37297541779347443,324
V5,30.0,Upper quintile,0.18901579676568395,0.0626537909789113,0.36447745964562,324
V5,32.5,Upper quintile,0.1940085536240191,0.07142249247560004,0.3804907170856568,324
V5,35.0,Upper quintile,0.210052175725769,0.0774486637146837,0.3868034164472099,324
V5,37.5,Upper quintile,0.22817516846308045,0.0824909228171996,0.39459668257905084,324
V5,40.0,Upper quintile,0.24101843793819477,0.0980411268321246,0.39303770260684606,324
V5,42.5,Upper quintile,0.2493885813973816,0.10622770056619406,0.4140540707390685,324
V5,45.0,Upper quintile,0.24878955747499604,0.11830164951124218,0.43596460792033226,324
V5,47.5,Upper quintile,0.2633656274633457,0.11675718931459005,0.45256218963944456,324
V5,50.0,Upper quintile,0.2797994994000128,0.11704646614408273,0.47003563225716943,324
V5,52.5,Upper quintile,0.29613507815813644,0.12494709506643409,0.4940288485639206,324
V5,55.0,Upper quintile,0.30901959151037495,0.13421029900996234,0.4875860197300707,324
V5,57.5,Upper quintile,0.3157560842348085,0.14370090033095534,0.5149757133647064,324
V5,60.0,Upper quintile,0.3152912372744884,0.1480823221614764,0.5185983611048491,324
V5,62.5,Upper quintile,0.3274616692106784,0.1490664018937125,0.5433060712796653,324
V5,65.0,Upper quintile,0.327513211481926,0.1508698558776349,0.5710809728365176,324
V5,67.5,Upper quintile,0.3320218571737097,0.1594184316031053,0.5833731110562368,324
V5,70.0,Upper quintile,0.33717186032994845,0.16595945026229963,0.5929323255123989,324
V5,72.5,Upper quintile,0.3418208652010805,0.17151367583848748,0.6141273641216051,324
V5,75.0,Upper quintile,0.34763940994178594,0.17798300848143692,0.6141288453253373,324
V5,77.5,Upper quintile,0.35051208561313224,0.1839088598724539,0.6192097380030488,324
V5,80.0,Upper quintile,0.3575849561651837,0.19024265793161071,0.6264147941428369,324
V5,82.5,Upper quintile,0.3582757021188345,0.19417884536689828,0.6372125039084675,324
V5,85.0,Upper quintile,0.36244973496725647,0.1944251086448024,0.6443202694342176,324
V5,87.5,Upper quintile,0.36739053928716414,0.19475682079425938,0.6514475336795046,324
V5,90.0,Upper quintile,0.37012013184962234,0.199859387709321,0.6563850929286257,324
V5,92.5,Upper quintile,0.3752082793655883,0.19760135573067758,0.6598780518703591,324
V5,95.0,Upper quintile,0.3801217017939167,0.20054370260081342,0.6589242429742493,324
V5,97.5,Upper quintile,0.38014538396113917,0.20010938789978572,0.6643682631185608,324
V5,100.0,Upper quintile,0.38772756453631063,0.20404979070896173,0.6691617055772887,324
V5,102.5,Upper quintile,0.38381255763778754,0.20633977451625818,0.6670468255797405,324
V5,105.0,Upper quintile,0.3873681034224731,0.2080283518163024,0.6680411706813141,324
V5,107.5,Upper quintile,0.3912761049259508,0.20632396701542183,0.6712295534428131,324
V5,110.0,Upper quintile,0.38917285371783683,0.19888714596097068,0.6708903872357173,324
V5,112.5,Upper quintile,0.3937643529493393,0.19927937937805945,0.6724814437223969,324
V5,115.0,Upper quintile,0.39198940790925496,0.20525356978834525,0.6768057215016646,324
V5,117.5,Upper quintile,0.39508786017327624,0.20451795838125436,0.6761151876782457,324
V5,120.0,Upper quintile,0.4003184259069774,0.2055451231870409,0.6794236525959093,324
V5,122.5,Upper quintile,0.400309690916804,0.20428891538028682,0.6809550603292419,324
V5,125.0,Upper quintile,0.4024410891725748,0.20484614338971535,0.6782769229356004,324
V5,127.5,Upper quintile,0.4020666170869464,0.20602385638750462,0.6776462419302498,324
V5,130.0,Upper quintile,0.40142514702756626,0.20623419438467033,0.678049743612648,324
V5,132.5,Upper quintile,0.4022024187935693,0.20695212152993384,0.6804559244801046,324
V5,135.0,Upper quintile,0.40501809722971294,0.20997250960317349,0.6816898603609662,324
V5,137.5,Upper quintile,0.4072024645113361,0.20930615667943778,0.6886803922980205,324
V5,140.0,Upper quintile,0.409657094955163,0.20594108264092031,0.6884314869475917,324
V5,142.5,Upper quintile,0.4084045300520596,0.20806514080000654,0.6933984210046114,324
V5,145.0,Upper quintile,0.41086688180755826,0.2094411515036546,0.691294891720902,324
V5,147.5,Upper quintile,0.409996305158395,0.206311502687283,0.6961225351590783,324
V5,150.0,Upper quintile,0.40734601735255616,0.2052204537624342,0.6971188243238249,324
V5,152.5,Upper quintile,0.41040659798223145,0.20678298494748681,0.7009263826071176,324
V5,155.0,Upper quintile,0.4110934475061689,0.20614945813678995,0.6984914698789881,324
V5,157.5,Upper quintile,0.40615136331844626,0.21056800514655805,0.7127042511629814,324
V5,160.0,Upper quintile,0.40989384088173864,0.2114326766632769,0.716137349235653,324
V5,162.5,Upper quintile,0.41803453182123274,0.2089466757396671,0.7149890947348496,324
V5,165.0,Upper quintile,0.41585116139285705,0.2121999225924776,0.7155391463254039,324
V5,167.5,Upper quintile,0.41800251337710836,0.21295207399968247,0.7207981743979193,324
V5,170.0,Upper quintile,0.4172470210788045,0.20972588073963966,0.7122788578544612,324
V5,172.5,Upper quintile,0.41644198666013477,0.20497966366281795,0.7123306171402158,324
V5,175.0,Upper quintile,0.41696803767270574,0.20576141920628155,0.7248959690768798,324
V5,177.5,Upper quintile,0.4196867364699757,0.21301009244627095,0.7216221722976429,324
V5,180.0,Upper quintile,0.4171647309013326,0.21369311131333027,0.7293059506921291,324
V5,182.5,Upper quintile,0.41713885021843716,0.21512947502445617,0.7295210421239052,324
V5,185.0,Upper quintile,0.420463426963534,0.21610547324933832,0.7383226613148235,324
V5,187.5,Upper quintile,0.4258906011381034,0.21214279239284242,0.7419011206860825,324
V5,190.0,Upper quintile,0.4254094463685428,0.21683596085003404,0.7458191852247569,324
V5,192.5,Upper quintile,0.4280115846107483,0.21886132401746217,0.7466775526538607,324
V5,195.0,Upper quintile,0.43359708107836203,0.2187369820772549,0.7390297285062392,324
V5,197.5,Upper quintile,0.4313695864105689,0.21481133574598232,0.7364557646775816,324
V5,200.0,Upper quintile,0.4349411185761218,0.2184276023741304,0.7385461543412526,324
V5,202.5,Upper quintile,0.4358363132635099,0.22018150252065768,0.7332491471399611,324
V5,205.0,Upper quintile,0.4349795587170545,0.21698974991713732,0.7456095217691263,324
V5,207.5,Upper quintile,0.4408937399568264,0.22063763222373883,0.7445165472726465,324
V5,210.0,Upper quintile,0.44290600144980924,0.22503811014862107,0.737645473948139,324
V5,212.5,Upper quintile,0.44298528978159135,0.23151638406299896,0.7415987264155999,324
V5,215.0,Upper quintile,0.44672482247467304,0.23500858526747828,0.7457976154572725,324
V5,217.5,Upper quintile,0.4534056067406106,0.23399867362500135,0.7472396402923756,324
V5,220.0,Upper quintile,0.45622647515429726,0.23939999553972957,0.7457219311006087,324
V5,222.5,Upper quintile,0.45706109914149756,0.2419630321990452,0.7449595461123768,324
V5,225.0,Upper quintile,0.46799514827599575,0.24205891298995877,0.746830207692342,324
V5,227.5,Upper quintile,0.46828471401464233,0.24280601928314977,0.7484727798842856,324
V5,230.0,Upper quintile,0.47015893337519066,0.24504896754688194,0.7497922597276752,324
V5,232.5,Upper quintile,0.47078111254496846,0.25115505780970016,0.7534965939749684,324
V5,235.0,Upper quintile,0.47279153494346715,0.2532529133338427,0.7521604998898146,324
V5,237.5,Upper quintile,0.47413055867578113,0.2544513466196332,0.757355649074416,324
V5,240.0,Upper quintile,0.47169667319022623,0.2523494806530187,0.7582414033555354,324
V5,242.5,Upper quintile,0.4754215418707852,0.2520371035660416,0.7605270747504689,324
V5,245.0,Upper quintile,0.4734367047631308,0.2513685634200622,0.7669829397921972,324
V5,247.5,Upper quintile,0.4784077185173177,0.2540691311473275,0.7625427950733262,324
V5,250.0,Upper quintile,0.4737941303380094,0.2568801671031733,0.7654545731142616,324
V5,252.5,Upper quintile,0.4751678285186681,0.25763260409172867,0.7682567518727429,324
V5,255.0,Upper quintile,0.4763090741622311,0.2555554492096328,0.7592677882815762,324
V5,257.5,Upper quintile,0.4758105174995715,0.25668563199383687,0.7629512907793934,324
V5,260.0,Upper quintile,0.47669809331832436,0.25806470350715754,0.7598431191059858,324
V5,262.5,Upper quintile,0.47629538220689016,0.2598062847227927,0.7558135554778578,324
V5,265.0,Upper quintile,0.4788218905160442,0.2631611896871962,0.7531697404798439,324
V5,267.5,Upper quintile,0.47657067722860474,0.26022517884973506,0.7521037874427311,324
V5,270.0,Upper quintile,0.4807931871063196,0.2600646108881025,0.7483261447379009,324
V5,272.5,Upper quintile,0.4784820199677409,0.2620961191746457,0.7531436115146016,324
V5,275.0,Upper quintile,0.47365223677327045,0.26310458255111563,0.7482311344598986,324
V5,277.5,Upper quintile,0.474485931592193,0.2627776182841302,0.7433962077283219,324
V5,280.0,Upper quintile,0.47532165939298787,0.26217713473066245,0.7391126701496793,324
V5,282.5,Upper quintile,0.47603380367514825,0.26198900572176753,0.73668936536375,324
V5,285.0,Upper quintile,0.478540876712759,0.2607819771362785,0.7369622338579743,324
V5,287.5,Upper quintile,0.4814002372978927,0.25559643018063166,0.7410207188918103,324
V5,290.0,Upper quintile,0.47858201984826254,0.25349574278936476,0.7422095847216248,324
V5,292.5,Upper quintile,0.47772230368516916,0.24510733283179598,0.7421111913409209,324
V5,295.0,Upper quintile,0.4813679380779261,0.23486770218569325,0.7444001633814938,324
V5,297.5,Upper quintile,0.4760280022779647,0.23638342029392934,0.7367344657938155,324
V5,300.0,Upper quintile,0.47104478003165084,0.2372085227791363,0.7316630028126918,324
V5,302.5,Upper quintile,0.4736916352898254,0.23885708049435456,0.732313203300734,324
V5,305.0,Upper quintile,0.47198897712880167,0.23292531939796432,0.7300355633897746,324
V5,307.5,Upper quintile,0.4676405698898033,0.23500400176809055,0.7276132042924455,324
V5,310.0,Upper quintile,0.464071370297344,0.23678990320443238,0.7242499181991456,324
V5,312.5,Upper quintile,0.45707802591255564,0.2358478361009912,0.7243557663107201,324
V5,315.0,Upper quintile,0.4597405652044185,0.24057855642492618,0.7209406456918636,324
V5,317.5,Upper quintile,0.4466048329404434,0.23886149957088876,0.7198091426307063,324
V5,320.0,Upper quintile,0.44549964123073965,0.23149578738111576,0.7182575470493688,324
V5,322.5,Upper quintile,0.4448162237563744,0.22906955055074008,0.7117384697725733,324
V5,325.0,Upper quintile,0.4407027579396371,0.23002536914406974,0.7157720829795986,324
V5,327.5,Upper quintile,0.4377392527213959,0.23005639795943267,0.7104637182068599,324
V5,330.0,Upper quintile,0.4228473545005338,0.22970463264928367,0.7067872658573428,324
V5,332.5,Upper quintile,0.4224429536793134,0.23133094227843168,0.7114098034201358,324
V5,335.0,Upper quintile,0.42266137776915835,0.23136873354891047,0.7078520653063841,324
V5,337.5,Upper quintile,0.4178994211235587,0.22712447334159136,0.7050067349296049,324
V5,340.0,Upper quintile,0.41977377957752016,0.22684790513797082,0.705493408273941,324
V5,342.5,Upper quintile,0.4199120606561445,0.22611088715732316,0.702071751099613,324
V5,345.0,Upper quintile,0.40830034854082464,0.22458063141643977,0.6987739554967912,324
V5,347.5,Upper quintile,0.4103851712121778,0.22044014194386938,0.6968151163875975,324
V5,350.0,Upper quintile,0.41470261978305,0.2211917865936004,0.6986109340693321,324
V5,352.5,Upper quintile,0.4154628741958862,0.21995223264615427,0.6980559275041347,324
V5,355.0,Upper quintile,0.41712791900555646,0.2185693502856222,0.6933329308542366,324
V5,357.5,Upper quintile,0.41880575149442273,0.22102010316044937,0.6959632218200505,324
V5,360.0,Upper quintile,0.4207681624841204,0.22318849546632397,0.6919389436970096,324
V5,362.5,Upper quintile,0.41922298150895315,0.21828725345766292,0.6882699049022101,324
V5,365.0,Upper quintile,0.4171126158745407,0.21513501026760884,0.6856300322874065,324
V5,367.5,Upper quintile,0.41768730541485866,0.2148606938783859,0.6881870415484359,324
V5,370.0,Upper quintile,0.4148313208862533,0.21599704440709272,0.6897634425013512,324
V5,372.5,Upper quintile,0.41407981882769845,0.21729622385928385,0.6845161172122961,324
V5,375.0,Upper quintile,0.411766236483214,0.21556051706326748,0.6798301749801962,324
V5,377.5,Upper quintile,0.4142589157403525,0.21605580987890324,0.6778447499853256,324
V5,380.0,Upper quintile,0.41205330759400366,0.21351600072017562,0.6797706483645892,324
V5,382.5,Upper quintile,0.41561951527276375,0.2139064749425389,0.6709354489420845,324
V5,385.0,Upper quintile,0.40960463059837776,0.21051429123349208,0.6720916363587653,324
V5,387.5,Upper quintile,0.4055002424412599,0.21404683395508342,0.6743310947404274,324
V5,390.0,Upper quintile,0.40989869422178427,0.21526243991989538,0.6733705814900904,324
V5,392.5,Upper quintile,0.4060668414711084,0.21403647402883408,0.6776215707970419,324
V5,395.0,Upper quintile,0.40555838982040565,0.2139064749425389,0.6755846789214603,324
V5,397.5,Upper quintile,0.41219445445870306,0.21369890693946486,0.6755757222844306,324
V5,400.0,Upper quintile,0.41132105333924424,0.21354343581031093,0.677826261227093,324
V5,402.5,Upper quintile,0.41432048029015633,0.21425991392163174,0.6725639267955948,324
V5,405.0,Upper quintile,0.41405675009533904,0.2132845220332649,0.6724778075564988,324
V5,407.5,Upper quintile,0.41474003523436964,0.21559903483220771,0.672245422964963,324
V5,410.0,Upper quintile,0.4085467789838996,0.21480411375548894,0.670930747426429,324
V5,412.5,Upper quintile,0.4033457328295813,0.21222999367182524,0.6675529777439636,324
V5,415.0,Upper quintile,0.40020389174642046,0.2113347818231024,0.6670609483011751,324
V5,417.5,Upper quintile,0.4006487603909793,0.21112649662273192,0.6654718853069235,324
V5,420.0,Upper quintile,0.40252751959124566,0.20758952967408303,0.6659851916499964,324
V5,422.5,Upper quintile,0.4009858931443579,0.20634856885965025,0.6638852952495367,324
V5,425.0,Upper quintile,0.4002492447888024,0.20791065166825928,0.6642115251813653,324
V5,427.5,Upper quintile,0.39841401956709804,0.20417553255113335,0.6641908425839507,324
V5,430.0,Upper quintile,0.39950142045061726,0.20730041016697645,0.6623176205494683,324
V5,432.5,Upper quintile,0.3989751632754728,0.20603393335279294,0.6622454338827906,324
V5,435.0,Upper quintile,0.4022457038752925,0.2070630284943669,0.6634968910043626,324
V5,437.5,Upper quintile,0.40182435940858346,0.21035046129559778,0.6634010111764278,324
V5,440.0,Upper quintile,0.40390821293616774,0.2118765129965583,0.6604469980443338,324
V5,442.5,Upper quintile,0.40492543302867046,0.21592162504562376,0.66003768258214,324
V5,445.0,Upper quintile,0.3984579055191842,0.21643984155337903,0.6593241304430069,324
V5,447.5,Upper quintile,0.3972899160241562,0.2159206045221012,0.6594442104623784,324
V5,450.0,Upper quintile,0.3993556066885946,0.2156077103551028,0.6617975743612093,324
V5,452.5,Upper quintile,0.40133284827714677,0.2139047026539849,0.662016563153732,324
V5,455.0,Upper quintile,0.40376807594413616,0.21342398483853148,0.6596534894944097,324
V5,457.5,Upper quintile,0.4016094428754454,0.2136748235489046,0.663992382601613,324
V5,460.0,Upper quintile,0.4001558285435258,0.21443527882929084,0.6560255159787577,324
V5,462.5,Upper quintile,0.3970540716961082,0.21352118613462684,0.6529470702769129,324
V5,465.0,Upper quintile,0.3984062400822544,0.21017961833616683,0.6512324427939525,324
V5,467.5,Upper quintile,0.3993809863688633,0.21071044836154318,0.6520157624999474,324
V5,470.0,Upper quintile,0.4000448835981635,0.2112806498116605,0.6539902488302088,324
V5,472.5,Upper quintile,0.3991986355411053,0.21146974222243858,0.6603292328752444,324
V5,475.0,Upper quintile,0.4022280580039337,0.20990600660547953,0.6635035785132414,324
V5,477.5,Upper quintile,0.40291935583644367,0.20770268020599092,0.6621765756436806,324
V5,480.0,Upper quintile,0.40469817509867495,0.2073164058200695,0.6618305781098508,324
V5,482.5,Upper quintile,0.40432363669693816,0.2071255602242678,0.6620641139269868,324
V5,485.0,Upper quintile,0.4011567656449248,0.20602796112193017,0.6643834106223849,324
V5,487.5,Upper quintile,0.4002449526297904,0.20674780811030358,0.6706460707247243,324
V5,490.0,Upper quintile,0.401476181991989,0.20886633838253205,0.6610869847327893,324
V5,492.5,Upper quintile,0.40302039192593686,0.20862935676925531,0.6597286058454628,324
V5,495.0,Upper quintile,0.4025224927197414,0.2080449166198375,0.6592762773882124,324
V5,497.5,Upper quintile,0.4036783608889385,0.2073192046921875,0.6596606325469154,324
V6,-500.0,Upper quintile,0.3313974433952699,0.17702314440791647,0.5898415421512146,324
V6,-497.5,Upper quintile,0.33398249116607237,0.1783573630469092,0.5936044665394917,324
V6,-495.0,Upper quintile,0.33198832073445594,0.1781587113723305,0.5939652058451224,324
V6,-492.5,Upper quintile,0.3215952421217585,0.17698256414565858,0.5970667072410452,324
V6,-490.0,Upper quintile,0.3255699175905393,0.17831620881322094,0.6026334591498853,324
V6,-487.5,Upper quintile,0.3311818109791747,0.18070972159090956,0.5948200513869691,324
V6,-485.0,Upper quintile,0.33751704655993764,0.1802053449082915,0.6002011148777748,324
V6,-482.5,Upper quintile,0.3314649772354138,0.18001551129539461,0.598891414889995,324
V6,-480.0,Upper quintile,0.3365018742146928,0.17989112645905792,0.5965931867154703,324
V6,-477.5,Upper quintile,0.3280934874077237,0.1800494392184719,0.5981241213232575,324
V6,-475.0,Upper quintile,0.3252709440025224,0.18157265948952458,0.6007029382631186,324
V6,-472.5,Upper quintile,0.3278831084790106,0.18274414857111937,0.6008356915271102,324
V6,-470.0,Upper quintile,0.32165792962230344,0.1833593172640038,0.6015396796232885,324
V6,-467.5,Upper quintile,0.32245944906712365,0.1842831955061912,0.5953203943410115,324
V6,-465.0,Upper quintile,0.3296643191561303,0.18199084734090332,0.5938633968252358,324
V6,-462.5,Upper quintile,0.33622153699975693,0.18642911107951127,0.5923588762522272,324
V6,-460.0,Upper quintile,0.3279978955157363,0.1821965558525453,0.5950314170187931,324
V6,-457.5,Upper quintile,0.3345861485905105,0.18063335315914436,0.5940533632215862,324
V6,-455.0,Upper quintile,0.32818449201131206,0.18013438358117348,0.592551333509288,324
V6,-452.5,Upper quintile,0.33354994163281837,0.18232220375846092,0.5937697454860672,324
V6,-450.0,Upper quintile,0.33528494974276557,0.18117742848310722,0.5973466658742569,324
V6,-447.5,Upper quintile,0.3250846534399874,0.17831767229887205,0.5947237864808694,324
V6,-445.0,Upper quintile,0.3242216816488613,0.18329861706637043,0.5904375888757666,324
V6,-442.5,Upper quintile,0.32336189950500305,0.18340810048177886,0.589450260406631,324
V6,-440.0,Upper quintile,0.3199965574671474,0.18213812856439518,0.5871843338359688,324
V6,-437.5,Upper quintile,0.31557929087548836,0.18154251055738985,0.5834868418982672,324
V6,-435.0,Upper quintile,0.3145250603708586,0.18172561524141934,0.5888837968576108,324
V6,-432.5,Upper quintile,0.315233559076798,0.1881736348240795,0.5874342616232929,324
V6,-430.0,Upper quintile,0.31393525073668194,0.18647061177819962,0.5795400332611668,324
V6,-427.5,Upper quintile,0.3194325333006963,0.18037391321501542,0.579488099362057,324
V6,-425.0,Upper quintile,0.3166271207755619,0.17741611437823093,0.5758240545367805,324
V6,-422.5,Upper quintile,0.31414031315798585,0.1816540524218142,0.5779419317242558,324
V6,-420.0,Upper quintile,0.3150306861767212,0.1802368873308626,0.5809357966758204,324
V6,-417.5,Upper quintile,0.3158977449789216,0.1782478108909501,0.5785541755863882,324
V6,-415.0,Upper quintile,0.312411266206399,0.17784172617062868,0.5829345902739723,324
V6,-412.5,Upper quintile,0.31619224902027154,0.1789234601423645,0.5717809981920182,324
V6,-410.0,Upper quintile,0.3158291909492976,0.17751814107331926,0.5741897876647387,324
V6,-407.5,Upper quintile,0.3153601700313954,0.17254649530311442,0.5661701485732524,324
V6,-405.0,Upper quintile,0.3161237301832499,0.17373072227621955,0.5662947981586506,324
V6,-402.5,Upper quintile,0.3168197425177647,0.17226832853693,0.5622103691838003,324
V6,-400.0,Upper quintile,0.3168013569264987,0.16916350795229107,0.5645493203035284,324
V6,-397.5,Upper quintile,0.31287303860240545,0.17438669043491106,0.5714761246747669,324
V6,-395.0,Upper quintile,0.31516317717733855,0.1731920106263009,0.5738325390419294,324
V6,-392.5,Upper quintile,0.31156257359747863,0.1750845601989364,0.5665979334947528,324
V6,-390.0,Upper quintile,0.31593446772619627,0.1758720040701286,0.568318735588544,324
V6,-387.5,Upper quintile,0.31307486912331894,0.1758686053802731,0.5725979520065536,324
V6,-385.0,Upper quintile,0.31472452393103656,0.1761542535790699,0.5709302027988109,324
V6,-382.5,Upper quintile,0.3076704665499387,0.17704615450269384,0.5604525216812463,324
V6,-380.0,Upper quintile,0.3068309793656353,0.17651092139837352,0.5661036458850783,324
V6,-377.5,Upper quintile,0.3013731730405692,0.1758297092976639,0.5674480786741307,324
V6,-375.0,Upper quintile,0.3012197118146997,0.1752284865572117,0.5666546880878619,324
V6,-372.5,Upper quintile,0.30424110119228187,0.1760787039796937,0.5669164859241674,324
V6,-370.0,Upper quintile,0.30335325764540744,0.1733577123448883,0.5675198191710781,324
V6,-367.5,Upper quintile,0.3097052563223544,0.1732922076745017,0.5684442611451936,324
V6,-365.0,Upper quintile,0.30068309441346786,0.1768967580136921,0.5660489684065796,324
V6,-362.5,Upper quintile,0.30394614135947573,0.17295954370269545,0.5627055608641713,324
V6,-360.0,Upper quintile,0.30483165533177514,0.17654408745206418,0.5620280048861063,324
V6,-357.5,Upper quintile,0.3051603785074908,0.1780650108452734,0.5596153529625816,324
V6,-355.0,Upper quintile,0.30763102816896903,0.1777120840706537,0.556183390152253,324
V6,-352.5,Upper quintile,0.3100704487928474,0.1772477929782226,0.5596742561847483,324
V6,-350.0,Upper quintile,0.3108785348513011,0.1760887601994524,0.5676325675757659,324
V6,-347.5,Upper quintile,0.313925233489995,0.1755584277877025,0.5690156173667154,324
V6,-345.0,Upper quintile,0.31396929066841983,0.1787252163017875,0.5691202223485334,324
V6,-342.5,Upper quintile,0.31693943426119353,0.17866450566554412,0.5693043585843018,324
V6,-340.0,Upper quintile,0.3148985334321462,0.17971579737338722,0.5630221247827195,324
V6,-337.5,Upper quintile,0.3101302446473168,0.18153780938282954,0.562831711141574,324
V6,-335.0,Upper quintile,0.3182609873860113,0.1804936779383161,0.5644274155488112,324
V6,-332.5,Upper quintile,0.3206396170067475,0.17664793193969752,0.571912120688474,324
V6,-330.0,Upper quintile,0.3173839200941616,0.1783925142672466,0.573743091078905,324
V6,-327.5,Upper quintile,0.31764443580988133,0.17701083791811623,0.5738034969683998,324
V6,-325.0,Upper quintile,0.31540030505084704,0.17456900807805265,0.5738755574462411,324
V6,-322.5,Upper quintile,0.3184335081189542,0.1760906540947852,0.5797224362484954,324
V6,-320.0,Upper quintile,0.3221828871646245,0.17463049795772673,0.5771646045613803,324
V6,-317.5,Upper quintile,0.3221777739390119,0.1721098922796646,0.5871059668981387,324
V6,-315.0,Upper quintile,0.3229601756739662,0.1761137877600608,0.5872425990490654,324
V6,-312.5,Upper quintile,0.3212900640149253,0.17653599175157633,0.5796204038725499,324
V6,-310.0,Upper quintile,0.322564325242333,0.1745734038832096,0.5812065324187945,324
V6,-307.5,Upper quintile,0.32057762173830096,0.1795799656243716,0.571265016153028,324
V6,-305.0,Upper quintile,0.32430156360491735,0.17738155684005533,0.5665224624268175,324
V6,-302.5,Upper quintile,0.33717403332706153,0.18052008765669683,0.5675398738624667,324
V6,-300.0,Upper quintile,0.33752842796022103,0.18221355084738583,0.5663805946541632,324
V6,-297.5,Upper quintile,0.3352328787664087,0.18235028366054118,0.5642292246823428,324
V6,-295.0,Upper quintile,0.33199662895709614,0.1795724813103897,0.5653873913648503,324
V6,-292.5,Upper quintile,0.33589066092931097,0.17940755686717483,0.561150901538361,324
V6,-290.0,Upper quintile,0.33555786050511205,0.17857452568060378,0.5640818009409443,324
V6,-287.5,Upper quintile,0.32549146153951214,0.1783271506230672,0.5650432032476875,324
V6,-285.0,Upper quintile,0.3298313907521312,0.18084561218533757,0.5650840332319087,324
V6,-282.5,Upper quintile,0.33099061918715234,0.18349140201390426,0.5657091090350963,324
V6,-280.0,Upper quintile,0.3311254027196447,0.18282191926834856,0.5671928527163606,324
V6,-277.5,Upper quintile,0.329936407872108,0.181589494529424,0.5674988786777349,324
V6,-275.0,Upper quintile,0.3441454062150866,0.1823997953791225,0.5683083733854832,324
V6,-272.5,Upper quintile,0.34029886684109895,0.1823026109998354,0.5700819348007812,324
V6,-270.0,Upper quintile,0.33739451757583006,0.18334723978216755,0.5704008435669646,324
V6,-267.5,Upper quintile,0.3388742274339652,0.18441188749889897,0.5681311036352382,324
V6,-265.0,Upper quintile,0.33460866902249287,0.18412051329112425,0.5670891251203793,324
V6,-262.5,Upper quintile,0.3413876286710371,0.18792600339421933,0.564487778452208,324
V6,-260.0,Upper quintile,0.3446134226506467,0.18868668922183468,0.5650483474474277,324
V6,-257.5,Upper quintile,0.3477204007469669,0.19251989077538273,0.5712346485596451,324
V6,-255.0,Upper quintile,0.3496319017683185,0.19154484506287356,0.5710744214415856,324
V6,-252.5,Upper quintile,0.3473461022196306,0.1885832276120112,0.5727201575037417,324
V6,-250.0,Upper quintile,0.3496769467602689,0.18913335292920755,0.573679526348869,324
V6,-247.5,Upper quintile,0.342850895281566,0.1881734500351008,0.5816791036932978,324
V6,-245.0,Upper quintile,0.3454049296890985,0.18572491249277354,0.5724216673406691,324
V6,-242.5,Upper quintile,0.33866582114657046,0.18446560463868128,0.5767758105472404,324
V6,-240.0,Upper quintile,0.3358209263265418,0.18719629298737658,0.5736076591609793,324
V6,-237.5,Upper quintile,0.3285635110317245,0.18825749158707217,0.5760761593789463,324
V6,-235.0,Upper quintile,0.32407363201852435,0.1903354078349752,0.5714867497553408,324
V6,-232.5,Upper quintile,0.33064611274381506,0.19283991365891387,0.5595568039164788,324
V6,-230.0,Upper quintile,0.3292176592251846,0.19381324422778795,0.5626680478673685,324
V6,-227.5,Upper quintile,0.33272071155571725,0.19210847436339626,0.5634804118911338,324
V6,-225.0,Upper quintile,0.3377874487103326,0.19245278326761084,0.5572784362118985,324
V6,-222.5,Upper quintile,0.3419586928264314,0.197675112129813,0.5599556847230193,324
V6,-220.0,Upper quintile,0.3409681587942623,0.19550134722923132,0.5634841137513625,324
V6,-217.5,Upper quintile,0.3410032635388305,0.19586823224583552,0.5540091974236542,324
V6,-215.0,Upper quintile,0.3421871984093816,0.19877809902714932,0.5494035559869992,324
V6,-212.5,Upper quintile,0.34491166947417917,0.2015776614791025,0.5507847486040341,324
V6,-210.0,Upper quintile,0.34645286802655195,0.20460639000671765,0.5563424431449612,324
V6,-207.5,Upper quintile,0.3464137240539948,0.20301534368793778,0.5514311779743308,324
V6,-205.0,Upper quintile,0.34501066076417874,0.20545068403253816,0.5659074248320335,324
V6,-202.5,Upper quintile,0.3432823032151278,0.20366428793355756,0.5616507994418254,324
V6,-200.0,Upper quintile,0.34046219367400155,0.2043214868477324,0.5632844205245852,324
V6,-197.5,Upper quintile,0.3436461741953849,0.20468393739522014,0.5556910461051943,324
V6,-195.0,Upper quintile,0.3428750620728857,0.20075222425666295,0.5644211912631232,324
V6,-192.5,Upper quintile,0.3471692689703378,0.201919899433949,0.5678863984206672,324
V6,-190.0,Upper quintile,0.34998205913441527,0.20017695987904718,0.5726476872958264,324
V6,-187.5,Upper quintile,0.34935149918684905,0.20180342966049844,0.568229250190573,324
V6,-185.0,Upper quintile,0.3493959070661703,0.20259751522748673,0.5700253065856391,324
V6,-182.5,Upper quintile,0.3446240204182842,0.20116742716055191,0.576991587897736,324
V6,-180.0,Upper quintile,0.3431699885690409,0.20102130759106215,0.5753552948971004,324
V6,-177.5,Upper quintile,0.3378990051945053,0.2058463815535909,0.5756624044660994,324
V6,-175.0,Upper quintile,0.34894313840930624,0.20630444558419833,0.5749968959105453,324
V6,-172.5,Upper quintile,0.347172567425933,0.20641617462470085,0.5732782208989311,324
V6,-170.0,Upper quintile,0.34092258750351845,0.2064891705847176,0.5757701516573659,324
V6,-167.5,Upper quintile,0.3448942440609448,0.20816456908315006,0.5733396341112713,324
V6,-165.0,Upper quintile,0.3421075452138965,0.20724740127516664,0.5701787798545306,324
V6,-162.5,Upper quintile,0.3409023752453117,0.20407220042316432,0.5764299537694765,324
V6,-160.0,Upper quintile,0.3441913981346184,0.20239339636523807,0.5760386009424487,324
V6,-157.5,Upper quintile,0.34622472229074464,0.20233305428077303,0.5704610088006338,324
V6,-155.0,Upper quintile,0.3404578955257971,0.1991870910481275,0.5696275510743063,324
V6,-152.5,Upper quintile,0.34434163117233857,0.2008201583744067,0.5754485058367128,324
V6,-150.0,Upper quintile,0.34422030231118306,0.2017556992314289,0.5725352864471263,324
V6,-147.5,Upper quintile,0.34114365408560404,0.20078832289713922,0.566442234779472,324
V6,-145.0,Upper quintile,0.33938440605491144,0.19877799083494066,0.564011306639117,324
V6,-142.5,Upper quintile,0.3498048749910435,0.19591218453080247,0.570401255310813,324
V6,-140.0,Upper quintile,0.3435647330355429,0.1998319926910526,0.5703773569700705,324
V6,-137.5,Upper quintile,0.3478154138583114,0.19813088691910935,0.5716161890243521,324
V6,-135.0,Upper quintile,0.34724687055148784,0.1999590799495216,0.5755139863538793,324
V6,-132.5,Upper quintile,0.33842327421471674,0.19715619342571153,0.5694832679841926,324
V6,-130.0,Upper quintile,0.33434849314836707,0.19471513513828329,0.5673458556119886,324
V6,-127.5,Upper quintile,0.33541823343381694,0.19288962773841195,0.561055730994067,324
V6,-125.0,Upper quintile,0.3285649605313053,0.19429230068962594,0.5625269171686412,324
V6,-122.5,Upper quintile,0.3251520965845076,0.19297701430352154,0.5591992809504933,324
V6,-120.0,Upper quintile,0.3255251514400143,0.1884124453785163,0.5550813129762703,324
V6,-117.5,Upper quintile,0.3230421846245041,0.19103935942876427,0.5553578283062673,324
V6,-115.0,Upper quintile,0.32813041123372944,0.1892172701121121,0.5480210136773724,324
V6,-112.5,Upper quintile,0.32473020345632775,0.18569084012119738,0.5430106898828962,324
V6,-110.0,Upper quintile,0.32328918497650516,0.17923528055253182,0.5511610301092152,324
V6,-107.5,Upper quintile,0.32167081119456653,0.18344058777831362,0.5468325768978535,324
V6,-105.0,Upper quintile,0.32016563783267354,0.1807373220159007,0.5465279487164629,324
V6,-102.5,Upper quintile,0.32191806167283765,0.17962281961335472,0.5495263286433953,324
V6,-100.0,Upper quintile,0.3278913188713652,0.18477137369474989,0.5547902246980199,324
V6,-97.5,Upper quintile,0.321210098350858,0.1840445285665776,0.5496593341824627,324
V6,-95.0,Upper quintile,0.3152933171594138,0.18456426252703553,0.5627331919091713,324
V6,-92.5,Upper quintile,0.32155965413877274,0.18221012769245326,0.5748927893114939,324
V6,-90.0,Upper quintile,0.32077078970911443,0.1843962476009147,0.5771299566894253,324
V6,-87.5,Upper quintile,0.3231641719283323,0.18667113941919483,0.573855383723212,324
V6,-85.0,Upper quintile,0.33604669580704816,0.1856394045170188,0.5768445744302638,324
V6,-82.5,Upper quintile,0.341127873320223,0.18323118464294041,0.5799095608680813,324
V6,-80.0,Upper quintile,0.36040773991717806,0.18940640790055502,0.5767670291447904,324
V6,-77.5,Upper quintile,0.3680469274383361,0.19275300476905977,0.5807542042948867,324
V6,-75.0,Upper quintile,0.3748016910924241,0.19852569069429818,0.5909666102348702,324
V6,-72.5,Upper quintile,0.3882336348172222,0.20189695704409297,0.5994109692958123,324
V6,-70.0,Upper quintile,0.3976724267215601,0.19909487627013298,0.6005903367899438,324
V6,-67.5,Upper quintile,0.4226559035541446,0.20545091008401137,0.620673754601716,324
V6,-65.0,Upper quintile,0.432279792749265,0.20888806451786654,0.6372391842805438,324
V6,-62.5,Upper quintile,0.429492279268063,0.20950666885695857,0.6531441724406334,324
V6,-60.0,Upper quintile,0.4461166401333362,0.21041545096825862,0.6792499497080382,324
V6,-57.5,Upper quintile,0.4572502790272157,0.20856365017403145,0.6909556389515665,324
V6,-55.0,Upper quintile,0.45854172567827145,0.23898410515130267,0.7107346210849077,324
V6,-52.5,Upper quintile,0.4676575039669472,0.23768157733564574,0.7108425048902559,324
V6,-50.0,Upper quintile,0.48516438512288407,0.24987240653270665,0.6996738604272847,324
V6,-47.5,Upper quintile,0.4839842603519813,0.25075499686502334,0.7250733711268176,324
V6,-45.0,Upper quintile,0.5026873738229947,0.27559906995613237,0.7474716083251884,324
V6,-42.5,Upper quintile,0.5198010656966195,0.2671842879505283,0.7562234727575318,324
V6,-40.0,Upper quintile,0.5393648984069899,0.2728391444211111,0.7714483009805672,324
V6,-37.5,Upper quintile,0.557720683043832,0.27734161628612647,0.8036815483619468,324
V6,-35.0,Upper quintile,0.5682194145351089,0.29433727167198037,0.8330595266753362,324
V6,-32.5,Upper quintile,0.5655911564787772,0.3081010169814787,0.8459398927331725,324
V6,-30.0,Upper quintile,0.5904169560369193,0.30955666479378874,0.8432152013814372,324
V6,-27.5,Upper quintile,0.5920939466471905,0.32763644341414677,0.8667209922457513,324
V6,-25.0,Upper quintile,0.6143985067092891,0.34251820794329624,0.8785378069464614,324
V6,-22.5,Upper quintile,0.6171784487311469,0.33755370320601685,0.8812454954924414,324
V6,-20.0,Upper quintile,0.6462683574035322,0.34734171997665253,0.8848736708428435,324
V6,-17.5,Upper quintile,0.6519007894412908,0.34138346419121446,0.8807541767775875,324
V6,-15.0,Upper quintile,0.6561985537899475,0.3008263043319379,0.8741064714094856,324
V6,-12.5,Upper quintile,0.6692769772847171,0.24825681711124323,0.8875491246256919,324
V6,-10.0,Upper quintile,0.6623299777405698,0.22667488905504182,0.8833653638986433,324
V6,-7.5,Upper quintile,0.6200076996848605,0.21311601103199945,0.8898658616184605,324
V6,-5.0,Upper quintile,0.6185959474271179,0.19359930086996893,0.8929166459493099,324
V6,-2.5,Upper quintile,0.5634697489587237,0.153457131806452,0.8774022819418427,324
V6,0.0,Upper quintile,0.5423737834573714,0.14350090161889023,0.8524485956980526,324
V6,2.5,Upper quintile,0.4906242395809277,0.1364042886100133,0.8023165766881011,324
V6,5.0,Upper quintile,0.4237586986200106,0.12545434986953705,0.7395592037327352,324
V6,7.5,Upper quintile,0.38214582315219026,0.11069935514490283,0.6672581552868191,324
V6,10.0,Upper quintile,0.31137826624694187,0.10075791386275958,0.5875708545815534,324
V6,12.5,Upper quintile,0.2535857574259022,0.08123466837907807,0.5528002499533787,324
V6,15.0,Upper quintile,0.2230431970362649,0.07426434462323182,0.5122196082825857,324
V6,17.5,Upper quintile,0.19785919226748994,0.07076672788678465,0.4214600475115043,324
V6,20.0,Upper quintile,0.1750489454935712,0.06162335101352177,0.3621586829910416,324
V6,22.5,Upper quintile,0.17564383033117986,0.052491161647389165,0.35552572545115163,324
V6,25.0,Upper quintile,0.16187528567034185,0.04428357166850907,0.33346104134153554,324
V6,27.5,Upper quintile,0.17055566566315272,0.04949729445149943,0.3390484989361041,324
V6,30.0,Upper quintile,0.17306944133285712,0.051329522651630266,0.3466345648760915,324
V6,32.5,Upper quintile,0.17550605707930192,0.05767547415886805,0.3614316182634195,324
V6,35.0,Upper quintile,0.1837827249772327,0.06714675095809719,0.3525785351689611,324
V6,37.5,Upper quintile,0.19402088356980457,0.07483158256890744,0.3635640856728144,324
V6,40.0,Upper quintile,0.19928524254949198,0.09063715319541488,0.36925045749235547,324
V6,42.5,Upper quintile,0.20453753410576034,0.09596774551722285,0.36900875137162886,324
V6,45.0,Upper quintile,0.21822776730455173,0.09917717534082035,0.37917761824868396,324
V6,47.5,Upper quintile,0.22579412767897666,0.11519890395917447,0.38698934207396624,324
V6,50.0,Upper quintile,0.23108906990045405,0.11291433395954159,0.4095564218682758,324
V6,52.5,Upper quintile,0.23597625562211907,0.11773176092633664,0.4104291751214485,324
V6,55.0,Upper quintile,0.24102007372597278,0.12168749841038526,0.42253521353113865,324
V6,57.5,Upper quintile,0.2501969278591301,0.12856136863326004,0.4483331398727439,324
V6,60.0,Upper quintile,0.25517959448926686,0.12949690208495518,0.4631184047140343,324
V6,62.5,Upper quintile,0.2557178986395826,0.13260633773656705,0.47571541708848863,324
V6,65.0,Upper quintile,0.26556430522384705,0.14045268613358874,0.48333174996791733,324
V6,67.5,Upper quintile,0.27714944758565185,0.14663383680790812,0.4896449739159921,324
V6,70.0,Upper quintile,0.2775300982487786,0.14878745404386004,0.49700806683360976,324
V6,72.5,Upper quintile,0.28270951716890486,0.15682055671321382,0.509705483512037,324
V6,75.0,Upper quintile,0.2890516923344356,0.15910202478282684,0.5176186258928457,324
V6,77.5,Upper quintile,0.2937168889820106,0.15966939878533457,0.5239196444634928,324
V6,80.0,Upper quintile,0.2996920885001497,0.16544449522301186,0.5337513637743985,324
V6,82.5,Upper quintile,0.2976748605359454,0.17584616627072386,0.5385962894102287,324
V6,85.0,Upper quintile,0.3001180044710684,0.17336855750716534,0.542541571577346,324
V6,87.5,Upper quintile,0.3033738653926248,0.17567213755691724,0.5480270754097774,324
V6,90.0,Upper quintile,0.2996576006902229,0.17519981095637158,0.5575216394762073,324
V6,92.5,Upper quintile,0.30675139493430553,0.1770880243325566,0.5694209276477206,324
V6,95.0,Upper quintile,0.3101755762560682,0.17745908987411033,0.5675376949982245,324
V6,97.5,Upper quintile,0.31572242476696927,0.17603241568830189,0.5683176188791073,324
V6,100.0,Upper quintile,0.32179215981315046,0.17745675375637626,0.5670319240442504,324
V6,102.5,Upper quintile,0.32032084143649087,0.17829649804839226,0.5659541406453281,324
V6,105.0,Upper quintile,0.319612357836304,0.17609751832897647,0.5673754895969293,324
V6,107.5,Upper quintile,0.3211402335232946,0.1743315062401048,0.5710956660881612,324
V6,110.0,Upper quintile,0.3230195413701529,0.17484513614051106,0.5672394025465225,324
V6,112.5,Upper quintile,0.3252207070122274,0.17754182255540435,0.5697242271448304,324
V6,115.0,Upper quintile,0.33016829631667666,0.17487549159216756,0.5728182995796182,324
V6,117.5,Upper quintile,0.33484403028236587,0.176058039124343,0.57361970898932,324
V6,120.0,Upper quintile,0.33445624659917317,0.17702351360406857,0.5777714113305301,324
V6,122.5,Upper quintile,0.33165082350917136,0.17751416974035072,0.580217572089295,324
V6,125.0,Upper quintile,0.33530063433012386,0.17966833940183813,0.5786636926376794,324
V6,127.5,Upper quintile,0.33441084373595575,0.17433773377688613,0.5808501822711333,324
V6,130.0,Upper quintile,0.3364669359824086,0.17098484630391292,0.584673788141528,324
V6,132.5,Upper quintile,0.33443878893852197,0.1750858527508305,0.5842595571932061,324
V6,135.0,Upper quintile,0.330591608906932,0.17218385282834306,0.5827518891826343,324
V6,137.5,Upper quintile,0.3341605895392221,0.1713601885587903,0.5934124726455865,324
V6,140.0,Upper quintile,0.33877303865108965,0.1730163172517395,0.5953885034767186,324
V6,142.5,Upper quintile,0.33591118965668065,0.17040509375628518,0.5893487184245119,324
V6,145.0,Upper quintile,0.3349851280104991,0.17149332534582495,0.5940265009589085,324
V6,147.5,Upper quintile,0.3351244623921714,0.17195925241306428,0.6024673201690645,324
V6,150.0,Upper quintile,0.3321725213632015,0.1713463521704344,0.6049094277545453,324
V6,152.5,Upper quintile,0.3372961231302879,0.16910042978571038,0.5995454098309756,324
V6,155.0,Upper quintile,0.3394802350590068,0.16797371568201677,0.6045168598101425,324
V6,157.5,Upper quintile,0.34415462257458695,0.16818429085101635,0.6051144584020991,324
V6,160.0,Upper quintile,0.34519705846228,0.1682898728054262,0.6006491378364558,324
V6,162.5,Upper quintile,0.3434103631553016,0.1659942146420741,0.6028582176487098,324
V6,165.0,Upper quintile,0.34322868022629016,0.16892581968574677,0.6074917534667639,324
V6,167.5,Upper quintile,0.3442483979314367,0.1726195671127383,0.6084266521073473,324
V6,170.0,Upper quintile,0.3473809350387658,0.1691152989796333,0.6091010033848219,324
V6,172.5,Upper quintile,0.34989240607143657,0.16674402832973384,0.6134268039289822,324
V6,175.0,Upper quintile,0.3537847331191364,0.1693825808118739,0.6208905173496151,324
V6,177.5,Upper quintile,0.35967436876525544,0.17012113250546365,0.6220084791991596,324
V6,180.0,Upper quintile,0.3636705818648329,0.16876677823444358,0.6212028732939575,324
V6,182.5,Upper quintile,0.3651346835035356,0.1706987090781871,0.6259436514806551,324
V6,185.0,Upper quintile,0.36901909885683093,0.1711188901971228,0.6223575387416793,324
V6,187.5,Upper quintile,0.3689709068125535,0.16667222424575928,0.6271087840905862,324
V6,190.0,Upper quintile,0.3690211588285731,0.16621627295144353,0.6204229066322593,324
V6,192.5,Upper quintile,0.3707105945229884,0.16780109954763672,0.6219545263857712,324
V6,195.0,Upper quintile,0.37089704837943716,0.16577740212767658,0.6260497577648567,324
V6,197.5,Upper quintile,0.3745532205070864,0.16615664464873187,0.6341523560190775,324
V6,200.0,Upper quintile,0.3771403238451698,0.1637164890723825,0.6471905269450969,324
V6,202.5,Upper quintile,0.38354648549564885,0.1662403563082385,0.6353366284229169,324
V6,205.0,Upper quintile,0.38567190225699,0.1627658188222797,0.6328218111599395,324
V6,207.5,Upper quintile,0.3923094805845484,0.16913881451369764,0.6401561438910868,324
V6,210.0,Upper quintile,0.3999612640895238,0.16837678608059112,0.6355626096413726,324
V6,212.5,Upper quintile,0.40008112834833415,0.17234977014510278,0.6389650222180769,324
V6,215.0,Upper quintile,0.40440275289986305,0.1717769992777292,0.6377775496063802,324
V6,217.5,Upper quintile,0.4033349330433499,0.17050201395159387,0.6367995335600123,324
V6,220.0,Upper quintile,0.40448477147531103,0.170110994821785,0.6403294879475181,324
V6,222.5,Upper quintile,0.3990656816166084,0.17226168976394363,0.6371353284491541,324
V6,225.0,Upper quintile,0.4021571124017005,0.1703335970103449,0.6529032938172253,324
V6,227.5,Upper quintile,0.40385352967595023,0.16893897084567389,0.6387145140618901,324
V6,230.0,Upper quintile,0.4081684999368989,0.17283004709282726,0.6416714775170295,324
V6,232.5,Upper quintile,0.41603729542618806,0.18076604508716954,0.6520189296643388,324
V6,235.0,Upper quintile,0.41395940085710703,0.18646273858479895,0.6597416373930014,324
V6,237.5,Upper quintile,0.4182091656087574,0.17955593013602256,0.668940389827182,324
V6,240.0,Upper quintile,0.41780256444524977,0.18311523643554228,0.6659702640971902,324
V6,242.5,Upper quintile,0.41595371300681394,0.18491321182856085,0.6618095807929807,324
V6,245.0,Upper quintile,0.41854890464778965,0.18301784107440455,0.6742888919030007,324
V6,247.5,Upper quintile,0.4189196810072773,0.1863590841429863,0.6815656166712641,324
V6,250.0,Upper quintile,0.4184475608151351,0.19205640646119948,0.6684160140735235,324
V6,252.5,Upper quintile,0.41959897751517544,0.19106632126936537,0.6899294129383965,324
V6,255.0,Upper quintile,0.41815144821651673,0.19437262655307203,0.6772781733325777,324
V6,257.5,Upper quintile,0.42093308127322915,0.19350772245667558,0.6866360564053168,324
V6,260.0,Upper quintile,0.4219771495392224,0.192516039993411,0.6913027068576819,324
V6,262.5,Upper quintile,0.4221849353414977,0.19277762310348737,0.6818041052836241,324
V6,265.0,Upper quintile,0.4163875972561798,0.1942468185507117,0.6786705148703015,324
V6,267.5,Upper quintile,0.4175826910173249,0.19537805780067424,0.6752080138043182,324
V6,270.0,Upper quintile,0.4195249505324462,0.19898252445871212,0.6797400297750715,324
V6,272.5,Upper quintile,0.4212099935541216,0.20302428998274855,0.6743593160204073,324
V6,275.0,Upper quintile,0.4181599935361221,0.20776898017365153,0.6709934677836802,324
V6,277.5,Upper quintile,0.42266152815774816,0.2080502230278071,0.6627447977308483,324
V6,280.0,Upper quintile,0.4180503475062912,0.20973541650394445,0.6630251896459685,324
V6,282.5,Upper quintile,0.41144264751008924,0.21486389335353365,0.6635097172159587,324
V6,285.0,Upper quintile,0.4107391947411573,0.2158984581728662,0.6642778219094414,324
V6,287.5,Upper quintile,0.4089582966070946,0.21565592303863135,0.6599620660095563,324
V6,290.0,Upper quintile,0.40633227616217116,0.21441478081690782,0.657327992863426,324
V6,292.5,Upper quintile,0.4082593636911404,0.21195894092177311,0.6597887217640468,324
V6,295.0,Upper quintile,0.4003603475169618,0.2111357027966317,0.6600031154766278,324
V6,297.5,Upper quintile,0.40153202228062046,0.2109496167146218,0.6579259797817606,324
V6,300.0,Upper quintile,0.402698969374934,0.21272658658172233,0.6482966606299849,324
V6,302.5,Upper quintile,0.4033082162364078,0.2099912048775339,0.6500180059969632,324
V6,305.0,Upper quintile,0.4040595813132407,0.20906308365758128,0.6545279822090296,324
V6,307.5,Upper quintile,0.39770554601923624,0.2017306144261817,0.6492776677612524,324
V6,310.0,Upper quintile,0.3940579363604606,0.2046810522813219,0.6443575272229132,324
V6,312.5,Upper quintile,0.398471645730774,0.20134858622766413,0.6452350158747,324
V6,315.0,Upper quintile,0.3938655119493643,0.2062910541189335,0.6409944135185376,324
V6,317.5,Upper quintile,0.3933892143679187,0.20287057650555612,0.6381402320046409,324
V6,320.0,Upper quintile,0.39308920004242587,0.19711680496532288,0.6388367145350378,324
V6,322.5,Upper quintile,0.3905433674877479,0.19673848392872426,0.6346802093220999,324
V6,325.0,Upper quintile,0.38534625343846507,0.2075456585277735,0.632444203191676,324
V6,327.5,Upper quintile,0.38057260491651,0.20576564761413352,0.6332914424964694,324
V6,330.0,Upper quintile,0.3889144911389979,0.19776291683690533,0.6273852725647606,324
V6,332.5,Upper quintile,0.3832508325649259,0.19892394799535673,0.6226149038378559,324
V6,335.0,Upper quintile,0.38664068087194664,0.19577322807913533,0.613788467621489,324
V6,337.5,Upper quintile,0.38540849329955873,0.19025444034270714,0.6136326166510013,324
V6,340.0,Upper quintile,0.38724190457632135,0.1905098908316436,0.6137756779517405,324
V6,342.5,Upper quintile,0.38560729782541525,0.19789205477640395,0.6147581634579301,324
V6,345.0,Upper quintile,0.3873159641701175,0.1956791855696397,0.6165412274359698,324
V6,347.5,Upper quintile,0.3764304618787726,0.1985555896575469,0.6162569802029629,324
V6,350.0,Upper quintile,0.37957030463535224,0.1998877056820731,0.610320019112208,324
V6,352.5,Upper quintile,0.3677708924592794,0.20651099019496996,0.6134826842353469,324
V6,355.0,Upper quintile,0.3692573800423281,0.20855390207061927,0.6169985472308726,324
V6,357.5,Upper quintile,0.3694403703239934,0.20545136828618746,0.612689230264734,324
V6,360.0,Upper quintile,0.3734139751940424,0.20918707954853152,0.6107490667998439,324
V6,362.5,Upper quintile,0.3684766449064567,0.21077170069863777,0.6073821757797127,324
V6,365.0,Upper quintile,0.36542469363663077,0.2110559424771546,0.6088420702575988,324
V6,367.5,Upper quintile,0.3663677611637246,0.21225804629557005,0.6155321750244492,324
V6,370.0,Upper quintile,0.36103820392455177,0.21103815008106766,0.6161683179415182,324
V6,372.5,Upper quintile,0.35549097119003514,0.20568805336463492,0.6242041786506523,324
V6,375.0,Upper quintile,0.3570200297601014,0.20268691328924388,0.6129824550044117,324
V6,377.5,Upper quintile,0.3578757562630802,0.2088106554216414,0.6086280498034244,324
V6,380.0,Upper quintile,0.35974705817917507,0.20308592555843558,0.6104609653311819,324
V6,382.5,Upper quintile,0.35969813843039455,0.19982083199017228,0.6120799319573107,324
V6,385.0,Upper quintile,0.3626446363803957,0.19918495920938037,0.6053222588661572,324
V6,387.5,Upper quintile,0.360526230260932,0.2015987607282725,0.6036672927447032,324
V6,390.0,Upper quintile,0.3610458567920741,0.19711529235155772,0.6084670436929992,324
V6,392.5,Upper quintile,0.36074075405961137,0.20023093605771936,0.6085614682651039,324
V6,395.0,Upper quintile,0.3587718903466306,0.1993777801931006,0.6081567911791046,324
V6,397.5,Upper quintile,0.35854979446286317,0.19855413332593191,0.6077789469865464,324
V6,400.0,Upper quintile,0.3611977422140712,0.19774819201150592,0.6057753702667619,324
V6,402.5,Upper quintile,0.3604547784843396,0.20217841422213595,0.6029250865443637,324
V6,405.0,Upper quintile,0.3534605414402645,0.20049569568292452,0.6002851971719367,324
V6,407.5,Upper quintile,0.3506923191901268,0.19849460691740856,0.603013471255216,324
V6,410.0,Upper quintile,0.35641751736419947,0.19685960944387423,0.6026427877596174,324
V6,412.5,Upper quintile,0.3481033400603777,0.20163717087572705,0.6048716939844498,324
V6,415.0,Upper quintile,0.35256102933825073,0.20008210693568285,0.6001925574427229,324
V6,417.5,Upper quintile,0.355019566862936,0.20051487006365984,0.5912791919443815,324
V6,420.0,Upper quintile,0.3514793498907762,0.20382884308207744,0.5876098787342551,324
V6,422.5,Upper quintile,0.34847928835095543,0.20206974472732264,0.5963035456411027,324
V6,425.0,Upper quintile,0.35230099886904653,0.19604415814850498,0.5945033367076162,324
V6,427.5,Upper quintile,0.3490844423445315,0.20336409701211974,0.5842735820169733,324
V6,430.0,Upper quintile,0.348534033693319,0.20018480822879642,0.5840866982695179,324
V6,432.5,Upper quintile,0.3525266588299073,0.19939240857627588,0.5879031139253503,324
V6,435.0,Upper quintile,0.35023273291577695,0.20090196432517582,0.5919197594939746,324
V6,437.5,Upper quintile,0.34898740898339997,0.19857809618010144,0.5900641667057889,324
V6,440.0,Upper quintile,0.34848187988511997,0.19626120420577128,0.5930095479150355,324
V6,442.5,Upper quintile,0.34754059818063504,0.19545110560177836,0.5977055852069799,324
V6,445.0,Upper quintile,0.3473800549353673,0.19703992080967989,0.5936962850224563,324
V6,447.5,Upper quintile,0.3502178489562271,0.1947868166974432,0.5888355035654611,324
V6,450.0,Upper quintile,0.3514581768074252,0.18824478828498997,0.607799189095312,324
V6,452.5,Upper quintile,0.3508019065473449,0.19619114613993732,0.6057403289899985,324
V6,455.0,Upper quintile,0.3513712404213044,0.1971625300382453,0.5991030347564043,324
V6,457.5,Upper quintile,0.3497785989424518,0.19086136271404974,0.5951740552827016,324
V6,460.0,Upper quintile,0.35153479180587377,0.19613432335045114,0.6012557045111933,324
V6,462.5,Upper quintile,0.3495280867970566,0.19549068273922993,0.5996199367924592,324
V6,465.0,Upper quintile,0.34886673312521016,0.19680300588915528,0.5930530964751032,324
V6,467.5,Upper quintile,0.350236465944331,0.19878621762368356,0.5927230754809947,324
V6,470.0,Upper quintile,0.34764084895744296,0.20009336556530136,0.5919992182118321,324
V6,472.5,Upper quintile,0.3477114559856067,0.197270564723531,0.594981586319632,324
V6,475.0,Upper quintile,0.3470343984850932,0.19659876809418297,0.5950817404436457,324
V6,477.5,Upper quintile,0.34519251499699233,0.19870244210347565,0.5969139099091427,324
V6,480.0,Upper quintile,0.35030097494544504,0.19902444726111504,0.59468661300792,324
V6,482.5,Upper quintile,0.35163377734786144,0.19722293450123124,0.5950724946636674,324
V6,485.0,Upper quintile,0.35273851367366615,0.20172300601407364,0.5958981136301502,324
V6,487.5,Upper quintile,0.3531491606466798,0.20516307993598956,0.5999348904705467,324
V6,490.0,Upper quintile,0.35565873237549783,0.20286467088129023,0.5997570925179693,324
V6,492.5,Upper quintile,0.35708701220533684,0.20105843364651266,0.6026123038639992,324
V6,495.0,Upper quintile,0.3562766797957739,0.20363507732951874,0.599294392848219,324
V6,497.5,Upper quintile,0.3553681736196259,0.20261890669633875,0.5997522257491447,324
